seg_id,ticker_raw,seg_start,seg_end,price_symbol,price_cover,price_warmup,price_first,price_last,cik,sec_name,earnings_in_window,sec_candidates
AABA__0,AABA,2016-01-01,2017-06-19,AABA,0.963,True,2015-01-02,2019-10-02,1011006.0,ALTABA INC.,6,
ADS__1,ADS,2016-01-01,2020-06-22,ADS,0.964,True,2015-01-02,2022-04-01,1101215.0,"BREAD FINANCIAL HOLDINGS, INC.",18,
ADT__2,ADT,2016-01-01,2016-05-02,ADT_old,0.943,True,2015-01-02,2016-04-29,1546640.0,ADT Corp,2,
AET__3,AET,2016-01-01,2018-11-29,AET,0.964,True,2015-01-02,2018-11-28,1122304.0,AETNA INC /PA/,13,
AGN__4,AGN,2016-01-01,2020-05-12,AGN,0.962,True,2015-01-02,2020-05-08,1578845.0,Allergan plc,26,
ALXN__5,ALXN,2016-01-01,2021-07-21,ALXN,0.964,True,2015-01-02,2021-07-21,899866.0,"ALEXION PHARMACEUTICALS, INC.",26,
ANDV__6,ANDV,2016-01-01,2018-10-01,ANDV,0.964,True,2015-01-02,2018-09-28,50104.0,ANDEAVOR LLC,11,
ANTM__7,ANTM,2016-01-01,2022-06-28,ELV,0.965,True,2015-01-02,2026-10-02,1156039.0,"Elevance Health, Inc.",28,
APC__8,APC,2016-01-01,2019-08-09,APC_old,0.963,True,2015-01-02,2019-08-08,773910.0,ANADARKO PETROLEUM CORP,15,
ARG__9,ARG,2016-01-01,2016-05-23,ARG,0.951,True,2015-01-02,2016-05-20,804212.0,AIRGAS INC,1,
ARNC__10,ARNC,2016-01-01,2020-04-06,HWM,0.775,False,2016-11-01,2026-10-02,4281.0,Howmet Aerospace Inc.,24,
BCR__11,BCR,2016-01-01,2017-12-29,BCR,0.964,True,2015-01-02,2017-12-28,9892.0,BARD C R INC /NJ/,8,
BHGE__12,BHGE,2016-01-01,2017-07-05,BHI,0.959,True,2015-01-02,2017-07-03,808362.0,Baker Hughes Holdings LLC,8,
BHGE__13,BHGE,2017-07-05,2019-10-18,BKR,0.967,True,2015-01-02,2026-10-02,1701605.0,Baker Hughes Co,11,
BLL__14,BLL,2016-01-01,2022-05-10,BALL,0.965,True,2015-01-02,2026-10-02,9389.0,BALL Corp,26,
BRCM__15,BRCM,2016-01-01,2016-02-01,BRCM,0.864,True,2015-01-02,2016-01-29,1054374.0,BROADCOM CORP,1,
BXLT__16,BXLT,2016-01-01,2016-06-03,BXLT,0.946,False,2015-07-01,2016-06-02,1620546.0,Baxalta Inc,2,
CA__17,CA,2016-01-01,2018-11-06,CA_old,0.965,True,2015-01-02,2018-11-05,356028.0,"CA, INC.",11,
CAM__18,CAM,2016-01-01,2016-04-04,CAM_old,0.925,True,2015-01-02,2016-04-01,941548.0,CAMERON INTERNATIONAL CORP,1,
CBS__19,CBS,2016-01-01,2019-12-05,CBS,0.964,True,2015-01-02,2019-12-04,813828.0,Paramount Global,18,
CCE__20,CCE,2016-01-01,2016-05-31,CCE,0.954,True,2015-01-02,2018-11-09,1491675.0,"COCA-COLA EUROPEAN PARTNERS US, LLC",2,
CCEP__21,CCEP,2016-01-04,2016-05-31,CCEP,0.963,True,2015-01-02,2026-10-02,1491675.0,"COCA-COLA EUROPEAN PARTNERS US, LLC",2,
CDAY__22,CDAY,2021-09-20,2024-02-01,DAY,0.963,True,2018-04-26,2026-02-04,1725057.0,"Dayforce, Inc.",11,
CELG__23,CELG,2016-01-01,2019-11-21,CELG,0.965,True,2015-01-02,2019-11-20,816284.0,CELGENE CORP /DE/,21,
CERN__24,CERN,2016-01-01,2022-06-08,CERN,0.965,True,2015-01-02,2022-06-08,804753.0,CERNER Corp,27,
COG__25,COG,2016-01-01,2021-10-04,CTRA,0.965,True,2015-01-02,2026-05-07,858470.0,Coterra Energy Inc.,29,
COL__26,COL,2016-01-01,2018-11-27,COL,0.964,True,2015-01-02,2018-11-26,1137411.0,ROCKWELL COLLINS INC,11,
CPGX__27,CPGX,2016-01-01,2016-07-01,CPGX,0.954,False,2015-07-02,2016-06-30,1629995.0,"Columbia Pipeline Group, Inc.",3,
CSRA__28,CSRA,2016-01-01,2018-04-04,CSRA_old,0.961,False,2015-11-16,2018-04-03,1646383.0,CSRA Inc.,7,
CTL__29,CTL,2016-01-01,2020-09-18,LUMN,0.964,True,2015-01-02,2026-10-02,18926.0,"Lumen Technologies, Inc.",20,
CVC__30,CVC,2016-01-01,2016-06-21,CVC,0.951,True,2015-01-02,2016-06-20,784681.0,CSC HOLDINGS LLC,3,
CXO__31,CXO,2016-02-22,2021-01-21,CXO,0.963,True,2015-01-02,2021-01-19,1358071.0,CONCHO RESOURCES INC,27,
DAY__32,DAY,2024-02-01,2026-02-09,DAY,0.955,True,2018-04-26,2026-02-04,1725057.0,"Dayforce, Inc.",8,
DISCA__33,DISCA,2016-01-01,2022-04-11,DISCA,0.965,True,2015-01-02,2022-04-08,1437107.0,"Warner Bros. Discovery, Inc.",27,
DISCK__34,DISCK,2016-01-01,2022-04-11,DISCK,0.965,True,2015-01-02,2022-04-08,1437107.0,"Warner Bros. Discovery, Inc.",27,
DNB__35,DNB,2016-01-01,2017-04-05,DNB_old,0.964,True,2015-01-02,2019-02-07,1115222.0,DUN & BRADSTREET CORP/NW,7,
DO__36,DO,2016-01-01,2016-10-03,DO_old,0.964,True,2015-01-02,2020-04-29,949039.0,"DIAMOND OFFSHORE DRILLING, INC.",5,
DOW__37,DOW,2016-01-01,2017-09-01,DOW_old,0.963,True,2015-01-02,2017-08-31,29915.0,DOW CHEMICAL CO /DE/,7,
DOW__38,DOW,2019-04-02,2026-10-02,DOW,0.963,False,2019-03-20,2026-10-02,1751788.0,DOW INC.,29,
DWDP__39,DWDP,2017-09-01,2019-06-03,DD,0.961,True,2015-01-02,2026-10-02,1666700.0,"DuPont de Nemours, Inc.",9,
EMC__40,EMC,2016-01-01,2016-09-07,EMC_old,0.955,True,2015-01-02,2016-09-06,790070.0,EMC CORP,3,
ENDP__41,ENDP,2016-01-01,2017-03-02,ENDP,0.961,True,2015-01-02,2022-10-27,1593034.0,Endo International plc,6,
ESRX__42,ESRX,2016-01-01,2018-12-21,ESRX,0.964,True,2015-01-02,2018-12-20,1532063.0,Express Scripts Holding Co.,12,
ESV__43,ESV,2016-01-01,2016-03-30,ESV,0.938,True,2015-01-02,2019-07-30,314808.0,Valaris Ltd,3,
ETFC__44,ETFC,2016-01-01,2020-10-07,ETFC,0.962,True,2015-01-02,2020-10-02,1015780.0,E TRADE FINANCIAL CORP,19,
EVHC__45,EVHC,2016-12-02,2018-10-11,EVHC,0.963,True,2015-01-02,2018-10-10,1678531.0,Envision Healthcare Corp,9,
FB__46,FB,2016-01-01,2022-06-09,META,0.965,True,2015-01-02,2026-10-02,1326801.0,"Meta Platforms, Inc.",27,
FI__47,FI,2023-06-07,2025-11-11,FISV,0.962,True,2015-01-02,2026-10-02,798354.0,FISERV INC,13,
FLIR__48,FLIR,2016-01-01,2021-05-14,FLIR,0.964,True,2015-01-02,2021-05-17,354908.0,"Teledyne FLIR, LLC",24,
FOX__49,FOX,2016-01-01,2019-03-19,TFCF,0.963,True,2015-01-02,2019-03-20,1308161.0,"TWENTY-FIRST CENTURY FOX, INC.",14,
FOX__50,FOX,2019-03-19,2026-10-02,FOX,0.963,False,2019-03-13,2026-10-02,1754301.0,Fox Corp,31,
FOXA__51,FOXA,2016-01-01,2019-03-19,TFCFA,0.963,True,2015-01-02,2019-03-20,1308161.0,"TWENTY-FIRST CENTURY FOX, INC.",14,
FOXA__52,FOXA,2019-03-19,2026-10-02,FOXA,0.963,False,2019-03-12,2026-10-02,1754301.0,Fox Corp,31,
FRC__53,FRC,2019-01-02,2023-05-04,FRCB,0.966,True,2015-01-02,2026-10-02,,,0,4.0
FTR__54,FTR,2016-01-01,2017-03-20,FTR,0.962,True,2015-01-02,2020-04-29,20520.0,"Frontier Communications Parent, Inc.",6,
GAS__55,GAS,2016-01-01,2016-07-01,GAS,0.954,True,2015-01-02,2016-06-30,1004155.0,SOUTHERN CO GAS,3,
GGP__56,GGP,2016-01-01,2018-08-28,GGP,0.964,True,2015-01-02,2018-08-27,1496048.0,Brookfield Property REIT Inc.,12,
GMCR__57,GMCR,2016-01-01,2016-03-03,GMCR,0.911,True,2015-01-02,2016-03-02,909954.0,"KEURIG GREEN MOUNTAIN, INC.",1,
HAR__58,HAR,2016-01-01,2017-03-13,HAR,0.958,True,2015-01-02,2017-03-10,800459.0,HARMAN INTERNATIONAL INDUSTRIES INC /DE/,5,
HCP__59,HCP,2016-01-01,2019-11-05,DOC,0.965,True,2015-01-02,2026-10-02,765880.0,"HEALTHPEAK PROPERTIES, INC.",17,
HFC__60,HFC,2018-06-18,2021-06-04,HFC,0.964,True,2015-01-02,2022-03-14,48039.0,HollyFrontier Corp,14,
HOT__61,HOT,2016-01-01,2016-09-23,HOT,0.963,True,2015-01-02,2017-03-20,316206.0,"STARWOOD HOTELS & RESORTS WORLDWIDE, LLC",3,
HRS__62,HRS,2016-01-01,2019-05-31,LHX,0.963,True,2015-01-02,2026-10-02,202058.0,"L3HARRIS TECHNOLOGIES, INC. /DE/",17,
INFO__63,INFO,2017-06-02,2022-03-02,INFO_old1,0.963,True,2015-01-02,2022-02-25,1598014.0,IHS Markit Ltd.,19,
IR__64,IR,2016-01-01,2020-03-02,TT,0.963,True,2015-01-02,2026-10-02,1466258.0,Trane Technologies plc,17,
IR__65,IR,2020-03-02,2026-10-02,IR,0.963,True,2017-05-12,2026-10-02,1699150.0,Ingersoll Rand Inc.,28,
JEC__66,JEC,2016-01-01,2019-12-10,J,0.965,True,2015-01-02,2026-10-02,52988.0,JACOBS SOLUTIONS INC.,20,
KORS__67,KORS,2016-01-01,2018-09-19,CPRI,0.965,True,2015-01-02,2026-10-02,1530721.0,Capri Holdings Ltd,12,
KSU__68,KSU,2016-01-01,2021-12-14,KSU,0.965,True,2015-01-02,2021-12-14,54480.0,KANSAS CITY SOUTHERN,24,
LB__69,LB,2016-01-01,2021-08-03,BBWI,0.964,True,2015-01-02,2026-10-02,701985.0,"Bath & Body Works, Inc.",47,
LLL__70,LLL,2016-01-01,2019-07-01,LLL_old,0.963,True,2015-01-02,2019-06-28,1039101.0,"L3 TECHNOLOGIES, INC.",14,
LLTC__71,LLTC,2016-01-01,2017-03-13,LLTC,0.958,True,2015-01-02,2017-03-10,791907.0,LINEAR TECHNOLOGY CORP /CA/,5,
LM__72,LM,2016-01-01,2016-12-02,LM,0.967,True,2015-01-02,2020-07-31,704051.0,"LEGG MASON, INC.",4,
LVLT__73,LVLT,2016-01-01,2017-10-13,LVLT,0.966,True,2015-01-02,2017-10-31,794323.0,"Level 3 Parent, LLC",7,
MJN__74,MJN,2016-01-01,2017-06-15,MJN,0.961,True,2015-01-02,2017-06-14,1452575.0,Mead Johnson Nutrition Co,6,
MNK__75,MNK,2016-01-01,2017-07-26,MNKKQ,0.963,True,2015-01-02,2022-07-12,1567892.0,Keenova Therapeutics plc,9,
MON__76,MON,2016-01-01,2018-06-07,MON_old,0.962,True,2015-01-02,2018-06-06,1110783.0,MONSANTO CO /NEW/,12,
MXIM__77,MXIM,2018-12-03,2021-08-30,MXIM,0.961,True,2015-01-02,2021-08-26,743316.0,MAXIM INTEGRATED PRODUCTS INC,13,
MYL__78,MYL,2016-01-01,2020-11-17,MYL,0.965,True,2015-01-02,2020-11-18,1623613.0,Mylan II B.V.,22,
NBL__79,NBL,2016-01-01,2020-10-12,NBL,0.965,True,2015-01-02,2020-10-16,72207.0,NOBLE ENERGY INC,20,
NFX__80,NFX,2016-01-01,2019-02-15,NFX,0.963,True,2015-01-02,2026-10-02,912750.0,NEWFIELD EXPLORATION CO /DE/,13,
PBCT__81,PBCT,2016-01-01,2022-04-04,PBCT,0.965,True,2015-01-02,2022-04-04,1378946.0,"People's United Financial, Inc.",25,
PCL__82,PCL,2016-01-01,2016-02-22,PCL_old,0.892,True,2015-01-02,2016-02-19,849213.0,PLUM CREEK TIMBER CO INC,1,
PCP__83,PCP,2016-01-01,2016-02-01,PCP,0.864,True,2015-01-02,2016-01-29,,,0,1.0
PEAK__84,PEAK,2019-11-05,2024-03-04,DOC,0.963,True,2015-01-02,2026-10-02,765880.0,"HEALTHPEAK PROPERTIES, INC.",18,
POM__85,POM,2016-01-01,2016-03-24,POM_old,0.933,True,2015-01-02,2016-03-23,1135971.0,PEPCO HOLDINGS LLC,1,
PX__86,PX,2016-01-01,2018-10-31,PX_old,0.965,True,2015-01-02,2018-10-30,884905.0,LINDE INC,12,
RAI__87,RAI,2016-01-01,2017-07-25,RAI,0.961,True,2015-01-02,2017-07-24,1275283.0,REYNOLDS AMERICAN INC,6,
RE__88,RE,2017-06-19,2023-07-10,EG,0.964,True,2015-01-02,2026-10-02,1095073.0,"EVEREST GROUP, LTD.",26,
RHT__89,RHT,2016-01-01,2019-07-15,RHT,0.958,True,2015-01-02,2019-07-08,1087423.0,RED HAT INC,15,
RTN__90,RTN,2016-01-01,2020-04-06,RTN,0.962,True,2015-01-02,2020-04-02,1047122.0,RAYTHEON CO/,17,
SBNY__91,SBNY,2021-12-20,2023-03-15,SBNY,0.954,True,2015-01-02,2026-10-02,,,0,1.0
SCG__92,SCG,2016-01-01,2019-01-02,SCG,0.962,True,2015-01-02,2018-12-31,754737.0,SCANA CORP,12,
SE__93,SE,2016-01-01,2017-02-27,SE1,0.957,True,2015-01-02,2017-02-24,1373835.0,Spectra Energy Corp.,6,
SNDK__94,SNDK,2016-01-01,2016-05-12,SNDK_old,0.947,True,2015-01-02,2016-05-11,1000180.0,SANDISK CORP,2,
SNDK__95,SNDK,2025-11-28,2026-10-02,SNDK,0.959,True,2025-02-13,2026-10-02,2023554.0,Sandisk Corp,4,
SNI__96,SNI,2016-01-01,2018-03-07,SNI,0.961,True,2015-01-02,2018-03-06,1430602.0,"Scripps Networks Interactive, Inc.",10,
SPLS__97,SPLS,2016-01-01,2017-09-13,SPLS_old,0.962,True,2015-01-02,2017-09-12,791519.0,STAPLES INC,9,
STI__98,STI,2016-01-01,2019-12-09,STI_old,0.964,True,2015-01-02,2019-12-06,750556.0,SUNTRUST BANKS INC,16,
STJ__99,STJ,2016-01-01,2017-01-05,STJ,0.958,True,2015-01-02,2017-01-04,203077.0,"ST JUDE MEDICAL, LLC",6,
SYMC__100,SYMC,2016-01-01,2019-11-05,GEN,0.965,True,2015-01-02,2026-10-02,849399.0,Gen Digital Inc.,20,
TE__101,TE,2016-01-01,2016-07-01,TE_old1,0.954,True,2015-01-02,2016-06-30,350563.0,TECO ENERGY INC,3,
TIF__102,TIF,2016-01-01,2021-01-07,TIF,0.964,True,2015-01-02,2021-01-07,98246.0,TIFFANY & CO,20,
TMK__103,TMK,2016-01-01,2019-08-08,GL,0.964,True,2015-01-02,2026-10-02,320335.0,GLOBE LIFE INC.,15,
TSS__104,TSS,2016-01-01,2019-09-23,TSS,0.96,True,2015-01-02,2019-09-17,721683.0,TOTAL SYSTEM SERVICES INC,14,
TWC__105,TWC,2016-01-01,2016-05-18,TWC,0.949,True,2015-01-02,2016-05-17,1377013.0,"SPECTRUM MANAGEMENT HOLDING COMPANY, LLC",2,
TWX__106,TWX,2016-01-01,2018-06-15,TWX,0.964,True,2015-01-02,2018-06-15,1105705.0,"WARNER MEDIA, LLC",12,
UTX__107,UTX,2016-01-01,2020-04-03,RTX,0.964,True,2015-01-02,2026-10-02,101829.0,RTX Corp,16,
VAR__108,VAR,2016-01-01,2021-04-20,VAR,0.962,True,2015-01-02,2021-04-15,203527.0,VARIAN MEDICAL SYSTEMS INC,21,
VIAB__109,VIAB,2016-01-01,2019-12-05,VIAB,0.964,True,2015-01-02,2019-12-04,1339947.0,Viacom Inc.,17,
VIAC__110,VIAC,2019-12-05,2022-02-17,VIAC,0.965,True,2015-01-02,2022-05-27,813828.0,Paramount Global,10,
WCG__111,WCG,2018-09-17,2020-01-28,WCG,0.952,True,2015-01-02,2020-01-23,1279363.0,"WELLCARE HEALTH PLANS, INC.",6,
WFM__112,WFM,2016-01-01,2017-08-28,WFM,0.963,True,2015-01-02,2017-08-25,865436.0,WHOLE FOODS MARKET INC,8,
WLTW__113,WLTW,2016-01-05,2022-01-10,WTW,0.966,True,2015-01-02,2026-10-02,1140536.0,WILLIS TOWERS WATSON PLC,26,
WYND__114,WYND,2016-01-01,2018-05-31,WYN,0.963,True,2015-01-02,2018-05-31,1361658.0,Travel & Leisure Co.,10,
XEC__115,XEC,2016-01-01,2020-03-03,XEC,0.963,True,2015-01-02,2021-10-04,1168054.0,CIMAREX ENERGY CO,18,
XLNX__116,XLNX,2016-01-01,2022-02-15,XLNX,0.965,True,2015-01-02,2022-02-16,743988.0,XILINX INC,27,
