ticker,kind,source,rows,first,last,first_close,sec_name
BBBY,price,BBBY_old,2680,2015-01-02,2025-08-29,23.56,
BBT,price,TFC,2955,2015-01-02,2026-10-02,38.65,
PARA,price,PARA_old1,2664,2015-01-02,2025-08-06,54.79,
XL,price,XL_old,930,2015-01-02,2018-09-11,34.45,
XOM,earnings,34088,54,2015-02-02,2026-05-01,,EXXON MOBIL CORP
BLK,earnings,1364742,39,2015-01-15,2024-07-15,,"BlackRock Finance, Inc."
BLK,earnings,2012383,8,2024-10-11,2026-07-15,,"BlackRock, Inc."
XRX,earnings,108772,52,2015-01-23,2026-07-30,,XEROX CORP
XRX,earnings,1770450,29,2019-10-29,2026-07-30,,Xerox Holdings Corp
APA,earnings,6769,25,2015-02-12,2021-02-25,,APACHE CORP
APA,earnings,1841666,26,2021-05-06,2026-08-05,,APA Corp
WRK,earnings,1636023,14,2015-07-30,2018-08-02,,WRKCo Inc.
WRK,earnings,1732845,23,2018-11-05,2024-05-02,,WestRock Co
DIS,earnings,1001039,17,2015-02-03,2019-02-05,,TWDC Enterprises 18 Corp.
DIS,earnings,1744489,30,2019-05-08,2026-08-05,,Walt Disney Co
CI,earnings,701221,19,2015-02-05,2018-11-01,,Cigna Holding Co
CI,earnings,1739940,30,2019-05-02,2026-07-30,,Cigna Group
PARA,earnings,813828,44,2015-02-12,2025-07-31,,Paramount Global
BBT,earnings,92230,47,2015-01-22,2026-07-17,,TRUIST FINANCIAL CORP
XL,earnings,813298,50,2015-03-25,2026-09-09,,"DESTINATION XL GROUP, INC."
