ticker_raw,eod_symbol,status,rows,first,last,splits,member_start,member_end
A,A.US,200,2955,2015-01-02,2026-10-02,0,2015-12-28,
AABA,AABA.US,200,1196,2015-01-02,2019-10-02,0,2015-12-28,2017-06-19
AAL,AAL.US,200,2955,2015-01-02,2026-10-02,0,2015-12-28,2024-09-23
AAP,AAP.US,200,2955,2015-01-02,2026-10-02,0,2015-12-28,2023-08-25
AAPL,AAPL.US,200,2955,2015-01-02,2026-10-02,1,2015-12-28,
ABBV,ABBV.US,200,2955,2015-01-02,2026-10-02,0,2015-12-28,
ABC,ABC.US,200,2182,2015-01-02,2023-09-01,0,2015-12-28,2023-08-30
ABMD,ABMD.US,200,2010,2015-01-02,2022-12-23,0,2018-05-31,2022-12-22
ABNB,ABNB.US,200,1459,2020-12-10,2026-10-02,0,2023-09-18,
ABT,ABT.US,200,2955,2015-01-02,2026-10-02,0,2015-12-28,
ACGL,ACGL.US,200,2955,2015-01-02,2026-10-02,1,2022-11-01,
ACN,ACN.US,200,2955,2015-01-02,2026-10-02,0,2015-12-28,
ADBE,ADBE.US,200,2955,2015-01-02,2026-10-02,0,2015-12-28,
ADI,ADI.US,200,2955,2015-01-02,2026-10-02,0,2015-12-28,
ADM,ADM.US,200,2955,2015-01-02,2026-10-02,0,2015-12-28,
ADP,ADP.US,200,2955,2015-01-02,2026-10-02,0,2015-12-28,
ADS,ADS.US,200,1826,2015-01-02,2022-04-01,1,2015-12-28,2020-06-22
ADSK,ADSK.US,200,2955,2015-01-02,2026-10-02,0,2015-12-28,
ADT,ADT.US,200,2188,2018-01-19,2026-10-02,0,2015-12-28,2016-05-02
AEE,AEE.US,200,2955,2015-01-02,2026-10-02,0,2015-12-28,
AEP,AEP.US,200,2955,2015-01-02,2026-10-02,0,2015-12-28,
AES,AES.US,200,2955,2015-01-02,2026-10-02,0,2015-12-28,
AET,AET.US,200,985,2015-01-02,2018-11-28,0,2015-12-28,2018-11-29
AFL,AFL.US,200,2955,2015-01-02,2026-10-02,1,2015-12-28,
AGN,AGN.US,200,1347,2015-01-02,2020-05-08,0,2015-12-28,2020-05-12
AIG,AIG.US,200,2955,2015-01-02,2026-10-02,0,2015-12-28,
AIV,AIV.US,200,2955,2015-01-02,2026-10-02,1,2015-12-28,2020-12-21
AIZ,AIZ.US,200,2955,2015-01-02,2026-10-02,0,2015-12-28,
AJG,AJG.US,200,2955,2015-01-02,2026-10-02,0,2016-05-31,
AKAM,AKAM.US,200,2955,2015-01-02,2026-10-02,0,2015-12-28,
ALB,ALB.US,200,2955,2015-01-02,2026-10-02,0,2016-07-01,
ALGN,ALGN.US,200,2955,2015-01-02,2026-10-02,0,2017-06-19,
ALK,ALK.US,200,2955,2015-01-02,2026-10-02,0,2016-05-13,2023-12-18
ALL,ALL.US,200,2955,2015-01-02,2026-10-02,0,2015-12-28,
ALLE,ALLE.US,200,2955,2015-01-02,2026-10-02,0,2015-12-28,
ALXN,ALXN.US,200,1649,2015-01-02,2021-07-21,0,2015-12-28,2021-07-21
AMAT,AMAT.US,200,2955,2015-01-02,2026-10-02,0,2015-12-28,
AMCR,AMCR.US,200,2955,2015-01-02,2026-10-02,1,2019-06-07,
AMD,AMD.US,200,2955,2015-01-02,2026-10-02,0,2017-03-20,
AME,AME.US,200,2955,2015-01-02,2026-10-02,0,2015-12-28,
AMG,AMG.US,200,2955,2015-01-02,2026-10-02,0,2015-12-28,2019-12-23
AMGN,AMGN.US,200,2955,2015-01-02,2026-10-02,0,2015-12-28,
AMP,AMP.US,200,2955,2015-01-02,2026-10-02,0,2015-12-28,
AMT,AMT.US,200,2955,2015-01-02,2026-10-02,0,2015-12-28,
AMTM,AMTM.US,200,508,2024-09-24,2026-10-02,0,2024-09-30,2024-12-23
AMZN,AMZN.US,200,2955,2015-01-02,2026-10-02,1,2015-12-28,
AN,AN.US,200,2955,2015-01-02,2026-10-02,0,2015-12-28,2017-08-08
ANDV,ANDV.US,200,943,2015-01-02,2018-09-28,0,2015-12-28,2018-10-01
ANET,ANET.US,200,2955,2015-01-02,2026-10-02,2,2018-08-28,
ANSS,ANSS.US,200,2650,2015-01-02,2025-07-17,0,2017-06-19,2025-07-18
ANTM,ANTM.US,200,1884,2015-01-02,2022-06-27,0,2015-12-28,2022-06-28
AON,AON.US,200,2955,2015-01-02,2026-10-02,0,2015-12-28,
AOS,AOS.US,200,2955,2015-01-02,2026-10-02,1,2017-07-26,
APA,APA.US,200,2955,2015-01-02,2026-10-02,0,2015-12-28,
APC,APC.US,200,161,2026-02-12,2026-10-02,0,2015-12-28,2019-08-09
APD,APD.US,200,2955,2015-01-02,2026-10-02,1,2015-12-28,
APH,APH.US,200,2955,2015-01-02,2026-10-02,3,2015-12-28,
APO,APO.US,200,2955,2015-01-02,2026-10-02,0,2024-12-23,
APP,APP.US,200,1374,2021-04-15,2026-10-02,0,2025-09-22,
APTV,APTV.US,200,2955,2015-01-02,2026-10-02,1,2015-12-28,
ARE,ARE.US,200,2955,2015-01-02,2026-10-02,0,2017-03-20,
ARES,ARES.US,200,2955,2015-01-02,2026-10-02,0,2025-12-11,
ARG,ARG.US,200,349,2015-01-02,2016-05-20,0,2015-12-28,2016-05-23
ARNC,ARNC.US,200,1709,2016-11-01,2023-08-17,0,2015-12-28,2020-04-06
ATO,ATO.US,200,2955,2015-01-02,2026-10-02,0,2019-02-15,
ATVI,ATVI.US,200,2211,2015-01-02,2023-10-13,0,2015-12-28,2023-10-18
AVB,AVB.US,200,2921,2015-01-02,2026-08-14,1,2015-12-28,2026-08-18
AVGO,AVGO.US,200,2955,2015-01-02,2026-10-02,1,2015-12-28,
AVY,AVY.US,200,2955,2015-01-02,2026-10-02,0,2015-12-28,
AWK,AWK.US,200,2955,2015-01-02,2026-10-02,0,2016-03-04,
AXON,AXON.US,200,2955,2015-01-02,2026-10-02,0,2023-05-04,
AXP,AXP.US,200,2955,2015-01-02,2026-10-02,0,2015-12-28,
AYI,AYI.US,200,2955,2015-01-02,2026-10-02,0,2016-05-03,2018-06-18
AZO,AZO.US,200,2955,2015-01-02,2026-10-02,0,2015-12-28,
BA,BA.US,200,2955,2015-01-02,2026-10-02,0,2015-12-28,
BAC,BAC.US,200,2955,2015-01-02,2026-10-02,0,2015-12-28,
BALL,BALL.US,200,2955,2015-01-02,2026-10-02,1,2022-05-10,
BAX,BAX.US,200,2955,2015-01-02,2026-10-02,1,2015-12-28,
BBBY,BBBY.US,200,2936,2015-01-02,2026-09-04,0,2015-12-28,2017-07-26
BBT,BBT.US,200,2955,2015-01-02,2026-10-02,0,2015-12-28,2019-12-09
BBWI,BBWI.US,200,2955,2015-01-02,2026-10-02,1,2021-08-03,2024-10-01
BBY,BBY.US,200,2955,2015-01-02,2026-10-02,0,2015-12-28,
BCR,BCR.US,200,754,2015-01-02,2017-12-28,0,2015-12-28,2017-12-29
BDX,BDX.US,200,2955,2015-01-02,2026-10-02,2,2015-12-28,
BEN,BEN.US,200,2955,2015-01-02,2026-10-02,0,2015-12-28,
BF.B,BF-B.US,200,2955,2015-01-02,2026-10-02,2,2015-12-28,
BG,BG.US,200,2955,2015-01-02,2026-10-02,0,2023-03-15,
BHF,BHF.US,200,2317,2017-07-17,2026-10-02,0,2017-08-07,2019-04-02
BHGE,BHGE.US,200,580,2017-07-05,2019-10-23,0,2015-12-28,2019-10-18
BIIB,BIIB.US,200,2955,2015-01-02,2026-10-02,0,2015-12-28,
BIO,BIO.US,200,2955,2015-01-02,2026-10-02,0,2020-06-22,2024-09-23
BK,BK.US,200,2862,2015-01-02,2026-05-20,0,2015-12-28,2026-05-21
BKNG,BKNG.US,200,2955,2015-01-02,2026-10-02,1,2015-12-28,
BKR,BKR.US,200,2955,2015-01-02,2026-10-02,0,2019-10-18,
BLDR,BLDR.US,200,2955,2015-01-02,2026-10-02,0,2023-12-18,
BLK,BLK.US,200,2955,2015-01-02,2026-10-02,0,2015-12-28,
BLL,BLL.US,200,1852,2015-01-02,2022-05-10,1,2015-12-28,2022-05-10
BMY,BMY.US,200,2955,2015-01-02,2026-10-02,0,2015-12-28,
BNY,BNY.US,200,2955,2015-01-02,2026-10-02,0,2026-05-21,
BR,BR.US,200,2955,2015-01-02,2026-10-02,0,2018-06-18,
BRCM,BRCM.US,200,271,2015-01-02,2016-01-29,0,2015-12-28,2016-02-01
BRK.B,BRK-B.US,200,2955,2015-01-02,2026-10-02,0,2015-12-28,
BRO,BRO.US,200,2955,2015-01-02,2026-10-02,1,2021-09-20,
BSX,BSX.US,200,2955,2015-01-02,2026-10-02,0,2015-12-28,
BWA,BWA.US,200,2955,2015-01-02,2026-10-02,1,2015-12-28,2025-03-24
BX,BX.US,200,2955,2015-01-02,2026-10-02,0,2023-09-18,
BXLT,BXLT.US,200,233,2015-07-01,2016-06-02,0,2015-12-28,2016-06-03
BXP,BXP.US,200,2955,2015-01-02,2026-10-02,0,2015-12-28,
C,C.US,200,2955,2015-01-02,2026-10-02,0,2015-12-28,
CA,CA.US,200,612,2023-12-14,2026-05-26,0,2015-12-28,2018-11-06
CAG,CAG.US,200,2955,2015-01-02,2026-10-02,1,2015-12-28,2026-06-30
CAH,CAH.US,200,2955,2015-01-02,2026-10-02,0,2015-12-28,
CAM,CAM.US,200,250,2025-10-06,2026-10-02,0,2015-12-28,2016-04-04
CARR,CARR.US,200,1644,2020-03-19,2026-10-02,0,2020-04-03,
CASY,CASY.US,200,2955,2015-01-02,2026-10-02,0,2026-04-09,
CAT,CAT.US,200,2955,2015-01-02,2026-10-02,0,2015-12-28,
CB,CB.US,200,2955,2015-01-02,2026-10-02,0,2015-12-28,
CBOE,CBOE.US,200,2955,2015-01-02,2026-10-02,0,2017-03-01,
CBRE,CBRE.US,200,2955,2015-01-02,2026-10-02,0,2015-12-28,
CBS,CBS.US,200,1240,2015-01-02,2019-12-04,0,2015-12-28,2019-12-05
CCE,CCE.US,200,973,2015-01-02,2018-11-09,0,2015-12-28,2016-05-31
CCEP,CCEP.US,200,2955,2015-01-02,2026-10-02,0,2016-01-04,2016-05-31
CCI,CCI.US,200,2955,2015-01-02,2026-10-02,0,2015-12-28,
CCL,CCL.US,200,2955,2015-01-02,2026-10-02,0,2015-12-28,
CDAY,CDAY.US,200,0,,,0,2021-09-20,2024-02-01
CDNS,CDNS.US,200,2955,2015-01-02,2026-10-02,0,2017-09-18,
CDW,CDW.US,200,2955,2015-01-02,2026-10-02,0,2019-09-23,
CE,CE.US,200,2955,2015-01-02,2026-10-02,0,2018-12-24,2025-03-24
CEG,CEG.US,200,1181,2022-01-19,2026-10-02,0,2022-02-02,
CELG,CELG.US,200,1231,2015-01-02,2019-11-20,0,2015-12-28,2019-11-21
CERN,CERN.US,200,1872,2015-01-02,2022-06-08,0,2015-12-28,2022-06-08
CF,CF.US,200,2955,2015-01-02,2026-10-02,1,2015-12-28,
CFG,CFG.US,200,2955,2015-01-02,2026-10-02,0,2016-02-01,
CHD,CHD.US,200,2955,2015-01-02,2026-10-02,1,2015-12-29,
CHK,CHK.US,200,2201,2016-01-04,2024-10-01,1,2015-12-28,2018-03-19
CHRW,CHRW.US,200,2955,2015-01-02,2026-10-02,0,2015-12-28,
CHTR,CHTR.US,200,2955,2015-01-02,2026-10-02,1,2016-09-08,
CI,CI.US,200,2955,2015-01-02,2026-10-02,0,2015-12-28,
CIEN,CIEN.US,200,2955,2015-01-02,2026-10-02,0,2026-02-09,
CINF,CINF.US,200,2955,2015-01-02,2026-10-02,0,2015-12-28,
CL,CL.US,200,2955,2015-01-02,2026-10-02,0,2015-12-28,
CLX,CLX.US,200,2955,2015-01-02,2026-10-02,0,2015-12-28,
CMA,CMA.US,200,2786,2015-01-02,2026-01-30,0,2015-12-28,2024-06-24
CMCSA,CMCSA.US,200,2955,2015-01-02,2026-10-02,2,2015-12-28,
CME,CME.US,200,2955,2015-01-02,2026-10-02,0,2015-12-28,
CMG,CMG.US,200,2955,2015-01-02,2026-10-02,1,2015-12-28,
CMI,CMI.US,200,2955,2015-01-02,2026-10-02,0,2015-12-28,
CMS,CMS.US,200,2955,2015-01-02,2026-10-02,0,2015-12-28,
CNC,CNC.US,200,2955,2015-01-02,2026-10-02,2,2016-03-30,
CNP,CNP.US,200,2955,2015-01-02,2026-10-02,0,2015-12-28,
CNX,CNX.US,200,2955,2015-01-02,2026-10-02,1,2015-12-28,2016-03-04
COF,COF.US,200,2955,2015-01-02,2026-10-02,0,2015-12-28,
COG,COG.US,200,1744,2015-01-02,2021-12-03,0,2015-12-28,2021-10-04
COHR,COHR.US,200,2955,2015-01-02,2026-10-02,0,2026-03-23,
COIN,COIN.US,200,1375,2021-04-14,2026-10-02,0,2025-05-19,
COL,COL.US,200,983,2015-01-02,2018-11-26,1,2015-12-28,2018-11-27
COO,COO.US,200,2955,2015-01-02,2026-10-02,1,2016-09-23,
COP,COP.US,200,2955,2015-01-02,2026-10-02,0,2015-12-28,
COR,COR.US,200,2955,2015-01-02,2026-10-02,0,2023-08-30,
COST,COST.US,200,2955,2015-01-02,2026-10-02,0,2015-12-28,
COTY,COTY.US,200,2955,2015-01-02,2026-10-02,0,2016-10-03,2020-09-21
CPAY,CPAY.US,200,2955,2015-01-02,2026-10-02,0,2024-03-25,
CPB,CPB.US,200,2955,2015-01-02,2026-10-02,0,2015-12-28,2026-06-22
CPGX,CPGX.US,200,252,2015-07-02,2016-06-30,0,2015-12-28,2016-07-01
CPRI,CPRI.US,200,2955,2015-01-02,2026-10-02,0,2016-01-04,2020-05-12
CPRT,CPRT.US,200,2955,2015-01-02,2026-10-02,3,2018-07-02,
CPT,CPT.US,200,2955,2015-01-02,2026-10-02,0,2022-04-04,
CRH,CRH.US,200,2955,2015-01-02,2026-10-02,0,2025-12-22,
CRL,CRL.US,200,2955,2015-01-02,2026-10-02,0,2021-05-14,
CRM,CRM.US,200,2955,2015-01-02,2026-10-02,0,2015-12-28,
CRWD,CRWD.US,200,1838,2019-06-12,2026-10-02,1,2024-06-24,
CSCO,CSCO.US,200,2955,2015-01-02,2026-10-02,0,2015-12-28,
CSGP,CSGP.US,200,2955,2015-01-02,2026-10-02,1,2022-09-19,
CSRA,CSRA.US,200,37,2026-08-12,2026-10-02,0,2015-12-28,2018-04-04
CSX,CSX.US,200,2955,2015-01-02,2026-10-02,1,2015-12-28,
CTAS,CTAS.US,200,2955,2015-01-02,2026-10-02,1,2015-12-28,
CTL,CTL.US,200,1531,2015-01-02,2021-02-01,0,2015-12-28,2020-09-18
CTLT,CTLT.US,200,2507,2015-01-02,2024-12-17,0,2020-09-21,2024-12-23
CTRA,CTRA.US,200,2853,2015-01-02,2026-05-07,0,2021-10-04,2026-05-07
CTSH,CTSH.US,200,2955,2015-01-02,2026-10-02,0,2015-12-28,
CTVA,CTVA.US,200,1850,2019-05-24,2026-10-02,0,2019-06-03,
CTXS,CTXS.US,200,1950,2015-01-02,2022-09-29,1,2015-12-28,2022-10-03
CVC,CVC.US,200,369,2015-01-02,2016-06-20,0,2015-12-28,2016-06-21
CVNA,CVNA.US,200,2371,2017-04-28,2026-10-02,1,2025-12-22,
CVS,CVS.US,200,2955,2015-01-02,2026-10-02,0,2015-12-28,
CVX,CVX.US,200,2955,2015-01-02,2026-10-02,0,2015-12-28,
CXO,CXO.US,200,1522,2015-01-02,2021-01-19,0,2016-02-22,2021-01-21
CZR,CZR.US,200,2955,2015-01-02,2026-10-02,0,2021-03-22,2025-09-22
D,D.US,200,2955,2015-01-02,2026-10-02,0,2015-12-28,
DAL,DAL.US,200,2955,2015-01-02,2026-10-02,0,2015-12-28,
DASH,DASH.US,200,1460,2020-12-09,2026-10-02,0,2025-03-24,
DAY,DAY.US,200,1955,2018-04-26,2026-02-04,0,2024-02-01,2026-02-09
DD,DD.US,200,2955,2015-01-02,2026-10-02,4,2015-12-28,2017-09-01
DDOG,DDOG.US,200,1769,2019-09-19,2026-10-02,0,2025-07-09,
DE,DE.US,200,2955,2015-01-02,2026-10-02,0,2015-12-28,
DECK,DECK.US,200,2955,2015-01-02,2026-10-02,1,2024-03-18,
DELL,DELL.US,200,2546,2016-08-17,2026-10-02,2,2024-09-23,
DFS,DFS.US,200,2609,2015-01-02,2025-05-16,0,2015-12-28,2025-05-19
DG,DG.US,200,2955,2015-01-02,2026-10-02,0,2015-12-28,
DGX,DGX.US,200,2955,2015-01-02,2026-10-02,0,2015-12-28,
DHI,DHI.US,200,2955,2015-01-02,2026-10-02,0,2015-12-28,
DHR,DHR.US,200,2955,2015-01-02,2026-10-02,2,2015-12-28,
DIS,DIS.US,200,2955,2015-01-02,2026-10-02,0,2015-12-28,
DISCA,DISCA.US,200,1831,2015-01-02,2022-04-08,0,2015-12-28,2022-04-11
DISCK,DISCK.US,200,1831,2015-01-02,2022-04-08,0,2015-12-28,2022-04-11
DISH,DISH.US,200,2267,2015-01-02,2024-01-04,1,2017-03-13,2023-06-20
DLR,DLR.US,200,2955,2015-01-02,2026-10-02,1,2016-05-18,
DLTR,DLTR.US,200,2955,2015-01-02,2026-10-02,0,2015-12-28,
DNB,DNB.US,200,1294,2020-07-01,2025-08-25,0,2015-12-28,2017-04-05
DO,DO.US,200,611,2022-03-30,2024-09-04,0,2015-12-28,2016-10-03
DOC,DOC.US,200,2955,2015-01-02,2026-10-02,1,2024-03-04,
DOV,DOV.US,200,2955,2015-01-02,2026-10-02,1,2015-12-28,
DOW,DOW.US,200,1896,2019-03-20,2026-10-02,0,2015-12-28,2017-09-01
DPZ,DPZ.US,200,2955,2015-01-02,2026-10-02,0,2020-05-12,
DRE,DRE.US,200,1952,2015-01-02,2022-10-03,0,2017-07-26,2022-10-03
DRI,DRI.US,200,2955,2015-01-02,2026-10-02,1,2015-12-28,
DTE,DTE.US,200,2955,2015-01-02,2026-10-02,1,2015-12-28,
DUK,DUK.US,200,2955,2015-01-02,2026-10-02,0,2015-12-28,
DVA,DVA.US,200,2955,2015-01-02,2026-10-02,0,2015-12-28,
DVN,DVN.US,200,2955,2015-01-02,2026-10-02,0,2015-12-28,
DWDP,DWDP.US,200,1113,2015-01-02,2019-06-28,2,2017-09-01,2019-06-03
DXC,DXC.US,200,2955,2015-01-02,2026-10-02,2,2017-04-04,2023-10-02
DXCM,DXCM.US,200,2955,2015-01-02,2026-10-02,1,2020-05-12,
EA,EA.US,200,2913,2015-01-02,2026-08-04,0,2015-12-28,2026-08-05
EBAY,EBAY.US,200,2955,2015-01-02,2026-10-02,1,2015-12-28,
ECHO,ECHO.US,200,2955,2015-01-02,2026-10-02,1,2026-06-24,
ECL,ECL.US,200,2955,2015-01-02,2026-10-02,0,2015-12-28,
ED,ED.US,200,2955,2015-01-02,2026-10-02,0,2015-12-28,
EFX,EFX.US,200,2955,2015-01-02,2026-10-02,0,2015-12-28,
EG,EG.US,200,2955,2015-01-02,2026-10-02,0,2023-07-10,
EIX,EIX.US,200,2955,2015-01-02,2026-10-02,0,2015-12-28,
EL,EL.US,200,2955,2015-01-02,2026-10-02,0,2015-12-28,
ELV,ELV.US,200,2955,2015-01-02,2026-10-02,0,2022-06-28,
EMC,EMC.US,200,850,2023-05-15,2026-10-02,0,2015-12-28,2016-09-07
EME,EME.US,200,2955,2015-01-02,2026-10-02,0,2025-09-22,
EMN,EMN.US,200,2955,2015-01-02,2026-10-02,0,2015-12-28,2025-11-04
EMR,EMR.US,200,2955,2015-01-02,2026-10-02,0,2015-12-28,
ENDP,ENDP.US,200,1970,2015-01-02,2022-10-27,0,2015-12-28,2017-03-02
ENPH,ENPH.US,200,2955,2015-01-02,2026-10-02,0,2021-01-07,2025-09-22
EOG,EOG.US,200,2955,2015-01-02,2026-10-02,0,2015-12-28,
EPAM,EPAM.US,200,2955,2015-01-02,2026-10-02,0,2021-12-14,2026-06-02
EQIX,EQIX.US,200,2955,2015-01-02,2026-10-02,0,2015-12-28,
EQR,EQR.US,200,2922,2015-01-02,2026-08-17,0,2015-12-28,2026-08-18
EQT,EQT.US,200,2955,2015-01-02,2026-10-02,1,2015-12-28,2018-11-13
ERIE,ERIE.US,200,2955,2015-01-02,2026-10-02,0,2024-09-23,
ES,ES.US,200,2955,2015-01-02,2026-10-02,0,2015-12-28,
ESRX,ESRX.US,200,1000,2015-01-02,2018-12-20,0,2015-12-28,2018-12-21
ESS,ESS.US,200,2955,2015-01-02,2026-10-02,0,2015-12-28,
ESV,ESV.US,200,1151,2015-01-02,2019-07-30,1,2015-12-28,2016-03-30
ETFC,ETFC.US,200,1449,2015-01-02,2020-10-02,0,2015-12-28,2020-10-07
ETN,ETN.US,200,2955,2015-01-02,2026-10-02,0,2015-12-28,
ETR,ETR.US,200,2955,2015-01-02,2026-10-02,1,2015-12-28,
ETSY,ETSY.US,200,2884,2015-04-16,2026-10-02,0,2020-09-21,2024-09-23
EVHC,EVHC.US,200,951,2015-01-02,2018-10-10,1,2016-12-02,2018-10-11
EVRG,EVRG.US,200,2955,2015-01-02,2026-10-02,0,2018-06-05,
EW,EW.US,200,2955,2015-01-02,2026-10-02,2,2015-12-28,
EXC,EXC.US,200,2955,2015-01-02,2026-10-02,1,2015-12-28,
EXE,EXE.US,200,1418,2021-02-10,2026-10-02,1,2025-03-24,
EXPD,EXPD.US,200,2955,2015-01-02,2026-10-02,0,2015-12-28,
EXPE,EXPE.US,200,2955,2015-01-02,2026-10-02,0,2015-12-28,
EXR,EXR.US,200,2955,2015-01-02,2026-10-02,0,2016-01-19,
F,F.US,200,2955,2015-01-02,2026-10-02,0,2015-12-28,
FANG,FANG.US,200,2955,2015-01-02,2026-10-02,0,2018-12-03,
FAST,FAST.US,200,2955,2015-01-02,2026-10-02,2,2015-12-28,
FB,FB.US,200,320,2025-06-26,2026-10-02,0,2015-12-28,2022-06-09
FBHS,FBHS.US,200,2057,2015-01-02,2023-03-06,0,2016-06-24,2022-12-19
FCX,FCX.US,200,2955,2015-01-02,2026-10-02,0,2015-12-28,
FDS,FDS.US,200,2955,2015-01-02,2026-10-02,0,2021-12-20,
FDX,FDX.US,200,2955,2015-01-02,2026-10-02,1,2015-12-28,
FDXF,FDXF.US,200,91,2026-05-26,2026-10-02,0,2026-06-01,
FE,FE.US,200,2955,2015-01-02,2026-10-02,0,2015-12-28,
FERG,FERG.US,200,2955,2015-01-02,2026-10-02,1,2026-08-05,
FFIV,FFIV.US,200,2955,2015-01-02,2026-10-02,0,2015-12-28,
FI,FI.US,200,2731,2015-01-02,2025-11-10,1,2023-06-07,2025-11-11
FICO,FICO.US,200,2955,2015-01-02,2026-10-02,0,2023-03-20,
FIS,FIS.US,200,2955,2015-01-02,2026-10-02,0,2015-12-28,
FISV,FISV.US,200,2955,2015-01-02,2026-10-02,1,2015-12-28,2023-06-07
FITB,FITB.US,200,2955,2015-01-02,2026-10-02,0,2015-12-28,
FIX,FIX.US,200,2955,2015-01-02,2026-10-02,0,2025-12-22,
FL,FL.US,200,2685,2015-01-02,2025-09-05,0,2016-04-04,2019-08-09
FLEX,FLEX.US,200,2955,2015-01-02,2026-10-02,1,2026-06-22,
FLIR,FLIR.US,200,1604,2015-01-02,2021-05-17,0,2015-12-28,2021-05-14
FLR,FLR.US,200,2955,2015-01-02,2026-10-02,0,2015-12-28,2019-06-03
FLS,FLS.US,200,2955,2015-01-02,2026-10-02,0,2015-12-28,2021-03-22
FLT,FLT.US,200,2365,2015-01-02,2024-05-24,0,2018-06-20,2024-03-25
FMC,FMC.US,200,2955,2015-01-02,2026-10-02,1,2015-12-28,2025-03-24
FOSL,FOSL.US,200,2955,2015-01-02,2026-10-02,0,2015-12-28,2016-01-05
FOX,FOX.US,200,1901,2019-03-13,2026-10-02,0,2015-12-28,
FOXA,FOXA.US,200,1902,2019-03-12,2026-10-02,0,2015-12-28,
FRC,FRC.US,200,2087,2015-01-02,2023-05-02,0,2019-01-02,2023-05-04
FRT,FRT.US,200,2955,2015-01-02,2026-10-02,0,2016-02-01,
FSLR,FSLR.US,200,2955,2015-01-02,2026-10-02,0,2015-12-28,2017-03-20
FTI,FTI.US,200,2955,2015-01-02,2026-10-02,1,2015-12-28,2021-02-12
FTNT,FTNT.US,200,2955,2015-01-02,2026-10-02,1,2018-10-11,
FTR,FTR.US,200,1340,2015-01-02,2020-04-29,1,2015-12-28,2017-03-20
FTV,FTV.US,200,2577,2016-07-05,2026-10-02,2,2016-07-05,
GAS,GAS.US,200,377,2015-01-02,2016-06-30,0,2015-12-28,2016-07-01
GD,GD.US,200,2955,2015-01-02,2026-10-02,0,2015-12-28,
GDDY,GDDY.US,200,2895,2015-03-31,2026-10-02,0,2024-06-24,
GE,GE.US,200,2955,2015-01-02,2026-10-02,4,2015-12-28,
GEHC,GEHC.US,200,952,2022-12-15,2026-10-02,0,2023-01-04,
GEN,GEN.US,200,2955,2015-01-02,2026-10-02,0,2022-11-08,
GEV,GEV.US,200,632,2024-03-27,2026-10-02,0,2024-04-02,
GGP,GGP.US,200,920,2015-01-02,2018-08-27,0,2015-12-28,2018-08-28
GILD,GILD.US,200,2955,2015-01-02,2026-10-02,0,2015-12-28,
GIS,GIS.US,200,2955,2015-01-02,2026-10-02,0,2015-12-28,
GL,GL.US,200,2955,2015-01-02,2026-10-02,0,2019-08-08,
GLW,GLW.US,200,2955,2015-01-02,2026-10-02,0,2015-12-28,
GM,GM.US,200,2955,2015-01-02,2026-10-02,0,2015-12-28,
GMCR,GMCR.US,200,293,2015-01-02,2016-03-02,0,2015-12-28,2016-03-03
GME,GME.US,200,2955,2015-01-02,2026-10-02,1,2015-12-28,2016-04-25
GNRC,GNRC.US,200,2955,2015-01-02,2026-10-02,0,2021-03-22,
GOOG,GOOG.US,200,2955,2015-01-02,2026-10-02,2,2015-12-28,
GOOGL,GOOGL.US,200,2955,2015-01-02,2026-10-02,1,2015-12-28,
GPC,GPC.US,200,2955,2015-01-02,2026-10-02,0,2015-12-28,
GPN,GPN.US,200,2955,2015-01-02,2026-10-02,1,2016-04-25,
GPS,GPS.US,200,2463,2015-01-02,2024-10-15,0,2015-12-28,2022-02-02
GRMN,GRMN.US,200,2955,2015-01-02,2026-10-02,0,2015-12-28,
GS,GS.US,200,2955,2015-01-02,2026-10-02,0,2015-12-28,
GT,GT.US,200,2955,2015-01-02,2026-10-02,0,2015-12-28,2019-02-27
GWW,GWW.US,200,2955,2015-01-02,2026-10-02,0,2015-12-28,
HAL,HAL.US,200,2955,2015-01-02,2026-10-02,0,2015-12-28,
HAR,HAR.US,200,551,2015-01-02,2017-03-10,0,2015-12-28,2017-03-13
HAS,HAS.US,200,2955,2015-01-02,2026-10-02,0,2015-12-28,
HBAN,HBAN.US,200,2955,2015-01-02,2026-10-02,0,2015-12-28,
HBI,HBI.US,200,2746,2015-01-02,2025-12-02,1,2015-12-28,2021-12-20
HCA,HCA.US,200,2955,2015-01-02,2026-10-02,0,2015-12-28,
HCP,HCP.US,200,807,2021-12-09,2025-02-27,0,2015-12-28,2019-11-05
HD,HD.US,200,2955,2015-01-02,2026-10-02,0,2015-12-28,
HES,HES.US,200,2651,2015-01-02,2025-07-18,0,2015-12-28,2025-07-23
HFC,HFC.US,200,1812,2015-01-02,2022-03-14,0,2018-06-18,2021-06-04
HIG,HIG.US,200,2955,2015-01-02,2026-10-02,0,2015-12-28,
HII,HII.US,200,2955,2015-01-02,2026-10-02,0,2018-01-03,
HLT,HLT.US,200,2955,2015-01-02,2026-10-02,1,2017-06-19,
HOG,HOG.US,200,2955,2015-01-02,2026-10-02,0,2015-12-28,2020-06-22
HOLX,HOLX.US,200,2831,2015-01-02,2026-04-07,0,2016-03-30,2026-04-09
HON,HON.US,200,2955,2015-01-02,2026-10-02,5,2015-12-28,
HONA,HONA.US,200,77,2026-06-15,2026-10-02,0,2026-06-29,
HOOD,HOOD.US,200,1301,2021-07-29,2026-10-02,0,2025-09-22,
HOT,HOT.US,200,557,2015-01-02,2017-03-20,0,2015-12-28,2016-09-23
HP,HP.US,200,2955,2015-01-02,2026-10-02,0,2015-12-28,2020-05-22
HPE,HPE.US,200,2755,2015-10-19,2026-10-02,2,2015-12-28,
HPQ,HPQ.US,200,2955,2015-01-02,2026-10-02,1,2015-12-28,
HRB,HRB.US,200,2955,2015-01-02,2026-10-02,0,2015-12-28,2020-09-21
HRL,HRL.US,200,2955,2015-01-02,2026-10-02,1,2015-12-28,
HRS,HRS.US,200,1130,2015-01-02,2019-06-28,0,2015-12-28,2019-06-01
HSIC,HSIC.US,200,2955,2015-01-02,2026-10-02,2,2015-12-28,
HST,HST.US,200,2955,2015-01-02,2026-10-02,0,2015-12-28,
HSY,HSY.US,200,2955,2015-01-02,2026-10-02,0,2015-12-28,
HUBB,HUBB.US,200,2955,2015-01-02,2026-10-02,0,2023-10-18,
HUM,HUM.US,200,2955,2015-01-02,2026-10-02,0,2015-12-28,
HWM,HWM.US,200,2493,2016-11-01,2026-10-02,2,2020-04-06,
IBKR,IBKR.US,200,2955,2015-01-02,2026-10-02,1,2025-08-28,
IBM,IBM.US,200,2955,2015-01-02,2026-10-02,1,2015-12-28,
ICE,ICE.US,200,2955,2015-01-02,2026-10-02,1,2015-12-28,
IDXX,IDXX.US,200,2955,2015-01-02,2026-10-02,1,2017-01-05,
IEX,IEX.US,200,2955,2015-01-02,2026-10-02,0,2019-08-09,
IFF,IFF.US,200,2955,2015-01-02,2026-10-02,0,2015-12-28,
ILMN,ILMN.US,200,2955,2015-01-02,2026-10-02,1,2015-12-28,2024-06-24
INCY,INCY.US,200,2955,2015-01-02,2026-10-02,0,2017-02-28,
INFO,INFO.US,200,496,2024-10-10,2026-10-02,1,2017-06-02,2022-03-02
INTC,INTC.US,200,2955,2015-01-02,2026-10-02,0,2015-12-28,
INTU,INTU.US,200,2955,2015-01-02,2026-10-02,0,2015-12-28,
INVH,INVH.US,200,2432,2017-01-31,2026-10-02,0,2022-09-19,
IP,IP.US,200,2955,2015-01-02,2026-10-02,1,2015-12-28,
IPG,IPG.US,200,2743,2015-01-02,2025-11-26,0,2015-12-28,2025-11-28
IPGP,IPGP.US,200,2955,2015-01-02,2026-10-02,0,2018-03-07,2022-06-21
IQV,IQV.US,200,2955,2015-01-02,2026-10-02,0,2017-08-29,
IR,IR.US,200,2361,2017-05-12,2026-10-02,0,2015-12-28,
IRM,IRM.US,200,2955,2015-01-02,2026-10-02,0,2015-12-28,
ISRG,ISRG.US,200,2955,2015-01-02,2026-10-02,2,2015-12-28,
IT,IT.US,200,2955,2015-01-02,2026-10-02,0,2017-04-05,
ITW,ITW.US,200,2955,2015-01-02,2026-10-02,0,2015-12-28,
IVZ,IVZ.US,200,2955,2015-01-02,2026-10-02,0,2015-12-28,
J,J.US,200,2955,2015-01-02,2026-10-02,2,2019-12-10,
JBHT,JBHT.US,200,2955,2015-01-02,2026-10-02,0,2015-12-28,
JBL,JBL.US,200,2955,2015-01-02,2026-10-02,0,2023-12-18,
JCI,JCI.US,200,2955,2015-01-02,2026-10-02,1,2015-12-28,
JEC,JEC.US,200,1243,2015-01-02,2019-12-09,0,2015-12-28,2019-12-10
JEF,JEF.US,200,2955,2015-01-02,2026-10-02,2,2015-12-28,2019-09-26
JKHY,JKHY.US,200,2955,2015-01-02,2026-10-02,0,2018-11-13,
JNJ,JNJ.US,200,2955,2015-01-02,2026-10-02,0,2015-12-28,
JNPR,JNPR.US,200,2640,2015-01-02,2025-07-02,0,2015-12-28,2025-07-09
JPM,JPM.US,200,2955,2015-01-02,2026-10-02,0,2015-12-28,
JWN,JWN.US,200,2614,2015-01-02,2025-05-20,0,2015-12-28,2020-06-22
K,K.US,200,2752,2015-01-02,2025-12-10,1,2015-12-28,2025-12-11
KDP,KDP.US,200,2955,2015-01-02,2026-10-02,0,2015-12-28,2018-07-02
KEY,KEY.US,200,2955,2015-01-02,2026-10-02,0,2015-12-28,
KEYS,KEYS.US,200,2955,2015-01-02,2026-10-02,0,2018-11-06,
KHC,KHC.US,200,2955,2015-01-02,2026-10-02,0,2015-12-28,
KIM,KIM.US,200,2955,2015-01-02,2026-10-02,0,2015-12-28,
KKR,KKR.US,200,2955,2015-01-02,2026-10-02,0,2024-06-24,
KLAC,KLAC.US,200,2955,2015-01-02,2026-10-02,1,2015-12-28,
KMB,KMB.US,200,2955,2015-01-02,2026-10-02,0,2015-12-28,
KMI,KMI.US,200,2955,2015-01-02,2026-10-02,1,2015-12-28,
KMX,KMX.US,200,2955,2015-01-02,2026-10-02,0,2015-12-28,2025-10-31
KO,KO.US,200,2955,2015-01-02,2026-10-02,0,2015-12-28,
KORS,KORS.US,200,1009,2015-01-02,2019-01-04,0,2015-12-28,2018-09-19
KR,KR.US,200,2955,2015-01-02,2026-10-02,1,2015-12-28,
KSS,KSS.US,200,2955,2015-01-02,2026-10-02,0,2015-12-28,2020-09-21
KSU,KSU.US,200,1751,2015-01-02,2021-12-14,0,2015-12-28,2021-12-14
KVUE,KVUE.US,200,857,2023-05-04,2026-10-02,0,2023-08-25,
L,L.US,200,2955,2015-01-02,2026-10-02,0,2015-12-28,
LB,LB.US,200,568,2024-06-28,2026-10-02,0,2015-12-28,2021-08-03
LDOS,LDOS.US,200,2955,2015-01-02,2026-10-02,0,2019-08-09,
LEG,LEG.US,200,2930,2015-01-02,2026-08-27,0,2015-12-28,2021-12-20
LEN,LEN.US,200,2955,2015-01-02,2026-10-02,2,2015-12-28,
LH,LH.US,200,2955,2015-01-02,2026-10-02,1,2015-12-28,
LHX,LHX.US,200,2955,2015-01-02,2026-10-02,0,2019-06-01,
LII,LII.US,200,2955,2015-01-02,2026-10-02,0,2024-12-23,
LIN,LIN.US,200,2955,2015-01-02,2026-10-02,0,2018-11-06,
LITE,LITE.US,200,2816,2015-07-23,2026-10-02,0,2026-03-23,
LKQ,LKQ.US,200,2955,2015-01-02,2026-10-02,0,2016-05-23,2025-12-22
LLL,LLL.US,200,249,2021-10-13,2022-10-07,2,2015-12-28,2019-07-01
LLTC,LLTC.US,200,551,2015-01-02,2017-03-10,0,2015-12-28,2017-03-13
LLY,LLY.US,200,2955,2015-01-02,2026-10-02,0,2015-12-28,
LM,LM.US,200,1405,2015-01-02,2020-07-31,0,2015-12-28,2016-12-02
LMT,LMT.US,200,2955,2015-01-02,2026-10-02,0,2015-12-28,
LNC,LNC.US,200,2955,2015-01-02,2026-10-02,0,2015-12-28,2023-09-18
LNT,LNT.US,200,2955,2015-01-02,2026-10-02,1,2016-07-01,
LOW,LOW.US,200,2955,2015-01-02,2026-10-02,0,2015-12-28,
LRCX,LRCX.US,200,2955,2015-01-02,2026-10-02,1,2015-12-28,
LULU,LULU.US,200,2955,2015-01-02,2026-10-02,0,2023-10-18,
LUMN,LUMN.US,200,2955,2015-01-02,2026-10-02,0,2020-09-18,2023-03-20
LUV,LUV.US,200,2953,2015-01-02,2026-10-02,0,2015-12-28,
LVLT,LVLT.US,200,714,2015-01-02,2017-10-31,0,2015-12-28,2017-10-13
LVS,LVS.US,200,2955,2015-01-02,2026-10-02,0,2019-10-03,
LW,LW.US,200,2486,2016-11-10,2026-10-02,0,2018-12-03,2026-03-23
LYB,LYB.US,200,2955,2015-01-02,2026-10-02,0,2015-12-28,
LYV,LYV.US,200,2955,2015-01-02,2026-10-02,0,2019-12-23,
M,M.US,200,2955,2015-01-02,2026-10-02,0,2015-12-28,2020-04-06
MA,MA.US,200,2955,2015-01-02,2026-10-02,0,2015-12-28,
MAA,MAA.US,200,2955,2015-01-02,2026-10-02,0,2016-12-02,
MAC,MAC.US,200,2955,2015-01-02,2026-10-02,0,2015-12-28,2019-12-23
MAR,MAR.US,200,2955,2015-01-02,2026-10-02,0,2015-12-28,
MAS,MAS.US,200,2955,2015-01-02,2026-10-02,1,2015-12-28,
MAT,MAT.US,200,2955,2015-01-02,2026-10-02,0,2015-12-28,2019-06-07
MCD,MCD.US,200,2955,2015-01-02,2026-10-02,0,2015-12-28,
MCHP,MCHP.US,200,2955,2015-01-02,2026-10-02,1,2015-12-28,
MCK,MCK.US,200,2955,2015-01-02,2026-10-02,0,2015-12-28,
MCO,MCO.US,200,2955,2015-01-02,2026-10-02,0,2015-12-28,
MDLZ,MDLZ.US,200,2955,2015-01-02,2026-10-02,0,2015-12-28,
MDT,MDT.US,200,2955,2015-01-02,2026-10-02,0,2015-12-28,
MET,MET.US,200,2955,2015-01-02,2026-10-02,1,2015-12-28,
META,META.US,200,2955,2015-01-02,2026-10-02,0,2022-06-09,
MGM,MGM.US,200,2955,2015-01-02,2026-10-02,0,2017-07-26,
MHK,MHK.US,200,2955,2015-01-02,2026-10-02,0,2015-12-28,2025-12-22
MJN,MJN.US,200,617,2015-01-02,2017-06-14,0,2015-12-28,2017-06-15
MKC,MKC.US,200,2955,2015-01-02,2026-10-02,1,2015-12-28,
MKTX,MKTX.US,200,2955,2015-01-02,2026-10-02,0,2019-07-01,2025-09-22
MLM,MLM.US,200,2955,2015-01-02,2026-10-02,0,2015-12-28,
MMC,MMC.US,200,2774,2015-01-02,2026-01-13,0,2015-12-28,2026-01-14
MMM,MMM.US,200,2955,2015-01-02,2026-10-02,1,2015-12-28,
MNK,MNK.US,200,209,2022-10-27,2023-08-28,0,2015-12-28,2017-07-26
MNST,MNST.US,200,2955,2015-01-02,2026-10-02,3,2015-12-28,
MO,MO.US,200,2955,2015-01-02,2026-10-02,0,2015-12-28,
MOH,MOH.US,200,2955,2015-01-02,2026-10-02,0,2022-03-02,2026-03-23
MON,MON.US,200,454,2021-03-16,2022-12-30,0,2015-12-28,2018-06-07
MOS,MOS.US,200,2955,2015-01-02,2026-10-02,0,2015-12-28,
MPC,MPC.US,200,2955,2015-01-02,2026-10-02,1,2015-12-28,
MPWR,MPWR.US,200,2955,2015-01-02,2026-10-02,0,2021-02-12,
MRK,MRK.US,200,2955,2015-01-02,2026-10-02,1,2015-12-28,
MRNA,MRNA.US,200,1965,2018-12-07,2026-10-02,0,2021-07-21,
MRO,MRO.US,200,2491,2015-01-02,2024-11-22,0,2015-12-28,2024-11-26
MRSH,MRSH.US,200,2955,2015-01-02,2026-10-02,0,2026-01-14,
MRVL,MRVL.US,200,2955,2015-01-02,2026-10-02,0,2026-06-22,
MS,MS.US,200,2955,2015-01-02,2026-10-02,0,2015-12-28,
MSCI,MSCI.US,200,2955,2015-01-02,2026-10-02,0,2018-04-04,
MSFT,MSFT.US,200,2955,2015-01-02,2026-10-02,0,2015-12-28,
MSI,MSI.US,200,2955,2015-01-02,2026-10-02,0,2015-12-28,
MTB,MTB.US,200,2955,2015-01-02,2026-10-02,0,2015-12-28,
MTCH,MTCH.US,200,2955,2015-01-02,2026-10-02,1,2021-09-20,2026-03-23
MTD,MTD.US,200,2955,2015-01-02,2026-10-02,0,2016-09-06,
MU,MU.US,200,2955,2015-01-02,2026-10-02,0,2015-12-28,
MUR,MUR.US,200,2955,2015-01-02,2026-10-02,0,2015-12-28,2017-07-26
MXIM,MXIM.US,200,1675,2015-01-02,2021-08-26,0,2018-12-03,2021-08-30
MYL,MYL.US,200,1482,2015-01-02,2020-11-18,0,2015-12-28,2020-11-17
NAVI,NAVI.US,200,2955,2015-01-02,2026-10-02,0,2015-12-28,2018-06-05
NBL,NBL.US,200,1459,2015-01-02,2020-10-16,0,2015-12-28,2020-10-12
NCLH,NCLH.US,200,2955,2015-01-02,2026-10-02,0,2017-10-13,
NDAQ,NDAQ.US,200,2955,2015-01-02,2026-10-02,1,2015-12-28,
NDSN,NDSN.US,200,2955,2015-01-02,2026-10-02,0,2022-02-15,
NEE,NEE.US,200,2955,2015-01-02,2026-10-02,1,2015-12-28,
NEM,NEM.US,200,2955,2015-01-02,2026-10-02,0,2015-12-28,
NFLX,NFLX.US,200,2955,2015-01-02,2026-10-02,2,2015-12-28,
NFX,NFX.US,200,1310,2015-01-02,2026-10-02,0,2015-12-28,2019-02-15
NI,NI.US,200,2955,2015-01-02,2026-10-02,1,2015-12-28,
NKE,NKE.US,200,2955,2015-01-02,2026-10-02,1,2015-12-28,
NKTR,NKTR.US,200,2955,2015-01-02,2026-10-02,1,2018-03-19,2019-10-03
NLOK,NLOK.US,200,1980,2015-01-02,2022-11-10,0,2019-11-05,2022-11-08
NLSN,NLSN.US,200,1959,2015-01-02,2022-10-12,0,2015-12-28,2022-10-12
NOC,NOC.US,200,2955,2015-01-02,2026-10-02,0,2015-12-28,
NOV,NOV.US,200,2955,2015-01-02,2026-10-02,0,2015-12-28,2021-09-20
NOW,NOW.US,200,2955,2015-01-02,2026-10-02,1,2019-11-21,
NRG,NRG.US,200,2955,2015-01-02,2026-10-02,0,2015-12-28,
NSC,NSC.US,200,2955,2015-01-02,2026-10-02,0,2015-12-28,
NTAP,NTAP.US,200,2955,2015-01-02,2026-10-02,0,2015-12-28,
NTRS,NTRS.US,200,2955,2015-01-02,2026-10-02,0,2015-12-28,
NUE,NUE.US,200,2955,2015-01-02,2026-10-02,0,2015-12-28,
NVDA,NVDA.US,200,2955,2015-01-02,2026-10-02,2,2015-12-28,
NVR,NVR.US,200,2955,2015-01-02,2026-10-02,0,2019-09-26,
NWL,NWL.US,200,2955,2015-01-02,2026-10-02,0,2015-12-28,2023-09-18
NWS,NWS.US,200,2955,2015-01-02,2026-10-02,0,2015-12-28,
NWSA,NWSA.US,200,2955,2015-01-02,2026-10-02,0,2015-12-28,
NXPI,NXPI.US,200,2955,2015-01-02,2026-10-02,0,2021-03-22,
O,O.US,200,2955,2015-01-02,2026-10-02,1,2015-12-28,
ODFL,ODFL.US,200,2955,2015-01-02,2026-10-02,2,2019-12-09,
OGN,OGN.US,200,1353,2021-05-14,2026-10-02,0,2021-06-04,2023-10-18
OI,OI.US,200,2955,2015-01-02,2026-10-02,0,2015-12-28,2016-12-02
OKE,OKE.US,200,2955,2015-01-02,2026-10-02,0,2015-12-28,
OMC,OMC.US,200,2955,2015-01-02,2026-10-02,0,2015-12-28,
ON,ON.US,200,2955,2015-01-02,2026-10-02,0,2022-06-21,
ORCL,ORCL.US,200,2955,2015-01-02,2026-10-02,0,2015-12-28,
ORLY,ORLY.US,200,2955,2015-01-02,2026-10-02,1,2015-12-28,
OTIS,OTIS.US,200,1633,2020-04-03,2026-10-02,0,2020-04-03,
OXY,OXY.US,200,2955,2015-01-02,2026-10-02,0,2015-12-28,
PANW,PANW.US,200,2955,2015-01-02,2026-10-02,2,2023-06-20,
PARA,PARA.US,200,1262,2021-02-12,2026-10-02,3,2022-02-17,2025-08-08
PAYC,PAYC.US,200,2955,2015-01-02,2026-10-02,0,2020-01-28,2026-03-23
PAYX,PAYX.US,200,2955,2015-01-02,2026-10-02,0,2015-12-28,
PBCT,PBCT.US,200,1827,2015-01-02,2022-04-04,0,2015-12-28,2022-04-04
PBI,PBI.US,200,2955,2015-01-02,2026-10-02,0,2015-12-28,2017-03-01
PCAR,PCAR.US,200,2955,2015-01-02,2026-10-02,1,2015-12-28,
PCG,PCG.US,200,2955,2015-01-02,2026-10-02,0,2015-12-28,2019-01-18
PCL,PCL.US,200,295,2025-08-01,2026-10-02,0,2015-12-28,2016-02-22
PCP,PCP.US,200,271,2015-01-02,2016-01-29,0,2015-12-28,2016-02-01
PDCO,PDCO.US,200,2588,2015-01-02,2025-04-16,0,2015-12-28,2018-03-19
PEAK,PEAK.US,200,67,2019-06-12,2019-09-16,0,2019-11-05,2024-03-04
PEG,PEG.US,200,2955,2015-01-02,2026-10-02,0,2015-12-28,
PENN,PENN.US,200,2955,2015-01-02,2026-10-02,0,2021-03-22,2022-09-19
PEP,PEP.US,200,2955,2015-01-02,2026-10-02,0,2015-12-28,
PFE,PFE.US,200,2955,2015-01-02,2026-10-02,1,2015-12-28,
PFG,PFG.US,200,2955,2015-01-02,2026-10-02,0,2015-12-28,
PG,PG.US,200,2955,2015-01-02,2026-10-02,0,2015-12-28,
PGR,PGR.US,200,2955,2015-01-02,2026-10-02,0,2015-12-28,
PH,PH.US,200,2955,2015-01-02,2026-10-02,0,2015-12-28,
PHM,PHM.US,200,2955,2015-01-02,2026-10-02,0,2015-12-28,
PKG,PKG.US,200,2955,2015-01-02,2026-10-02,0,2017-07-26,
PKI,PKI.US,200,2107,2015-01-02,2023-05-16,0,2015-12-28,2023-05-16
PLD,PLD.US,200,2955,2015-01-02,2026-10-02,0,2015-12-28,
PLTR,PLTR.US,200,1509,2020-09-30,2026-10-02,0,2024-09-23,
PM,PM.US,200,2955,2015-01-02,2026-10-02,0,2015-12-28,
PNC,PNC.US,200,2955,2015-01-02,2026-10-02,0,2015-12-28,
PNR,PNR.US,200,2955,2015-01-02,2026-10-02,1,2015-12-28,
PNW,PNW.US,200,2955,2015-01-02,2026-10-02,0,2015-12-28,
PODD,PODD.US,200,2955,2015-01-02,2026-10-02,0,2023-03-15,
POM,POM.US,200,248,2025-10-08,2026-10-02,1,2015-12-28,2016-03-24
POOL,POOL.US,200,2955,2015-01-02,2026-10-02,0,2020-10-07,2026-06-22
PPG,PPG.US,200,2955,2015-01-02,2026-10-02,1,2015-12-28,
PPL,PPL.US,200,2955,2015-01-02,2026-10-02,1,2015-12-28,
PRGO,PRGO.US,200,2955,2015-01-02,2026-10-02,0,2015-12-28,2021-09-20
PRU,PRU.US,200,2955,2015-01-02,2026-10-02,0,2015-12-28,
PSA,PSA.US,200,2955,2015-01-02,2026-10-02,0,2015-12-28,
PSKY,PSKY.US,200,2955,2015-01-02,2026-10-02,0,2025-08-08,
PSX,PSX.US,200,2955,2015-01-02,2026-10-02,0,2015-12-28,
PTC,PTC.US,200,2955,2015-01-02,2026-10-02,0,2021-04-20,
PVH,PVH.US,200,2955,2015-01-02,2026-10-02,0,2015-12-28,2022-09-19
PWR,PWR.US,200,2955,2015-01-02,2026-10-02,0,2015-12-28,
PX,PX.US,200,1123,2021-10-21,2026-04-14,1,2015-12-28,2018-10-31
PXD,PXD.US,200,2349,2015-01-02,2024-05-02,0,2015-12-28,2024-05-08
PYPL,PYPL.US,200,2829,2015-07-06,2026-10-02,0,2015-12-28,
Q,Q.US,200,236,2024-12-31,2026-10-02,0,2025-11-03,
QCOM,QCOM.US,200,2955,2015-01-02,2026-10-02,0,2015-12-28,
QRVO,QRVO.US,200,2955,2015-01-02,2026-10-02,1,2015-12-28,2024-12-23
R,R.US,200,2955,2015-01-02,2026-10-02,0,2015-12-28,2017-06-19
RAI,RAI.US,200,644,2015-01-02,2017-07-24,1,2015-12-28,2017-07-25
RCL,RCL.US,200,2955,2015-01-02,2026-10-02,0,2015-12-28,
RDDT,RDDT.US,200,639,2024-03-18,2026-10-02,0,2026-08-18,
RE,RE.US,200,0,,,0,2017-06-19,2023-07-10
REG,REG.US,200,2955,2015-01-02,2026-10-02,0,2017-03-02,
REGN,REGN.US,200,2955,2015-01-02,2026-10-02,0,2015-12-28,
RF,RF.US,200,2955,2015-01-02,2026-10-02,0,2015-12-28,
RHI,RHI.US,200,2955,2015-01-02,2026-10-02,0,2015-12-28,2024-06-24
RHT,RHT.US,200,1135,2015-01-02,2019-07-08,0,2015-12-28,2019-07-15
RIG,RIG.US,200,2955,2015-01-02,2026-10-02,0,2015-12-28,2017-07-26
RJF,RJF.US,200,2955,2015-01-02,2026-10-02,1,2017-03-20,
RL,RL.US,200,2955,2015-01-02,2026-10-02,0,2015-12-28,
RMD,RMD.US,200,2955,2015-01-02,2026-10-02,0,2017-07-26,
ROK,ROK.US,200,2955,2015-01-02,2026-10-02,0,2015-12-28,
ROL,ROL.US,200,2955,2015-01-02,2026-10-02,3,2018-10-01,
ROP,ROP.US,200,2955,2015-01-02,2026-10-02,0,2015-12-28,
ROST,ROST.US,200,2955,2015-01-02,2026-10-02,1,2015-12-28,
RRC,RRC.US,200,2955,2015-01-02,2026-10-02,0,2015-12-28,2018-06-18
RSG,RSG.US,200,2955,2015-01-02,2026-10-02,0,2015-12-28,
RTN,RTN.US,200,1322,2015-01-02,2020-04-02,0,2015-12-28,2020-04-06
RTX,RTX.US,200,2955,2015-01-02,2026-10-02,1,2020-04-03,
RVTY,RVTY.US,200,2955,2015-01-02,2026-10-02,0,2023-05-16,
SATS,SATS.US,200,2884,2015-01-02,2026-06-23,1,2026-03-23,2026-06-24
SBAC,SBAC.US,200,2955,2015-01-02,2026-10-02,0,2017-09-01,
SBNY,SBNY.US,200,2945,2015-01-02,2026-10-02,0,2021-12-20,2023-03-15
SBUX,SBUX.US,200,2955,2015-01-02,2026-10-02,1,2015-12-28,
SCG,SCG.US,200,1006,2015-01-02,2018-12-31,0,2015-12-28,2019-01-02
SCHW,SCHW.US,200,2955,2015-01-02,2026-10-02,0,2015-12-28,
SE,SE.US,200,2249,2017-10-20,2026-10-02,0,2015-12-28,2017-02-27
SEDG,SEDG.US,200,2898,2015-03-26,2026-10-02,0,2021-12-20,2023-12-18
SEE,SEE.US,200,2833,2015-01-02,2026-04-09,0,2015-12-28,2023-12-18
SHW,SHW.US,200,2955,2015-01-02,2026-10-02,1,2015-12-28,
SIG,SIG.US,200,2955,2015-01-02,2026-10-02,0,2015-12-28,2018-03-19
SIVB,SIVB.US,200,2060,2015-01-02,2023-03-09,0,2018-03-19,2023-03-15
SJM,SJM.US,200,2955,2015-01-02,2026-10-02,0,2015-12-28,
SLB,SLB.US,200,2955,2015-01-02,2026-10-02,0,2015-12-28,
SLG,SLG.US,200,2955,2015-01-02,2026-10-02,2,2015-12-28,2021-03-22
SMCI,SMCI.US,200,2955,2015-01-02,2026-10-02,1,2024-03-18,
SNA,SNA.US,200,2955,2015-01-02,2026-10-02,0,2015-12-28,
SNDK,SNDK.US,200,411,2025-02-13,2026-10-02,0,2015-12-28,2016-05-12
SNI,SNI.US,200,799,2015-01-02,2018-03-06,0,2015-12-28,2018-03-07
SNPS,SNPS.US,200,2955,2015-01-02,2026-10-02,0,2017-03-16,
SO,SO.US,200,2955,2015-01-02,2026-10-02,0,2015-12-28,
SOLS,SOLS.US,200,241,2024-12-31,2026-10-02,0,2025-10-30,2025-12-22
SOLV,SOLV.US,200,633,2024-03-26,2026-10-02,0,2024-04-01,
SPG,SPG.US,200,2955,2015-01-02,2026-10-02,0,2015-12-28,
SPGI,SPGI.US,200,2955,2015-01-02,2026-10-02,1,2015-12-28,
SPLS,SPLS.US,200,179,2026-01-16,2026-10-02,0,2015-12-28,2017-09-13
SRCL,SRCL.US,200,2476,2015-01-02,2024-11-01,0,2015-12-28,2018-12-03
SRE,SRE.US,200,2955,2015-01-02,2026-10-02,1,2015-12-28,
STE,STE.US,200,2955,2015-01-02,2026-10-02,0,2019-12-23,
STI,STI.US,200,1110,2022-05-02,2026-10-02,1,2015-12-28,2019-12-09
STJ,STJ.US,200,506,2015-01-02,2017-01-04,0,2015-12-28,2017-01-05
STLD,STLD.US,200,2955,2015-01-02,2026-10-02,0,2022-12-22,
STT,STT.US,200,2955,2015-01-02,2026-10-02,0,2015-12-28,
STX,STX.US,200,2955,2015-01-02,2026-10-02,0,2015-12-28,
STZ,STZ.US,200,2955,2015-01-02,2026-10-02,0,2015-12-28,
SW,SW.US,200,1441,2015-01-07,2026-10-02,0,2024-07-08,
SWK,SWK.US,200,2955,2015-01-02,2026-10-02,0,2015-12-28,
SWKS,SWKS.US,200,2955,2015-01-02,2026-10-02,0,2015-12-28,
SWN,SWN.US,200,2452,2015-01-02,2024-09-30,0,2015-12-28,2017-04-04
SYF,SYF.US,200,2955,2015-01-02,2026-10-02,0,2015-12-28,
SYK,SYK.US,200,2955,2015-01-02,2026-10-02,0,2015-12-28,
SYMC,SYMC.US,200,1219,2015-01-02,2019-11-04,0,2015-12-28,2019-11-05
SYY,SYY.US,200,2955,2015-01-02,2026-10-02,0,2015-12-28,
T,T.US,200,2955,2015-01-02,2026-10-02,1,2015-12-28,
TAP,TAP.US,200,2955,2015-01-02,2026-10-02,0,2015-12-28,
TDC,TDC.US,200,2955,2015-01-02,2026-10-02,0,2015-12-28,2017-06-19
TDG,TDG.US,200,2955,2015-01-02,2026-10-02,0,2016-06-03,
TDY,TDY.US,200,2955,2015-01-02,2026-10-02,0,2020-06-22,
TE,TE.US,200,1691,2020-01-10,2026-10-02,0,2015-12-28,2016-07-01
TECH,TECH.US,200,2955,2015-01-02,2026-10-02,1,2021-08-30,
TEL,TEL.US,200,2955,2015-01-02,2026-10-02,0,2015-12-28,
TER,TER.US,200,2955,2015-01-02,2026-10-02,0,2020-09-21,
TFC,TFC.US,200,2955,2015-01-02,2026-10-02,0,2019-12-09,
TFX,TFX.US,200,2955,2015-01-02,2026-10-02,0,2019-01-18,2025-03-24
TGNA,TGNA.US,200,2820,2015-01-02,2026-03-20,2,2015-12-28,2017-06-02
TGT,TGT.US,200,2955,2015-01-02,2026-10-02,0,2015-12-28,
THC,THC.US,200,2955,2015-01-02,2026-10-02,0,2015-12-28,2016-04-18
TIF,TIF.US,200,1515,2015-01-02,2021-01-07,0,2015-12-28,2021-01-07
TJX,TJX.US,200,2955,2015-01-02,2026-10-02,1,2015-12-28,
TKO,TKO.US,200,2955,2015-01-02,2026-10-02,0,2025-03-24,
TMK,TMK.US,200,1158,2015-01-02,2019-08-08,0,2015-12-28,2019-08-08
TMO,TMO.US,200,2955,2015-01-02,2026-10-02,0,2015-12-28,
TMUS,TMUS.US,200,2955,2015-01-02,2026-10-02,0,2019-07-15,
TPL,TPL.US,200,2955,2015-01-02,2026-10-02,2,2024-11-26,
TPR,TPR.US,200,2955,2015-01-02,2026-10-02,0,2015-12-28,
TRGP,TRGP.US,200,2955,2015-01-02,2026-10-02,0,2022-10-12,
TRIP,TRIP.US,200,2955,2015-01-02,2026-10-02,0,2015-12-28,2019-12-23
TRMB,TRMB.US,200,2955,2015-01-02,2026-10-02,0,2021-01-21,
TROW,TROW.US,200,2955,2015-01-02,2026-10-02,0,2015-12-28,
TRV,TRV.US,200,2955,2015-01-02,2026-10-02,0,2015-12-28,
TSCO,TSCO.US,200,2955,2015-01-02,2026-10-02,1,2015-12-28,
TSLA,TSLA.US,200,2955,2015-01-02,2026-10-02,2,2020-12-21,
TSN,TSN.US,200,2955,2015-01-02,2026-10-02,0,2015-12-28,
TSS,TSS.US,200,1185,2015-01-02,2019-09-17,0,2015-12-28,2019-09-23
TT,TT.US,200,2955,2015-01-02,2026-10-02,1,2020-03-03,
TTD,TTD.US,200,2522,2016-09-21,2026-10-02,1,2025-07-18,
TTWO,TTWO.US,200,2955,2015-01-02,2026-10-02,0,2018-03-19,
TWC,TWC.US,200,346,2015-01-02,2016-05-17,0,2015-12-28,2016-05-18
TWTR,TWTR.US,200,1970,2015-01-02,2022-10-27,0,2018-06-07,2022-11-01
TWX,TWX.US,200,870,2015-01-02,2018-06-15,0,2015-12-28,2018-06-15
TXN,TXN.US,200,2955,2015-01-02,2026-10-02,0,2015-12-28,
TXT,TXT.US,200,2955,2015-01-02,2026-10-02,0,2015-12-28,
TYL,TYL.US,200,2955,2015-01-02,2026-10-02,0,2020-06-22,
UA,UA.US,200,2648,2016-03-23,2026-10-02,1,2016-04-08,2022-06-21
UAA,UAA.US,200,2955,2015-01-02,2026-10-02,1,2015-12-28,2022-06-21
UAL,UAL.US,200,2955,2015-01-02,2026-10-02,0,2015-12-28,
UBER,UBER.US,200,1860,2019-05-10,2026-10-02,0,2023-12-18,
UDR,UDR.US,200,2955,2015-01-02,2026-10-02,0,2016-03-07,
UHS,UHS.US,200,2955,2015-01-02,2026-10-02,0,2015-12-28,
ULTA,ULTA.US,200,2955,2015-01-02,2026-10-02,0,2016-04-18,
UNH,UNH.US,200,2955,2015-01-02,2026-10-02,0,2015-12-28,
UNM,UNM.US,200,2955,2015-01-02,2026-10-02,0,2015-12-28,2021-09-20
UNP,UNP.US,200,2955,2015-01-02,2026-10-02,0,2015-12-28,
UPS,UPS.US,200,2955,2015-01-02,2026-10-02,0,2015-12-28,
URBN,URBN.US,200,2955,2015-01-02,2026-10-02,0,2015-12-28,2017-03-20
URI,URI.US,200,2955,2015-01-02,2026-10-02,0,2015-12-28,
USB,USB.US,200,2955,2015-01-02,2026-10-02,0,2015-12-28,
UTX,UTX.US,200,1336,2015-01-02,2020-04-23,0,2015-12-28,2020-04-03
V,V.US,200,2955,2015-01-02,2026-10-02,1,2015-12-28,
VAR,VAR.US,200,1582,2015-01-02,2021-04-15,0,2015-12-28,2021-04-20
VEEV,VEEV.US,200,2955,2015-01-02,2026-10-02,0,2026-05-07,
VFC,VFC.US,200,2955,2015-01-02,2026-10-02,1,2015-12-28,2024-04-01
VIAB,VIAB.US,200,1240,2015-01-02,2019-12-04,0,2015-12-28,2019-12-05
VIAC,VIAC.US,200,1865,2015-01-02,2022-05-27,0,2019-12-05,2022-02-17
VICI,VICI.US,200,2248,2017-10-18,2026-10-02,0,2022-06-08,
VLO,VLO.US,200,2955,2015-01-02,2026-10-02,0,2015-12-28,
VLTO,VLTO.US,200,757,2023-09-27,2026-10-02,0,2023-10-02,
VMC,VMC.US,200,2955,2015-01-02,2026-10-02,0,2015-12-28,
VMRK,VMRK.US,200,2955,2015-01-02,2026-10-02,0,2026-08-18,
VNO,VNO.US,200,2955,2015-01-02,2026-10-02,2,2015-12-28,2023-01-04
VNT,VNT.US,200,1513,2020-09-24,2026-10-02,0,2020-10-12,2021-03-22
VRSK,VRSK.US,200,2955,2015-01-02,2026-10-02,0,2015-12-28,
VRSN,VRSN.US,200,2955,2015-01-02,2026-10-02,0,2015-12-28,
VRT,VRT.US,200,2056,2018-07-30,2026-10-02,0,2026-03-23,
VRTX,VRTX.US,200,2955,2015-01-02,2026-10-02,0,2015-12-28,
VST,VST.US,200,2512,2016-10-05,2026-10-02,0,2024-05-08,
VTR,VTR.US,200,2955,2015-01-02,2026-10-02,1,2015-12-28,
VTRS,VTRS.US,200,2955,2015-01-02,2026-10-02,0,2020-11-17,
VZ,VZ.US,200,2955,2015-01-02,2026-10-02,0,2015-12-28,
WAB,WAB.US,200,2955,2015-01-02,2026-10-02,0,2019-02-27,
WAT,WAT.US,200,2955,2015-01-02,2026-10-02,0,2015-12-28,
WBA,WBA.US,200,2680,2015-01-02,2025-08-28,0,2015-12-28,2025-08-28
WBD,WBD.US,200,2955,2015-01-02,2026-10-02,0,2022-04-11,
WCG,WCG.US,200,1273,2015-01-02,2020-01-23,0,2018-09-17,2020-01-28
WDAY,WDAY.US,200,2955,2015-01-02,2026-10-02,0,2024-12-23,
WDC,WDC.US,200,2955,2015-01-02,2026-10-02,1,2015-12-28,
WEC,WEC.US,200,2955,2015-01-02,2026-10-02,0,2015-12-28,
WELL,WELL.US,200,2955,2015-01-02,2026-10-02,0,2015-12-28,
WFC,WFC.US,200,2955,2015-01-02,2026-10-02,0,2015-12-28,
WFM,WFM.US,200,668,2015-01-02,2017-08-25,0,2015-12-28,2017-08-28
WHR,WHR.US,200,2955,2015-01-02,2026-10-02,0,2015-12-28,2024-03-18
WLTW,WLTW.US,200,1768,2015-01-02,2022-01-07,1,2016-01-05,2022-01-10
WM,WM.US,200,2955,2015-01-02,2026-10-02,0,2015-12-28,
WMB,WMB.US,200,2955,2015-01-02,2026-10-02,0,2015-12-28,
WMT,WMT.US,200,2955,2015-01-02,2026-10-02,1,2015-12-28,
WRB,WRB.US,200,2955,2015-01-02,2026-10-02,3,2019-12-05,
WRK,WRK.US,200,2392,2015-01-02,2024-07-05,0,2015-12-28,2024-07-08
WSM,WSM.US,200,2955,2015-01-02,2026-10-02,1,2025-03-24,
WST,WST.US,200,2955,2015-01-02,2026-10-02,0,2020-05-22,
WTW,WTW.US,200,2955,2015-01-02,2026-10-02,1,2022-01-10,
WU,WU.US,200,2955,2015-01-02,2026-10-02,0,2015-12-28,2021-12-20
WY,WY.US,200,2955,2015-01-02,2026-10-02,0,2015-12-28,
WYND,WYND.US,200,682,2018-06-01,2021-02-16,0,2015-12-28,2018-05-31
WYNN,WYNN.US,200,2955,2015-01-02,2026-10-02,0,2015-12-28,
XEC,XEC.US,200,1701,2015-01-02,2021-10-04,0,2015-12-28,2020-03-03
XEL,XEL.US,200,2955,2015-01-02,2026-10-02,0,2015-12-28,
XL,XL.US,200,1771,2016-01-04,2023-01-13,1,2015-12-28,2018-09-12
XLNX,XLNX.US,200,1795,2015-01-02,2022-02-16,0,2015-12-28,2022-02-15
XOM,XOM.US,200,2955,2015-01-02,2026-10-02,0,2015-12-28,
XRAY,XRAY.US,200,2955,2015-01-02,2026-10-02,0,2015-12-28,2024-04-02
XRX,XRX.US,200,2955,2015-01-02,2026-10-02,2,2015-12-28,2021-03-22
XYL,XYL.US,200,2955,2015-01-02,2026-10-02,0,2015-12-28,
XYZ,XYZ.US,200,2732,2015-11-19,2026-10-02,0,2025-07-23,
YUM,YUM.US,200,2955,2015-01-02,2026-10-02,1,2015-12-28,
ZBH,ZBH.US,200,2955,2015-01-02,2026-10-02,1,2015-12-28,
ZBRA,ZBRA.US,200,2955,2015-01-02,2026-10-02,0,2019-12-23,
ZION,ZION.US,200,2955,2015-01-02,2026-10-02,0,2015-12-28,2024-03-18
ZTS,ZTS.US,200,2955,2015-01-02,2026-10-02,0,2015-12-28,
