t,call,S,K,dte,real_mid,model,real_spread,model_iv,real_iv,smv,oi,ratio,iv_ratio
AAPL,True,184.24,170.0,107,19.9,19.162375186459627,0.005025125628140597,0.2546629442821977,0.24081,0.240098,2155,0.9629334264552577,1.0606624973227503
AAPL,False,184.24,205.0,107,20.925,23.172543201510905,0.01194743130227001,0.2546629442821977,0.18186,0.187244,1430,1.1074094719957421,1.3600593038078534
ABBV,True,160.53,145.0,107,17.775,18.249506488844204,0.014064697609001408,0.2229806906985977,0.226,0.222469,11,1.026695161116411,1.002300053933796
ABBV,False,160.53,175.0,107,16.450000000000003,16.494745959260896,0.01823708206686934,0.2229806906985977,0.1853,0.18379,0,1.0027201191040056,1.21323625169268
ABNB,True,133.61,115.0,107,24.075,24.793900339844157,0.006230529595015517,0.4852239332689436,0.41293,0.426786,222,1.0298608656217718,1.1369256097176186
ABNB,False,133.61,165.0,107,32.3,35.23574248984495,0.012383900928792527,0.4852239332689436,0.36714,0.3675,0,1.090889860366717,1.3203372333848806
ABT,True,109.66,100.0,107,11.75,11.104363451233084,0.05957446808510632,0.18167297072822533,0.21073,0.230291,0,0.9450522086155816,0.788884371200895
ABT,False,109.66,120.0,107,11.15,10.860572377558626,0.01793721973094164,0.18167297072822533,0.19208,0.187267,0,0.9740423657003251,0.9701280563485576
ADBE,True,572.07,510.0,107,81.975,88.40801968490206,0.009149130832570906,0.4235274135499358,0.31563,0.314807,99,1.0784753849942308,1.3453557689312365
ADBE,False,572.07,665.0,107,95.175,111.57696188730625,0.017336485421591864,0.4235274135499358,0.27293,0.275507,15,1.1723347716029027,1.53726552700997
ADSK,True,227.93,200.0,107,35.35,41.76391313848008,0.014144271570014143,0.5345988565384004,0.32343,0.321209,33,1.1814402585142878,1.6643333671796257
ADSK,False,227.93,270.0,107,42.6,53.20050687054831,0.018779342723004626,0.5345988565384004,0.27427,0.277691,0,1.2488381894494909,1.9251573026795985
AJG,True,225.45,210.0,107,22.0,29.669149780640765,0.06363636363636357,0.4329393532477892,0.22628,0.226329,1,1.348597717301853,1.9128761813456923
AJG,False,225.45,250.0,107,24.45,35.53138229374346,0.07770961145194269,0.4329393532477892,0.10327,0.190052,35,1.4532262696827591,2.2780047210647045
ALGN,True,255.83,210.0,107,57.0,63.86688234850354,0.0456140350877192,0.7140408435192046,0.50464,0.507396,35,1.1204716201491849,1.407265416990289
ALGN,False,255.83,330.0,107,76.65,89.65653506643676,0.04044357469015014,0.7140408435192046,0.43721,0.468571,0,1.1696873459417712,1.5238690476346266
ALL,True,144.94,130.0,107,19.05,18.59315403662241,0.07874015748031496,0.28918926962389435,0.29099,0.260242,516,0.9760185845996014,1.1112321209639273
ALL,False,144.94,165.0,107,20.55,22.041567592626365,0.024330900243309,0.28918926962389435,0.21699,0.258559,0,1.0725823646046893,1.11846530046873
AMAT,True,151.7,135.0,107,22.700000000000003,25.573600368803895,0.008810572687224637,0.4963443168672373,0.35924,0.348968,54,1.1265903246169116,1.4223204330117296
AMAT,False,151.7,180.0,107,29.35,34.50383230390537,0.013628620102214722,0.4963443168672373,0.3158,0.323803,8,1.1755990563511198,1.532858919982944
AMCR,True,9.59,8.0,107,2.125,1.7047529537301402,0.7294117647058823,0.27878646240051985,0.54997,0.316866,33,0.8022366841083013,0.8798244759630881
AMCR,False,9.59,11.0,107,1.525,1.5094003296242358,0.4262295081967214,0.27878646240051985,0.22581,0.250566,78,0.9897707079503186,1.1126268623856383
AMD,True,135.22,115.0,107,25.9,30.257486857045805,0.007722007722007695,0.6695830766169589,0.43575,0.457233,3907,1.1682427357932743,1.4644242139499095
AMD,False,135.22,170.0,107,35.825,42.72398779818357,0.0209351011863224,0.6695830766169589,0.39728,0.40972,27,1.192574676850902,1.6342455252781387
AMGN,True,300.91,275.0,107,33.45,33.827087383187546,0.017937219730941745,0.26737033785639747,0.24917,0.246892,190,1.011273165416668,1.082944517669254
AMGN,False,300.91,335.0,107,35.625,38.660432577512495,0.05192982456140335,0.26737033785639747,0.1974,0.214336,0,1.085205124982807,1.24743551179642
AMT,True,215.22,195.0,107,26.6,24.7892128237539,0.022556390977443528,0.24829610450084408,0.28012,0.263426,530,0.9319252941260864,0.9425649119708915
AMT,False,215.22,240.0,107,26.3,27.251598014430755,0.03802281368821293,0.24829610450084408,0.22233,0.244229,14,1.036182434008774,1.0166528319767272
AMZN,True,148.88,130.0,107,23.875,21.609860787825326,0.006282722513088946,0.27931557859499506,0.33527,0.341929,3704,0.9051250591759299,0.8168818046875085
AMZN,False,148.88,175.0,107,26.525,27.007719257528407,0.013195098963242145,0.27931557859499506,0.27137,0.281496,86,1.0181986524987148,0.9922541655831523
ANSS,True,343.81,300.0,107,55.8,82.13654728746968,0.1146953405017921,0.8222330122642956,0.32913,0.347276,21,1.4719811341840445,2.367664371463319
ANSS,False,343.81,410.0,107,69.3,102.76249818733697,0.077922077922078,0.8222330122642956,0.32479,0.306308,25,1.4828643317076042,2.684334109015421
AON,True,291.05,270.0,107,29.700000000000003,39.54638463151056,0.026936026936026956,0.4435467326662426,0.23002,0.234362,10,1.3315281020710625,1.8925710339826536
AON,False,291.05,320.0,107,30.299999999999997,44.61522582436899,0.026402640264026427,0.4435467326662426,0.19906,0.196378,76,1.4724496971738943,2.2586375900877016
AOS,True,78.69,70.0,107,10.75,10.375465463349016,0.027906976744186112,0.27605086942841167,0.28638,0.290921,143,0.965159577985955,0.9488860186387772
AOS,False,78.69,90.0,107,11.600000000000001,12.137924946323444,0.03448275862068968,0.27605086942841167,0.23511,0.213091,2,1.0463728402002967,1.2954600120531212
APA,True,36.83,32.5,107,5.7,5.620006582292067,0.017543859649122744,0.3759340809709548,0.39222,0.39246,794,0.9859660670687836,0.9578914563801529
APA,False,36.83,45.0,107,8.625,8.653211991631654,0.028985507246376812,0.3759340809709548,0.35528,0.369283,141,1.003270955551496,1.0180107965190786
APH,True,95.22,85.0,107,12.3,11.981625878097333,0.0162601626016261,0.2505012732639286,0.22546,0.261997,467,0.9741159250485636,0.95612267798459
APH,False,95.22,105.0,107,9.85,11.169863095053614,0.33502538071065996,0.2505012732639286,0.1452,0.159636,1,1.1339962533049355,1.5692028944845062
ARE,True,125.31,110.0,107,19.3,25.682885272657238,0.031088082901554476,0.6552048009763602,0.3535,0.349059,194,1.3307194441791315,1.8770603278424571
ARE,False,125.31,145.0,107,21.3,29.83114489486168,0.046948356807511735,0.6552048009763602,0.29887,0.30629,0,1.4005232345005483,2.1391648469632054
ATO,True,117.65,110.0,107,10.2,10.872377792424743,0.27450980392156854,0.23717752740902792,0.12498,0.181772,5,1.0659193914141905,1.3048078219364254
ATO,False,117.65,130.0,107,13.100000000000001,13.731119791080872,0.12213740458015263,0.23717752740902792,0.12008,0.169581,0,1.0481770832886161,1.3986090859767775
AVB,True,183.07,165.0,107,22.3,25.962408614484218,0.02690582959641262,0.3879240427880959,0.25415,0.256819,22,1.164233570156243,1.5104958853826853
AVB,False,183.07,200.0,107,18.2,25.06474372433162,0.032967032967033044,0.3879240427880959,0.1914,0.193321,3,1.377183721117122,2.0066316788558716
AVGO,True,1059.07,940.0,107,152.2,194.40364860906084,0.015768725361366663,0.5703255235046345,0.32471,0.316316,50,1.2772907267349596,1.8030245814458785
AVGO,False,1059.07,1240.0,107,185.2,243.9436706486929,0.032397408207343416,0.5703255235046345,0.26355,0.286564,1,1.3171904462672404,1.9902204167468158
AVY,True,196.92,180.0,107,22.05,20.63545015982936,0.022675736961451247,0.21981068401091988,0.24313,0.241448,15,0.9358480798108554,0.9103851927161123
AVY,False,196.92,220.0,107,23.799999999999997,24.354681284194214,0.033613445378151294,0.21981068401091988,0.20108,0.206329,0,1.0233059363106813,1.0653407131858337
AXP,True,186.45,170.0,107,21.6,22.342131953592002,0.013888888888888921,0.3025355864803033,0.26125,0.260749,1739,1.0343579608144444,1.1602559798131664
AXP,False,186.45,210.0,107,24.25,27.006977945913803,0.04948453608247434,0.3025355864803033,0.20874,0.226152,1,1.113689812202631,1.3377533096338008
BA,True,244.59,220.0,107,32.900000000000006,36.20583526753691,0.01823708206686934,0.4160394862258341,0.29657,0.289295,406,1.1004813151227022,1.438115025236641
BA,False,244.59,285.0,107,41.025000000000006,47.88293278872146,0.015843997562461878,0.4160394862258341,0.25753,0.264412,10,1.167164723673893,1.5734516066813689
BAC,True,33.5,30.0,107,4.35,4.8077276181405075,0.02298850574712656,0.37560110803936425,0.28058,0.295874,2692,1.1052247398024155,1.2694630418332271
BAC,False,33.5,38.0,107,4.75,5.51276104754124,0.021052631578947295,0.37560110803936425,0.24548,0.245843,0,1.1605812731665768,1.5278088375075323
BEN,True,28.41,25.0,107,4.15,4.938252343307866,0.07228915662650598,0.4905412959246311,0.31617,0.348884,1046,1.1899403236886423,1.4060297861886215
BEN,False,28.41,32.5,107,4.35,5.523654194970781,0.06896551724137928,0.4905412959246311,0.25105,0.270694,102,1.2698055620622486,1.81216168782696
BG,True,100.25,90.0,107,12.75,12.51421257670836,0.023529411764705938,0.2707099295307536,0.27078,0.275295,15,0.98150686876144,0.9833448828738394
BG,False,100.25,115.0,107,15.7,15.661168190081867,0.07643312101910835,0.2707099295307536,0.26498,0.240276,117,0.997526636310947,1.1266623779768001
BIIB,True,264.19,235.0,107,38.150000000000006,38.84295807846624,0.049803407601572695,0.37208522804041916,0.30503,0.334858,44,1.0181640387540296,1.1111731780050624
BIIB,False,264.19,310.0,107,46.8,51.3275874770965,0.04700854700854692,0.37208522804041916,0.15598,0.292391,0,1.0967433221601817,1.2725604688257133
BKNG,True,3415.24,3080.0,107,455.20000000000005,414.9715596519104,0.02372583479789106,0.26900729766542797,0.29446,0.292928,0,0.9116246916781863,0.9183393109072125
BKNG,False,3415.24,3950.0,107,540.25,559.6537385326806,0.02869042110134197,0.26900729766542797,0.13511,0.252082,0,1.0359162212543833,1.0671420318207092
BKR,True,33.97,30.0,107,4.9,4.755658052983431,0.040816326530612276,0.29825531798431926,0.30755,0.317026,30,0.970542459792537,0.9407913482942071
BKR,False,33.97,39.0,107,5.4,5.482159407708551,0.03703703703703707,0.29825531798431926,0.28628,0.273529,1743,1.015214705131213,1.0903974276377248
BLDR,True,159.04,135.0,107,30.85,34.10937365394598,0.01620745542949757,0.6102611408907963,0.44418,0.45067,0,1.1056523064488162,1.354119734818817
BLDR,False,159.04,200.0,107,42.35,48.468838999793306,0.016528925619834777,0.6102611408907963,0.40719,0.408481,0,1.1444826210104677,1.4939768089355352
BLK,True,785.87,710.0,107,95.05000000000001,100.90023920474232,0.03471856917411885,0.3188652900652593,0.25879,0.258757,114,1.0615490710651478,1.2322962859565512
BLK,False,785.87,880.0,107,98.19999999999999,112.2579484286781,0.028513238289205677,0.3188652900652593,0.21526,0.211771,0,1.14315629764438,1.5057080056535566
BMY,True,52.39,46.0,107,7.15,8.04364364217652,0.01398601398601406,0.3623303824440209,0.2913,0.300151,240,1.1249851247799327,1.2071603374435564
BMY,False,52.39,57.5,107,6.325,7.081511340987028,0.0237154150197629,0.3623303824440209,0.24607,0.241099,1222,1.1196065361244312,1.5028282259321726
BWA,True,33.95,30.0,107,5.15,6.03919709383425,0.019417475728155442,0.5262633601439426,0.35253,0.364899,109,1.1726596298707281,1.4422165041393444
BWA,False,33.95,40.0,107,6.25,7.704884532538106,0.04800000000000011,0.5262633601439426,0.29104,0.299171,106,1.232781525206097,1.7590721030579253
BXP,True,69.38,57.5,107,13.95,17.89499326396769,0.021505376344085947,0.7910297931565081,0.44854,0.442933,46,1.2827952160550318,1.785890401384652
BXP,False,69.38,85.0,107,16.65,21.941088837949074,0.018018018018018063,0.7910297931565081,0.36041,0.376291,0,1.3177831133903348,2.102175691569844
C,True,53.67,48.0,107,6.975,7.200567381961719,0.021505376344085947,0.314563973444346,0.28563,0.288632,85,1.0323394096002465,1.089844415880242
C,False,53.67,60.0,107,7.15,7.548879809853069,0.01398601398601406,0.314563973444346,0.26438,0.250811,0,1.0557873859934361,1.2541873101432792
CCI,True,113.75,100.0,107,15.95,17.865309253826283,0.04388714733542327,0.3890361571069608,0.28611,0.301628,702,1.1200820848793909,1.289787941129341
CCI,False,113.75,130.0,107,17.1,19.742470490198855,0.09356725146198817,0.3890361571069608,0.20884,0.245217,24,1.1545304380233248,1.586497498570494
CCL,True,16.36,14.0,107,3.225,3.770391909195032,0.015503875968992192,0.724967663835183,0.49642,0.506157,4155,1.1691137702930332,1.4322980099755274
CCL,False,16.36,21.0,107,4.824999999999999,5.686953778139454,0.010362694300518099,0.724967663835183,0.45747,0.460236,357,1.1786432700807161,1.5752085100582809
CFG,True,32.27,27.5,107,5.6,6.830853307760094,0.03571428571428575,0.6062913439973467,0.3882,0.399556,288,1.2197952335285882,1.5174126880771324
CFG,False,32.27,37.5,107,5.949999999999999,7.465760144231908,0.050420168067226864,0.6062913439973467,0.34221,0.334315,0,1.2547496040725896,1.8135331767864045
CHD,True,93.83,85.0,107,11.4,11.475926675976133,0.08771929824561403,0.29261428519761223,0.25165,0.239484,15,1.0066602347347484,1.22185317264457
CHD,False,93.83,105.0,107,10.399999999999999,12.896883184120156,0.23076923076923084,0.29261428519761223,0.10825,0.183532,3,1.2400849215500152,1.5943502233812754
CHTR,True,388.73,340.0,107,62.7,71.38048203413169,0.051036682615629915,0.5268451699951893,0.34934,0.352519,2,1.1384446895395803,1.494515671482074
CHTR,False,388.73,460.0,107,72.8,89.77420461927505,0.035714285714285636,0.5268451699951893,0.28595,0.298628,1,1.2331621513636684,1.7642189278808058
CI,True,305.63,280.0,107,34.55,68.16928892584482,0.04920405209840799,0.8553708276632057,0.25491,0.26781,78,1.9730619081286491,3.193946557870153
CI,False,305.63,350.0,107,45.25,83.29101368388083,0.037569060773480725,0.8553708276632057,0.2202,0.234813,0,1.8406853852791345,3.642774580892905
CLX,True,141.57,125.0,107,19.9,19.77096389050992,0.08040201005025116,0.2949794088457712,0.29829,0.29108,301,0.9935157733924582,1.013396347553151
CLX,False,141.57,160.0,107,19.049999999999997,20.745007564502885,0.1417322834645669,0.2949794088457712,0.13599,0.232815,20,1.0889767750395216,1.267012043235063
CMA,True,54.66,45.0,107,11.2,13.231629225541646,0.017857142857142953,0.6776445605430964,0.45098,0.445187,416,1.1813954665662185,1.5221571172183743
CMA,False,54.66,65.0,107,11.5,14.536550080920264,0.03478260869565205,0.6776445605430964,0.37649,0.379005,1,1.2640478331235012,1.7879567830057557
CMCSA,True,43.42,40.0,107,4.775,4.744456743036647,0.031413612565444914,0.2792702025530188,0.26508,0.260252,946,0.9936035063951092,1.073076105286487
CMCSA,False,43.42,50.0,107,6.625,6.999221447594714,0.022641509433962318,0.2792702025530188,0.11746,0.223601,2,1.0564862562407116,1.2489666976132434
COST,True,645.39,595.0,107,67.92500000000001,77.64446407220402,0.030180345969819607,0.3432146983788109,0.2237,0.228417,152,1.1430911162635848,1.502579485672305
COST,False,645.39,715.0,107,69.82499999999999,89.51766309026033,0.0651629072681704,0.3432146983788109,0.10298,0.177008,6,1.282028830508562,1.938978455091357
CRM,True,252.16,230.0,107,31.6,40.729735686140515,0.009493670886075972,0.5296443194408172,0.29589,0.296634,309,1.2889156862702693,1.7855145379181658
CRM,False,252.16,290.0,107,38.6,52.15517810270754,0.012953367875647668,0.5296443194408172,0.25183,0.258186,307,1.351170417168589,2.051406038440571
CSCO,True,50.64,45.0,107,6.65,6.073023388628208,0.015037593984962485,0.1674537038688999,0.24906,0.248179,448,0.9132365997937154,0.6747295454849117
CSCO,False,50.64,55.0,107,4.6,4.566323582870858,0.021739130434782726,0.1674537038688999,0.17592,0.175744,739,0.9926790397545344,0.9528274300624766
CSGP,True,82.97,75.0,107,11.15,10.627314263037249,0.02690582959641262,0.31905252044420024,0.31796,0.328645,127,0.9531223554293496,0.9708120325707077
CSGP,False,82.97,95.0,107,12.5,13.476589095575456,0.03199999999999989,0.31905252044420024,0.26821,0.266054,1,1.0781271276460365,1.1992021185330806
CTLT,True,42.61,35.0,107,9.45,10.15730884198841,0.03174603174603163,0.6478061970774168,0.51285,0.512136,9,1.07484749650671,1.2649104868187684
CTLT,False,42.61,55.0,107,13.0,14.42201842313229,0.03076923076923066,0.6478061970774168,0.47224,0.463484,1,1.1093860325486378,1.3976883712866395
CTRA,True,25.91,23.0,107,3.85,3.609849742589887,0.18181818181818185,0.3164430272177293,0.36149,0.298605,139,0.937623309763607,1.0597378718297727
CTRA,False,25.91,30.0,107,4.449999999999999,4.4648231217069245,0.15730337078651693,0.3164430272177293,0.28339,0.270073,121,1.0033310385858258,1.1716944204630946
CTSH,True,73.85,67.5,107,8.3,8.125013941716588,0.0240963855421688,0.2532060725851204,0.24683,0.252353,83,0.9789173423754924,1.0033804733255416
CTSH,False,73.85,82.5,107,8.95,9.529063756483879,0.03351955307262558,0.2532060725851204,0.20672,0.210437,0,1.0646998610596514,1.2032393190604331
CVS,True,80.88,72.5,107,10.075,11.375257037002463,0.03473945409429277,0.36230281634738626,0.26331,0.270101,0,1.1290577704220808,1.341360514575608
CVS,False,80.88,90.0,107,10.075,11.811156654096855,0.044665012406948,0.36230281634738626,0.22916,0.224481,0,1.1723232411014248,1.613957601522562
CVX,True,152.72,135.0,107,20.375,20.431617950681527,0.012269938650306749,0.25833297354248913,0.26094,0.267691,53,1.0027787951254736,0.9650416844140786
CVX,False,152.72,170.0,107,18.950000000000003,19.36169904501429,0.015831134564643835,0.25833297354248913,0.22756,0.223954,29,1.0217255432725219,1.1535090846445661
D,True,48.39,42.5,107,6.75,7.310129095808392,0.04444444444444455,0.347728441999701,0.28571,0.29752,3633,1.08298208826791,1.1687565272912779
D,False,48.39,55.0,107,7.199999999999999,7.792134373814584,0.027777777777777804,0.347728441999701,0.24521,0.23597,6,1.0822408852520256,1.473612925370602
DAL,True,38.78,34.0,107,6.225,6.448834768685401,0.02409638554216859,0.4347014502299119,0.37325,0.381148,461,1.035957392559904,1.1405056571985475
DAL,False,38.78,46.0,107,7.6,8.36051125419861,0.013157894736842176,0.4347014502299119,0.33303,0.333821,300,1.1000672702892909,1.3021992332115473
DD,True,77.12,70.0,107,8.8,8.302684469038589,0.022727272727272846,0.2045256196488285,0.22636,0.228724,390,0.9434868714816577,0.8942027056575983
DD,False,77.12,85.0,107,8.15,8.409098488516484,0.03680981595092033,0.2045256196488285,0.18205,0.189607,0,1.0317912255848447,1.0786817978704821
DFS,True,111.11,97.5,107,17.1,17.946785765645103,0.08187134502923989,0.40933941190441026,0.35418,0.327803,136,1.0495196354178422,1.2487360149370514
DFS,False,111.11,130.0,107,19.8,22.028324296628952,0.050505050505050504,0.40933941190441026,0.28185,0.28786,0,1.1125416311428764,1.4220086566539647
DG,True,131.4,110.0,107,25.450000000000003,27.74011126167767,0.031434184675834996,0.5439623017242218,0.4276,0.426534,11,1.0899847254097315,1.2753081858051685
DG,False,131.4,160.0,107,30.0,34.25471588845893,0.016666666666666666,0.5439623017242218,0.35806,0.357433,0,1.141823862948631,1.5218580873176841
DIS,True,91.56,80.0,107,14.125,13.18372876791203,0.010619469026548572,0.2737835047072706,0.29314,0.308084,2248,0.9333613287017366,0.8886651196013767
DIS,False,91.56,105.0,107,13.925,14.321147308251724,0.010771992818671479,0.2737835047072706,0.26487,0.263046,264,1.028448639730824,1.0408198744982649
DLR,True,133.53,120.0,107,17.35,16.231443164354005,0.01729106628242079,0.25332763629118515,0.307,0.302704,103,0.9355298653806342,0.8368823546804309
DLR,False,133.53,150.0,107,17.950000000000003,17.895125162830652,0.016713091922005607,0.25332763629118515,0.24838,0.251752,5,0.9969429060072785,1.0062586843051304
DRI,True,160.64,145.0,107,18.75,19.217330226853477,0.05866666666666674,0.26066441486153014,0.25515,0.276,86,1.0249242787655188,0.9444362857301816
DRI,False,160.64,175.0,107,16.3,17.54158515665131,0.12269938650306748,0.26066441486153014,0.19656,0.175106,0,1.0761708685062152,1.4886092701651006
DTE,True,110.81,100.0,107,12.1,14.020749089175183,0.1652892561983471,0.30333535681273877,0.11876,0.234135,86,1.1587395941467094,1.295557506621132
DTE,False,110.81,120.0,107,10.95,12.520032684832216,0.22831050228310504,0.30333535681273877,0.21524,0.174009,20,1.143381980349974,1.743216481979316
DUK,True,98.53,90.0,107,10.05,10.273806916221488,0.02985074626865661,0.2128513600478928,0.20197,0.209558,494,1.0222693448976605,1.0157157447956786
DUK,False,98.53,105.0,107,7.550000000000001,8.162451021608916,0.03973509933774832,0.2128513600478928,0.16638,0.16101,3,1.0811193406104525,1.3219760266312204
DVA,True,105.33,92.5,107,17.4,15.492894142734244,0.011494252873563178,0.3210804498363982,0.39157,0.393988,149,0.8903962150996693,0.8149498203914795
DVA,False,105.33,125.0,107,20.85,20.752031127765093,0.04316546762589938,0.3210804498363982,0.35415,0.338503,1,0.9953012531302202,0.9485305886104354
DVN,True,46.75,40.0,107,7.975,7.53509766775224,0.0689655172413793,0.2936797174424066,0.3849,0.356905,961,0.9448398329469894,0.8228512277564244
DVN,False,46.75,55.0,107,9.0,8.615984729722179,0.12222222222222238,0.2936797174424066,0.30778,0.310507,42,0.9573316366357977,0.9458070750173317
EBAY,True,43.53,37.5,107,7.025,7.052263451980437,0.02135231316725971,0.3362980202188289,0.31532,0.341849,201,1.0038809184313788,0.9837618955118455
EBAY,False,43.53,50.0,107,6.775,7.327131096062615,0.02214022140221394,0.3362980202188289,0.26164,0.266462,88,1.0814953647324892,1.2620862269998308
ECL,True,196.3,180.0,107,20.9,19.08887948486884,0.10526315789473681,0.18248460056410623,0.20338,0.222235,105,0.9133435160224326,0.8211334873629547
ECL,False,196.3,220.0,107,23.6,23.833494096283204,0.2033898305084746,0.18248460056410623,0.13405,0.181257,0,1.0098938176391188,1.006772707062934
EFX,True,233.41,210.0,107,31.15,33.50588333131205,0.05457463884430175,0.39179445444885297,0.29729,0.318147,106,1.075630283509215,1.231488759752105
EFX,False,233.41,270.0,107,37.55,43.115669416668425,0.07723035952063911,0.39179445444885297,0.15267,0.277715,0,1.1482202241456305,1.410778872040952
EG,True,364.94,330.0,107,45.45,55.87303044007908,0.04180418041804177,0.4603716847489999,0.27967,0.274341,1,1.2293296026420037,1.678100191910797
EG,False,364.94,420.0,107,56.2,70.59721228929286,0.03558718861209964,0.4603716847489999,0.2276,0.242417,0,1.2561781546137518,1.8990899349014299
EIX,True,71.41,65.0,107,8.1,8.64229402317006,0.02469135802469127,0.3032788322983763,0.24856,0.240833,118,1.066949879403711,1.2592910120223406
EIX,False,71.41,80.0,107,8.55,10.022281927814973,0.08187134502923989,0.3032788322983763,0.09806,0.191312,16,1.1721967167035054,1.5852577585220806
EL,True,138.39,120.0,107,23.85,27.94995530249176,0.012578616352201286,0.6037149656228559,0.41182,0.416109,394,1.171905882704057,1.450857745501433
EL,False,138.39,170.0,107,33.0,38.83286949413896,0.01818181818181801,0.6037149656228559,0.37,0.376754,36,1.176753621034514,1.6024115619817068
EOG,True,125.28,110.0,107,18.15,17.52374961740665,0.016528925619834753,0.2685890790246704,0.31669,0.319597,4,0.9654958466890717,0.840399249757258
EOG,False,125.28,143.5,107,19.75,19.354186781789522,0.015189873417721374,0.2685890790246704,0.26896,0.269137,9,0.9799588243944062,0.9979641558933569
EPAM,True,282.47,240.0,107,49.9,50.75475055323122,0.10020040080160321,0.3975226069856689,0.33476,0.413806,8,1.017129269603832,0.9606496932999252
EPAM,False,282.47,330.0,107,49.4,55.00591227063373,0.09716599190283395,0.3975226069856689,0.17173,0.303114,0,1.1134800054784155,1.31146237714414
EQR,True,60.66,55.0,107,7.15,7.954708912310579,0.04195804195804193,0.3477349723179423,0.25438,0.261131,92,1.1125467010224586,1.3316495257856873
EQR,False,60.66,67.5,107,7.1,8.684297737058237,0.05633802816901401,0.3477349723179423,0.18198,0.197388,97,1.2231405263462307,1.7616824341801036
EQT,True,38.58,33.0,107,6.9,6.910258852023201,0.014492753623188482,0.42175332581110925,0.39705,0.411945,0,1.00148679014829,1.023809794538371
EQT,False,38.58,47.0,107,8.75,9.228767931700386,0.034285714285714364,0.42175332581110925,0.34945,0.347706,7,1.0547163350514726,1.212959586004007
ES,True,64.03,55.0,107,10.15,10.669191806884193,0.029556650246305487,0.3555496064130163,0.30881,0.290657,526,1.051151902156078,1.223261804852511
ES,False,64.03,75.0,107,11.05,12.151568310198279,0.08144796380090501,0.3555496064130163,0.14095,0.235049,0,1.0996894398369483,1.5126616425214159
ESS,True,242.58,220.0,107,28.9,33.75676866283075,0.041522491349480946,0.3935065832684875,0.26645,0.266196,1,1.1680542789906836,1.4782588140636503
ESS,False,242.58,270.0,107,29.35,36.98670955923291,0.07155025553662685,0.3935065832684875,0.21582,0.234172,0,1.260194533534341,1.6804168870252956
ETN,True,233.03,210.0,107,29.5,27.45950644660087,0.013559322033898256,0.24092457628861844,0.27405,0.266546,344,0.9308307270034193,0.9038761650470029
ETN,False,233.03,260.0,107,28.35,29.33034265597641,0.01763668430335097,0.24092457628861844,0.2241,0.233827,2,1.034579987865129,1.0303539637792831
EXC,True,36.05,33.0,107,3.8,6.0418134168481785,0.052631578947368356,0.5706510700230084,0.23567,0.245267,27,1.5899508991705733,2.3266524645509112
EXC,False,36.05,40.0,107,4.25,6.742764331543164,0.0235294117647058,0.5706510700230084,0.20406,0.198831,204,1.5865327838925092,2.8700306794363475
EXPE,True,145.5,125.0,107,26.325000000000003,24.937882312047122,0.017094017094017065,0.388863035258666,0.41034,0.407016,420,0.9473079700682666,0.9553998743505563
EXPE,False,145.5,180.0,107,35.25,36.362083261057876,0.025531914893617183,0.388863035258666,0.35371,0.361932,0,1.0315484613066064,1.0744091024243947
FDX,True,248.44,220.0,107,34.325,48.66849169255494,0.01602330662782241,0.6303473278351324,0.27244,0.271425,76,1.4178730281880534,2.3223628178507223
FDX,False,248.44,280.0,107,32.425,52.59359403111591,0.02621434078643027,0.6303473278351324,0.21846,0.235236,132,1.6220075260174531,2.6796380138887432
FE,True,37.66,34.0,107,4.199999999999999,4.684718025559114,0.04761904761904767,0.2918458673457833,0.21255,0.222525,62,1.1154090537045511,1.3115194577947795
FE,False,37.66,41.0,107,3.75,4.321680817166097,0.07999999999999995,0.2918458673457833,0.18508,0.179152,16,1.1524482179109592,1.6290405205958254
FFIV,True,173.59,155.0,107,23.950000000000003,21.161911357488535,0.09603340292275576,0.22209427348505822,0.27966,0.282776,46,0.8835871130475379,0.7854070836459184
FFIV,False,173.59,200.0,107,26.2,26.686287705537723,0.12977099236641215,0.22209427348505822,0.149,0.233393,0,1.0185605994480047,0.9515892656808826
FICO,True,1124.58,1000.0,107,165.3,155.9488818705844,0.042347247428917115,0.3194811420346815,0.33129,0.333337,0,0.9434294124052292,0.9584328833423277
FICO,False,1124.58,1320.0,107,201.8,209.05576525950073,0.03369672943508416,0.3194811420346815,0.29126,0.291865,0,1.035955229234394,1.0946195742369982
FIS,True,60.28,50.0,107,11.55,11.223596839212362,0.02597402597402588,0.3229253780690599,0.35569,0.485025,12,0.9717399860789924,0.6657912026577185
FIS,False,60.28,67.5,107,8.25,8.65648003486504,0.03636363636363645,0.3229253780690599,0.29051,0.242882,9,1.0492703072563685,1.3295566491920354
FMC,True,61.02,50.0,107,12.6,14.0509268989466,0.07936507936507936,0.5886811849082854,0.42917,0.439722,238,1.1151529284878254,1.3387576352974957
FMC,False,61.02,75.0,107,14.8,16.977020870406285,0.02702702702702705,0.5886811849082854,0.38935,0.398888,175,1.1470960047571814,1.475805702122614
GE,True,124.18,110.0,107,17.725,16.750251378067333,0.014104372355430182,0.27700096756332576,0.288,0.287335,860,0.9450071299332768,0.964034898509843
GE,False,124.18,140.0,107,16.525,17.537397010829054,0.04538577912254161,0.27700096756332576,0.2389,0.241677,10,1.0612645694904117,1.1461618919604504
GEHC,True,76.02,70.0,107,8.75,10.196077426318652,0.034285714285714364,0.41321051233433126,0.2728,0.282254,1474,1.1652659915792745,1.463966896250651
GEHC,False,76.02,85.0,107,9.55,12.170774926376886,0.031413612565444914,0.41321051233433126,0.24335,0.240132,3,1.274426693861454,1.7207640478334052
GEN,True,22.49,20.0,107,3.1,2.853998710842564,0.06451612903225812,0.2382552545675822,0.29683,0.295727,38,0.9206447454330852,0.8056594581069101
GEN,False,22.49,26.0,107,3.6500000000000004,3.580236190410819,0.027397260273972626,0.2382552545675822,0.26331,0.262696,0,0.9808866275098133,0.9069618668254644
GIS,True,66.97,60.0,107,8.0,9.239057454447881,0.02499999999999991,0.3445219982261892,0.24288,0.231414,200,1.1548821818059851,1.4887690382871785
GIS,False,66.97,75.0,107,8.7,9.898869868056941,0.02298850574712656,0.3445219982261892,0.20258,0.209217,17,1.1378011342594185,1.6467208602847245
GNRC,True,120.09,100.0,107,25.1,24.64994172882831,0.015936254980079764,0.4865949773305158,0.46724,0.460669,37,0.9820693915867852,1.0562789710844789
GNRC,False,120.09,150.0,107,31.45,33.08924120390542,0.03497615262321149,0.4865949773305158,0.42943,0.420731,6,1.052122136849139,1.1565465281391574
GOOG,True,140.56,125.0,107,20.0,20.29279087215886,0.010000000000000142,0.3552256856785901,0.29371,0.310206,705,1.014639543607943,1.1451283523806441
GOOG,False,140.56,160.0,107,20.1,23.013318884777618,0.02487562189054726,0.3552256856785901,0.25146,0.248131,1,1.1449412380486377,1.4316054248706938
GOOGL,True,139.13,125.0,107,18.799999999999997,19.15510927847862,0.010638297872340389,0.35315446340642626,0.28945,0.301317,1682,1.0188887914084372,1.1720363053077862
GOOGL,False,139.13,160.0,107,21.549999999999997,23.986416632442243,0.0324825986078886,0.35315446340642626,0.26314,0.252646,1,1.113058776447436,1.397823291904191
GRMN,True,124.11,115.0,107,12.45,11.15358720177423,0.02409638554216859,0.18429471684515442,0.23342,0.236586,105,0.8958704579738337,0.7789755811635279
GRMN,False,124.11,140.0,107,16.7,15.887663680402483,0.11976047904191617,0.18429471684515442,0.14667,0.188707,8,0.9513571066109271,0.9766183387216923
GS,True,382.29,345.0,107,46.475,51.886132420666144,0.011834319526627158,0.3576678211916466,0.26014,0.260083,261,1.1164310364855545,1.375206457906309
GS,False,382.29,430.0,107,50.1,58.867036724487036,0.015968063872255432,0.3576678211916466,0.22434,0.22506,0,1.174990752983773,1.5892109712594267
GWW,True,811.5,740.0,107,94.35,96.60229816914512,0.028616852146263944,0.298410953058554,0.25077,0.246137,43,1.0238717347021211,1.2123774688834021
GWW,False,811.5,910.0,107,100.55000000000001,113.85108184309604,0.03679761312779714,0.298410953058554,0.19742,0.213696,0,1.13228326049822,1.3964274158550183
HAL,True,36.61,32.0,107,5.8,5.667075076075584,0.01724137931034477,0.3519510576270737,0.35468,0.357681,27,0.9770819096682041,0.9839802998400073
HAL,False,36.61,43.0,107,6.7,7.02110533000144,0.014925373134328304,0.3519510576270737,0.30695,0.310114,173,1.0479261686569312,1.1349086388459524
HAS,True,48.09,40.0,107,9.3,9.730650563997585,0.021505376344086134,0.46235850005633067,0.43941,0.4325,82,1.0463065122578048,1.0690369943498974
HAS,False,48.09,57.5,107,10.55,10.971314305046796,0.02843601895734587,0.46235850005633067,0.39272,0.370745,10,1.0399350052177057,1.2471065019253953
HBAN,True,12.5,11.0,107,1.85,2.164401617453655,0.05405405405405398,0.4868495631011859,0.34514,0.337465,748,1.169946820245219,1.4426668338973994
HBAN,False,12.5,14.0,107,1.725,2.206879752684026,0.0869565217391305,0.4868495631011859,0.28957,0.266771,1,1.279350581266102,1.8249718413965008
HLT,True,179.29,165.0,107,20.25,19.38022434915382,0.05432098765432106,0.2686847911906651,0.25763,0.253702,430,0.9570481160075961,1.0590566538327058
HLT,False,179.29,200.0,107,21.25,23.386136534144498,0.023529411764705882,0.2686847911906651,0.20912,0.209525,3,1.1005240721950351,1.2823519445921254
HON,True,204.89,190.0,107,19.6,19.444473770260743,0.02040816326530623,0.21998466484508417,0.20562,0.206898,12,0.9920649882786092,1.0632517706555122
HON,False,204.89,220.0,107,16.2,18.442262641268655,0.02469135802469127,0.21998466484508417,0.16072,0.163674,3,1.1384112741523862,1.3440416000408384
HSIC,True,74.58,70.0,107,7.4,7.82867689214725,0.02702702702702705,0.3176746379971541,0.25157,0.259311,1065,1.0579293097496283,1.2250719714827143
HSIC,False,74.58,85.0,107,10.05,11.784821141078524,0.14925373134328357,0.3176746379971541,0.12952,0.218677,0,1.1726190190127883,1.4527117072081386
HST,True,19.54,17.75,107,2.35,2.520383812575197,0.08510638297872347,0.341997477519149,0.28449,0.296975,88,1.0725037500319987,1.1516035946431484
HST,False,19.54,21.75,107,2.4,2.7804075090949727,0.08333333333333341,0.341997477519149,0.22488,0.232851,0,1.158503128789572,1.468739569592353
HWM,True,53.0,48.0,107,6.65,6.144938850481914,0.07518796992481203,0.25137973751675785,0.27047,0.282254,306,0.9240509549596863,0.8906153234914576
HWM,False,53.0,60.0,107,7.8,7.46226327200538,0.2051282051282051,0.25137973751675785,0.29199,0.155673,20,0.9567004194878692,1.614793429282906
IBM,True,160.43,145.0,107,18.15,17.121462584347526,0.038567493112947625,0.16979157144337126,0.22698,0.227594,1005,0.9433312718648775,0.7460283287053756
IBM,False,160.43,175.0,107,15.875,15.140537862582107,0.05984251968503944,0.16979157144337126,0.17832,0.185801,4,0.9537346685091092,0.9138356168339851
IDXX,True,534.58,470.0,107,83.4,88.68823720898973,0.03597122302158273,0.44209560533731324,0.34117,0.34918,2,1.0634081200118672,1.2660965843900374
IDXX,False,534.58,620.0,107,87.15,105.07822095370955,0.056224899598393475,0.44209560533731324,0.14925,0.279784,0,1.2057168210408438,1.580131835048871
IEX,True,212.32,195.0,107,23.200000000000003,22.768231644208015,0.05172413793103445,0.25571215480927034,0.24113,0.241827,0,0.9813892950089661,1.0574177193169925
IEX,False,212.32,240.0,107,28.85,29.743755095341868,0.10745233968804152,0.25571215480927034,0.14389,0.201328,0,1.030979379387933,1.2701271299037904
INTC,True,47.05,41.0,107,7.824999999999999,8.817566111990672,0.006389776357827454,0.5367130153701448,0.38384,0.391848,5634,1.1268455095195749,1.3696969625215514
INTC,False,47.05,60.0,107,13.149999999999999,14.385359035531486,0.0076045627376425595,0.5367130153701448,0.36622,0.369849,12,1.0939436528921285,1.4511679506234838
INTU,True,589.48,530.0,107,78.19999999999999,77.14523930031703,0.015345268542199527,0.3152446293835504,0.29664,0.297795,91,0.9865120115130056,1.0585961127068972
INTU,False,589.48,680.0,107,92.25,99.41023749567807,0.06178861788617874,0.3152446293835504,0.14357,0.256565,0,1.0776177506306566,1.228712526586052
INVH,True,34.03,30.0,107,4.800000000000001,4.968283298597974,0.0416666666666667,0.33053083053917975,0.27861,0.259847,10,1.0350590205412444,1.2720209605620991
INVH,False,34.03,37.5,107,3.6,4.4898638171128695,0.0555555555555556,0.33053083053917975,0.1827,0.208285,10,1.2471843936424638,1.5869161511351262
IP,True,36.38,32.5,107,4.75,5.39598445120555,0.06315789473684226,0.3949524848805827,0.29984,0.307934,84,1.1359967265695894,1.2825881029070603
IP,False,36.38,42.5,107,6.5,7.066196921148908,0.03076923076923066,0.3949524848805827,0.26761,0.261027,75,1.0871072186382935,1.513071386793637
IPG,True,32.11,28.0,107,4.75,4.902686165702573,0.021052631578947295,0.32735687611147735,0.30456,0.305942,29,1.0321444559373838,1.0699965225810035
IPG,False,32.11,36.0,107,4.25,4.671126415952827,0.0235294117647058,0.32735687611147735,0.24742,0.24394,180,1.0990885684594887,1.3419565307513215
IRM,True,66.23,60.0,107,7.800000000000001,8.0300735665856,0.02564102564102566,0.2863062107392793,0.26617,0.268357,111,1.0294966111007178,1.0668855693694568
IRM,False,66.23,72.5,107,7.050000000000001,7.814463979717424,0.04255319148936167,0.2863062107392793,0.21387,0.211848,0,1.1084346070521167,1.3514699725240706
ISRG,True,321.66,280.0,107,53.8,50.431517247761235,0.04089219330855011,0.34750099041928556,0.37443,0.395032,42,0.9373887964267889,0.8796780777741691
ISRG,False,321.66,385.0,107,64.85,67.41336799996407,0.02621434078643027,0.34750099041928556,0.31476,0.313619,0,1.0395276484188753,1.108035515766856
IVZ,True,17.34,15.0,107,2.7249999999999996,3.2891477454097835,0.055045871559633,0.5264319208185844,0.34341,0.339919,333,1.2070266955632234,1.5486981334335073
IVZ,False,17.34,20.0,107,2.95,3.617195170678265,0.03389830508474579,0.5264319208185844,0.31348,0.297054,0,1.2261678544672083,1.7721758361058406
J,True,126.6,115.0,107,14.399999999999999,19.671820214877243,0.11111111111111109,0.4858998595319076,0.20721,0.252265,1,1.366098626033142,1.92614853242387
J,False,126.6,140.0,107,14.0,21.084518725899358,0.20000000000000004,0.4858998595319076,0.1416,0.194203,13,1.5060370518499542,2.5020203577282927
JCI,True,56.14,50.0,107,7.5,8.516311417459157,0.02666666666666657,0.4039399967369011,0.2799,0.28675,455,1.1355081889945542,1.4086835108523144
JCI,False,56.14,62.5,107,6.800000000000001,8.688458838525072,0.029411764705882377,0.4039399967369011,0.22308,0.22675,71,1.2777145350772163,1.7814332821914052
JNJ,True,161.22,150.0,107,14.5,15.117749126159978,0.013793103448275813,0.2265152324623989,0.1915,0.201205,1532,1.042603388011033,1.1257932579329486
JNJ,False,161.22,175.0,107,14.6,16.101647357513272,0.013698630136986254,0.2265152324623989,0.16511,0.15677,151,1.1028525587337858,1.444888897508445
JNPR,True,29.96,27.0,107,3.6500000000000004,3.3495215211650233,0.027397260273972626,0.1953463106858936,0.26043,0.268342,13,0.9176771290863077,0.7279751611223497
JNPR,False,29.96,34.0,107,4.199999999999999,4.054073821154976,0.04761904761904767,0.1953463106858936,0.22762,0.218526,0,0.9652556717035659,0.8939270873300824
JPM,True,171.55,155.0,107,19.525,18.1250739176744,0.007682458386683849,0.1562501365310871,0.22931,0.226303,1793,0.9283008408540026,0.6904465982823343
JPM,False,171.55,190.0,107,19.775,18.307270131251414,0.022756005056889978,0.1562501365310871,0.19998,0.186745,1,0.925778514854686,0.8367031863294176
KDP,True,32.61,29.0,107,4.1,4.359401639485242,0.0487804878048781,0.2871660052760634,0.24626,0.246293,53,1.0632686925573762,1.1659527687594182
KDP,False,32.61,36.0,107,3.65,4.076388245405685,0.08219178082191776,0.2871660052760634,0.18803,0.174775,3,1.1168186973714205,1.6430611087172844
KHC,True,38.16,35.0,107,3.9000000000000004,4.077861062328431,0.02564102564102566,0.24800785539321601,0.22039,0.226832,1559,1.0456054005970334,1.0933547973531776
KHC,False,38.16,42.5,107,4.525,4.787525531625736,0.03314917127071811,0.24800785539321601,0.18628,0.1794,0,1.0580166920719858,1.3824295172420067
KIM,True,20.71,17.5,107,4.35,4.016374833000153,0.5287356321839081,0.46976744205531296,0.45301,0.319976,107,0.9233045593103801,1.4681333664253349
KIM,False,20.71,25.0,107,4.75,4.941033585519087,0.3157894736842105,0.46976744205531296,0.30345,0.260162,0,1.0402175969513867,1.8056727810184152
KMB,True,121.57,110.0,107,13.149999999999999,13.947364639597808,0.08365019011406842,0.23898053214709014,0.18053,0.217763,36,1.0606360942659931,1.0974340551291548
KMB,False,121.57,130.0,107,9.55,11.012607072294571,0.031413612565444914,0.23898053214709014,0.16571,0.169538,191,1.1531525730151382,1.40959862772411
KMX,True,72.57,62.5,107,13.2,15.7715113323774,0.015151515151515233,0.6697705566758839,0.42131,0.414339,70,1.1948114645740455,1.6164796378711246
KMX,False,72.57,90.0,107,17.7,21.97162300190294,0.022598870056497095,0.6697705566758839,0.34395,0.362601,24,1.2413346328758725,1.8471282668163738
KR,True,46.53,42.0,107,5.55,5.622866958730203,0.018018018018017955,0.2685999095450063,0.2423,0.242875,149,1.0131291817531898,1.105918310015466
KR,False,46.53,55.0,107,8.399999999999999,8.641462773485493,0.04761904761904767,0.2685999095450063,0.12827,0.216067,0,1.0287455682720827,1.2431324984611545
KVUE,True,21.27,19.0,107,2.735,3.3448595365889773,0.047531992687385706,0.4453284984834097,0.28472,0.280762,0,1.2229833771806133,1.5861423500452685
KVUE,False,21.27,24.0,107,3.105,3.6999270012653103,0.1256038647342994,0.4453284984834097,0.29071,0.248061,0,1.191602898958232,1.7952378587662297
LIN,True,408.24,375.0,107,43.2,48.576619802168125,0.06481481481481491,0.32401239999205145,0.21789,0.215679,108,1.1244587917168547,1.502289977197833
LIN,False,408.24,450.0,107,41.35,53.43345227808862,0.08464328899637243,0.32401239999205145,0.09698,0.162232,0,1.2922237552137514,1.9972163321172856
LLY,True,616.26,540.0,107,97.275,95.80721406907054,0.020046260601387846,0.36646621103588894,0.34555,0.342013,53,0.9849109644725832,1.0714978993075963
LLY,False,616.26,720.0,107,108.0,116.6315774014596,0.04074074074074079,0.36646621103588894,0.29048,0.309464,0,1.0799220129764777,1.1841965819477838
LNT,True,51.64,42.5,107,9.6,9.82392577793189,0.5,0.30848861162164853,0.38625,0.488994,0,1.0233256018679053,0.6308637971460765
LNT,False,51.64,57.5,107,6.05,7.030798012527107,0.8099173553719009,0.30848861162164853,0.22385,0.255087,0,1.1621153739714227,1.2093466606359733
LOW,True,212.81,195.0,107,23.825,27.906458048678772,0.010493179433368312,0.3824252850679479,0.25594,0.247827,278,1.1713098866182066,1.5431138861703846
LOW,False,212.81,240.0,107,28.5,34.259994009091855,0.031578947368421005,0.3824252850679479,0.23203,0.221834,6,1.2021050529505914,1.7239254806204092
LULU,True,498.33,440.0,107,76.425,79.57545338955373,0.01766437684003918,0.420429690251354,0.34018,0.338185,39,1.0412228117704119,1.243194376602611
LULU,False,498.33,590.0,107,92.67500000000001,105.26918503932694,0.03183166981386568,0.420429690251354,0.15377,0.292865,20,1.135896250761553,1.4355750610395712
LW,True,104.5,92.5,107,15.35,14.981111483532601,0.08469055374592839,0.3305135948089285,0.32537,0.316988,23,0.9759681748229707,1.0426691067451401
LW,False,104.5,120.0,107,16.700000000000003,17.458299837952566,0.07185628742514964,0.3305135948089285,0.29793,0.272173,0,1.0454071759253032,1.214351147281062
LYV,True,89.55,77.5,107,15.3,16.781151484642557,0.026143790849673224,0.5145655156703856,0.37082,0.386626,21,1.0968072865779448,1.3309128606725504
LYV,False,89.55,105.0,107,16.3,19.733432025242884,0.024539877300613407,0.5145655156703856,0.32254,0.322809,50,1.2106400015486432,1.594024688501205
MA,True,418.89,385.0,107,44.15,40.86266151920489,0.01585503963759916,0.1969128112631361,0.2161,0.223892,59,0.925541597263984,0.8794990944881286
MA,False,418.89,460.0,107,41.95,43.800827093183784,0.02622169249106082,0.1969128112631361,0.17357,0.175632,0,1.04411983535599,1.1211670496443478
MAR,True,219.54,200.0,107,26.65,28.092452144438198,0.01876172607879925,0.34603803184829346,0.27494,0.277081,549,1.0541257840314522,1.248869579106086
MAR,False,219.54,250.0,107,30.65,35.64575908528451,0.05546492659053832,0.34603803184829346,0.12354,0.225638,0,1.1629937711348943,1.5335982053035988
MAS,True,64.38,60.0,107,6.699999999999999,7.588864203322132,0.029850746268656747,0.3637059352673243,0.27126,0.273568,270,1.1326662990033034,1.3294900546384238
MAS,False,64.38,75.0,107,11.149999999999999,11.97981648637294,0.09865470852017935,0.3637059352673243,0.17673,0.241907,0,1.0744230032621471,1.5034948772351535
MCHP,True,84.69,75.0,107,12.55,13.409418074832281,0.023904382470119435,0.4228493314412826,0.34267,0.347802,56,1.068479527875082,1.215776020383099
MCHP,False,84.69,100.0,107,16.05,17.714794314361114,0.01869158878504666,0.4228493314412826,0.30836,0.30878,2,1.1037255024524057,1.3694194295008828
META,True,344.96,300.0,107,57.900000000000006,54.91887892684883,0.006908462867012064,0.3595726555895388,0.3714,0.383042,522,0.9485125894101697,0.9387290573606519
META,False,344.96,410.0,107,67.725,70.54670405698943,0.01845699520118125,0.3595726555895388,0.32677,0.32358,6,1.041664142591206,1.1112326336285892
MLM,True,481.5,440.0,107,56.75,51.438485042984325,0.0651982378854626,0.23196138936309715,0.26476,0.263424,15,0.9064050227838648,0.8805628544213783
MLM,False,481.5,550.0,107,69.55,70.52161120557332,0.044572250179726734,0.23196138936309715,0.13083,0.221931,0,1.0139699670104,1.0451959814676506
MMC,True,191.27,175.0,107,19.450000000000003,23.27751627519153,0.08740359897172231,0.32560749097193586,0.18882,0.21869,15,1.1967874691615181,1.488899771237532
MMC,False,191.27,210.0,107,19.3,24.493085988649653,0.031088082901554476,0.32560749097193586,0.16942,0.156804,188,1.2690718128834018,2.0765254137135267
MMM,True,107.98,95.0,107,14.925,15.743051738186495,0.03685092127303175,0.3204596877845901,0.28321,0.297747,408,1.0548108367294133,1.0762818358693458
MMM,False,107.98,120.0,107,13.325,14.77301030215989,0.13133208255159476,0.3204596877845901,0.23295,0.234389,28,1.1086686905936127,1.3672129996910696
MPC,True,158.45,140.0,107,23.15,24.97721746071467,0.008639308855291546,0.41080984949423616,0.32167,0.320283,77,1.0789294799444782,1.2826464392247987
MPC,False,158.45,185.0,107,27.875,31.153871093664648,0.030493273542600948,0.41080984949423616,0.29122,0.279598,0,1.117627662552992,1.469287510977318
MRK,True,114.85,105.0,107,12.3,13.197810540424925,0.0162601626016261,0.2837665163276888,0.22319,0.21792,2253,1.0729927268638149,1.3021591241175146
MRK,False,114.85,125.0,107,10.7,12.971135197836588,0.0373831775700935,0.2837665163276888,0.17662,0.181646,0,1.2122556259660364,1.5621952386933309
MRNA,True,108.68,90.0,107,25.0,29.749926351072638,0.015999999999999945,0.8796296376278355,0.58785,0.597767,1281,1.1899970540429055,1.471525925030715
MRNA,False,108.68,150.0,107,42.575,49.49879781126138,0.017615971814445096,0.8796296376278355,0.54135,0.559863,0,1.1626259027894628,1.5711515810615018
MRO,True,24.94,22.0,107,3.825,3.8035416497186514,0.013071895424836671,0.3740528067028146,0.35656,0.353718,54,0.9943899737826539,1.0574887529128136
MRO,False,24.94,30.0,107,5.25,5.45490341984932,0.01904761904761898,0.3740528067028146,0.3279,0.337425,113,1.039029222828442,1.1085509571099197
MS,True,92.07,82.5,107,11.649999999999999,13.501510918642047,0.008583690987124434,0.39567557405149684,0.27206,0.270607,1118,1.158927975849103,1.4621778965492276
MS,False,92.07,105.0,107,13.875,15.928698122046647,0.03243243243243238,0.39567557405149684,0.25798,0.234787,0,1.148014279066425,1.685253331962574
MSFT,True,370.63,340.0,107,42.65,39.00953488143321,0.0070339976553340485,0.23876908003784086,0.26295,0.254336,390,0.9146432563055853,0.9387938791120441
MSFT,False,370.63,420.0,107,50.4,51.81375398594707,0.04365079365079371,0.23876908003784086,0.12425,0.222359,6,1.0280506743243467,1.0737999363094854
MSI,True,312.03,290.0,107,29.9,29.41908214847504,0.02675585284280939,0.22527706381875431,0.2056,0.207801,16,0.9839157909188978,1.0840999986465623
MSI,False,312.03,340.0,107,29.1,32.07225519413376,0.10996563573883159,0.22527706381875431,0.10673,0.170438,12,1.102139353750301,1.3217537392996532
MTB,True,135.1,120.0,107,18.95,23.453271760704794,0.047493403693931326,0.5182178681171452,0.3304,0.340025,85,1.2376396707495934,1.5240581372462176
MTB,False,135.1,155.0,107,22.2,27.356311040491633,0.07207207207207214,0.5182178681171452,0.31021,0.295697,0,1.2322662630852088,1.7525300159188129
MTD,True,1150.08,1020.0,107,172.35,195.36640285429587,0.08877284595300268,0.4930408740146523,0.33362,0.334708,0,1.13354454803769,1.4730477730279894
MTD,False,1150.08,1350.0,107,204.0,249.68341385974702,0.0784313725490196,0.4930408740146523,0.16674,0.284928,0,1.223938303234054,1.730405133979996
MU,True,82.1,72.5,107,12.825,15.189753974838055,0.011695906432748567,0.5635393144306661,0.36175,0.369825,984,1.184386274841174,1.5237999443808992
MU,False,82.1,100.0,107,18.125,21.73462811339776,0.013793103448275862,0.5635393144306661,0.31628,0.330234,0,1.1991518959116005,1.7064848393280705
NFLX,True,469.38,410.0,107,79.25,74.96264386220344,0.012618296529968454,0.3807626273539248,0.39475,0.391381,2,0.9459008689237026,0.9728694733620815
NFLX,False,469.38,570.0,107,103.2,107.66702297408256,0.023255813953488427,0.3807626273539248,0.33529,0.352744,0,1.0432851063380093,1.079430486000966
NI,True,26.82,25.0,107,2.5,2.6464841426806913,0.08000000000000007,0.2614656847865588,0.24308,0.236987,345,1.0585936570722765,1.1032912555817778
NI,False,26.82,30.0,107,3.35,3.528961562108446,0.08955223880597009,0.2614656847865588,0.19586,0.190843,35,1.0534213618234167,1.3700564589036999
NKE,True,104.53,95.0,107,12.975000000000001,19.353144696993,0.011560693641618523,0.6424561940394378,0.2883,0.286423,386,1.4915718456256646,2.243032836187868
NKE,False,104.53,120.0,107,15.825,23.925708544242042,0.015797788309636653,0.6424561940394378,0.24738,0.249482,449,1.5118931149600028,2.575160508731843
NTRS,True,82.85,72.5,107,12.15,12.43436082599409,0.024691358024691416,0.3254629149844361,0.2931,0.314741,50,1.02340418320939,1.0340658350339997
NTRS,False,82.85,92.5,107,10.85,11.732251974912046,0.06451612903225801,0.3254629149844361,0.26127,0.222572,5,1.081313546074843,1.4622814863704154
NUE,True,176.51,155.0,107,26.35,26.19058515721899,0.015180265654649036,0.32944936930768753,0.30722,0.310833,177,0.9939501008432254,1.059891868970436
NUE,False,176.51,200.0,107,24.625,27.35199527435907,0.0385786802030458,0.32944936930768753,0.25141,0.263473,0,1.1107409248470688,1.2504103620017517
NVDA,True,475.77,410.0,107,85.825,84.39412648035045,0.004078065831634073,0.43957106518605954,0.41571,0.414591,421,0.9833280102575059,1.060252309350805
NVDA,False,475.77,590.0,107,117.725,123.83238804429271,0.012316840093438123,0.43957106518605954,0.3805,0.386275,20,1.0518784289173304,1.1379744099050146
NWS,True,25.52,22.5,107,3.8,3.572512761118862,0.15789473684210517,0.2903688335100396,0.17184,0.548013,6,0.9401349371365426,0.5298575645286511
NWS,False,25.52,35.0,107,9.6,9.31815902373689,0.37500000000000006,0.2903688335100396,0.4723,0.405803,0,0.9706415649725927,0.7155413673877217
NWSA,True,24.3,22.5,107,2.675,2.5508206240575966,0.05607476635514016,0.2731207129071966,0.28274,0.281043,50,0.9535778033860175,0.9718111210996061
NWSA,False,24.3,30.0,107,5.8,5.675090440199579,0.06896551724137938,0.2731207129071966,0.19862,0.276815,0,0.9784638689999274,0.9866543103054264
NXPI,True,215.89,190.0,107,33.0,35.33123544965679,0.012121212121212293,0.43239057624501964,0.34952,0.352504,10,1.0706434984744482,1.2266260134495486
NXPI,False,215.89,250.0,107,36.6,41.738947016324005,0.07650273224043708,0.43239057624501964,0.30966,0.305569,8,1.1404083884241532,1.415034169843864
ODFL,True,386.76,340.0,107,60.0,66.73757034119484,0.07000000000000005,0.48013969499843534,0.34724,0.356476,1,1.112292839019914,1.346906089045084
ODFL,False,386.76,460.0,107,73.55000000000001,87.61250210846225,0.07205982324949009,0.48013969499843534,0.16544,0.303994,0,1.1911964936568624,1.5794380645619168
OKE,True,71.95,65.0,107,8.0,8.861086660518204,0.02499999999999991,0.286810089357911,0.22965,0.234026,221,1.1076358325647755,1.2255479705584464
OKE,False,71.95,80.0,107,9.0,9.419024292075399,0.04444444444444429,0.286810089357911,0.22187,0.202896,18,1.0465582546750443,1.4135817825778283
OMC,True,85.31,77.5,107,9.45,9.891248484323249,0.13756613756613748,0.2647517635494758,0.2167,0.261019,237,1.0466929613040477,1.014300735001957
OMC,False,85.31,95.0,107,10.45,10.940626787216857,0.06698564593301445,0.2647517635494758,0.22213,0.219429,5,1.0469499317910869,1.2065486492189994
ON,True,79.06,65.0,107,16.924999999999997,18.242701597957733,0.03249630723781393,0.6035139595025991,0.44566,0.47176,27,1.0778553381363507,1.2792817523795978
ON,False,79.06,100.0,107,21.575,24.45564564427287,0.03012746234067201,0.6035139595025991,0.40487,0.417082,10,1.1335177587148493,1.4469911420358565
OXY,True,60.72,55.0,107,7.6,7.660992452639519,0.013157894736842176,0.3153698084164262,0.28245,0.284539,359,1.0080253227157263,1.1083535417514865
OXY,False,60.72,70.0,107,9.5,10.205513139300677,0.010526315789473833,0.3153698084164262,0.25123,0.254771,42,1.0742645409790186,1.2378559899534334
PARA,True,14.16,12.0,107,3.005,3.9058860438446823,0.029950083194675493,0.950467832439741,0.566,0.572475,27,1.2997956884674484,1.6602783220922155
PARA,False,14.16,19.0,107,5.1,6.217098087198259,0.01960784313725501,0.950467832439741,0.55212,0.559513,0,1.2190388406271098,1.6987412847239312
PEP,True,173.27,160.0,107,16.8,17.064715950320164,0.023809523809523725,0.22440437505790428,0.20069,0.195071,156,1.0157569018047716,1.1503728132726252
PEP,False,173.27,190.0,107,16.9,18.701866410527657,0.01775147928994087,0.22440437505790428,0.14393,0.151951,0,1.106619314232406,1.4768206530914854
PFE,True,29.73,26.0,107,4.2,5.473203227652551,0.023809523809523725,0.52913748581187,0.29666,0.297567,2086,1.3031436256315596,1.7782129262044177
PFE,False,29.73,34.0,107,4.8,6.007926282825828,0.02083333333333326,0.52913748581187,0.29923,0.267914,461,1.2516513089220476,1.9750273812188615
PFG,True,78.74,70.0,107,10.45,10.101071801945075,0.028708133971291766,0.2471204288224816,0.27151,0.279224,53,0.9666097418129259,0.8850257457184253
PFG,False,78.74,90.0,107,11.5,11.750856169373456,0.22608695652173924,0.2471204288224816,0.16404,0.206839,1,1.021813579945518,1.1947477449730546
PG,True,147.53,135.0,107,15.075,16.78069223397587,0.02321724709784409,0.28031574930406156,0.20447,0.205695,87,1.1131470801974044,1.362773763601748
PG,False,147.53,160.0,107,13.475,16.15538153962369,0.01855287569573284,0.28031574930406156,0.16554,0.162092,335,1.1989151420871014,1.7293620246777233
PHM,True,100.6,87.5,107,16.6,16.729799970757462,0.0240963855421688,0.4055928882230523,0.35832,0.355734,120,1.007819275346835,1.140157781440774
PHM,False,100.6,120.0,107,19.7,21.702569544517928,0.02030456852791871,0.4055928882230523,0.28748,0.299334,2,1.1016532763714684,1.3549843593546083
PKG,True,163.0,145.0,107,21.15,22.626292961551584,0.061465721040189165,0.321980681865213,0.2596,0.264578,91,1.0698010856525573,1.216959391427908
PKG,False,163.0,185.0,107,22.5,25.27617625023231,0.15111111111111106,0.321980681865213,0.14685,0.226548,0,1.123385611121436,1.4212470728729143
PNW,True,73.66,65.0,107,9.45,11.04224616992228,0.052910052910052914,0.35937477621209774,0.23474,0.240804,13,1.168491658192834,1.4923953763728914
PNW,False,73.66,80.0,107,8.05,9.326259117166174,0.2111801242236025,0.35937477621209774,0.25969,0.185101,7,1.158541505238034,1.9415064003549292
POOL,True,374.09,330.0,107,59.5,67.42991852931647,0.08403361344537816,0.5341826416236607,0.38928,0.342899,7,1.1332759416691842,1.5578425181282556
POOL,False,374.09,440.0,107,66.65,84.92242475931002,0.07951987996999245,0.5341826416236607,0.16628,0.304928,0,1.2741549101171794,1.7518320443634587
PPL,True,27.59,25.0,107,3.0250000000000004,3.28476154270054,0.0495867768595041,0.2735833142356964,0.21236,0.216405,779,1.0858715843638147,1.2642190071195045
PPL,False,27.59,30.0,107,2.5250000000000004,3.040648656922439,0.05940594059405936,0.2735833142356964,0.15312,0.158974,0,1.2042172898702728,1.7209311851981857
PTC,True,166.59,150.0,107,22.0,20.78953280883637,0.06363636363636357,0.2833557073428918,0.27143,0.276825,40,0.9449787640380168,1.023591465159909
PTC,False,166.59,190.0,107,24.15,25.457936240314893,0.05383022774327125,0.2833557073428918,0.23042,0.234755,0,1.0541588505306374,1.207027357640484
PYPL,True,58.59,50.0,107,11.075,11.428782634038825,0.013544018058690778,0.5127858861802985,0.43021,0.434583,642,1.0319442558951535,1.1799492529167006
PYPL,False,58.59,75.0,107,16.875,17.91288971828253,0.014814814814814815,0.5127858861802985,0.41889,0.422696,289,1.061504575898224,1.2131316269382688
QCOM,True,137.5,120.0,107,21.125,20.79727204068365,0.007100591715976264,0.32125622523353975,0.31926,0.31982,606,0.9844862504465633,1.0044907298903751
QCOM,False,137.5,160.0,107,23.45,24.450743969028068,0.025586353944562962,0.32125622523353975,0.27818,0.274894,0,1.0426756489990647,1.168654918745188
RCL,True,117.47,100.0,107,21.825,23.511412807562436,0.01603665521191301,0.5349546289254982,0.40601,0.413882,311,1.0772697735423797,1.292529341516418
RCL,False,117.47,145.0,107,28.25,31.975310420148503,0.021238938053097397,0.5349546289254982,0.36081,0.353779,38,1.1318693954034869,1.5121152723183064
REG,True,65.94,60.0,107,7.55,8.263820126098217,0.14569536423841056,0.32695979578388623,0.27125,0.300267,3,1.0945457120659892,1.088896867734004
REG,False,65.94,75.0,107,9.6,10.408848907996735,0.3958333333333333,0.32695979578388623,0.23258,0.237306,0,1.0842550945829932,1.377798267991059
RL,True,142.55,125.0,107,21.8,21.92750283452061,0.04587155963302752,0.35891143723881813,0.32588,0.310753,72,1.0058487538770922,1.1549733622485323
RL,False,142.55,165.0,107,22.95,25.561163102237302,0.04793028322440093,0.35891143723881813,0.14295,0.26818,0,1.1137761700321265,1.338322907147506
RMD,True,166.05,145.0,107,27.75,25.590768173896876,0.03963963963963969,0.34331700251770464,0.38912,0.411476,61,0.922189844104392,0.834354865211348
RMD,False,166.05,200.0,107,35.45,35.75551737255637,0.0479548660084625,0.34331700251770464,0.33607,0.323374,0,1.0086182615671753,1.0616716325916884
ROK,True,303.59,270.0,107,41.7,44.363749320874206,0.019184652278177557,0.3660877439164179,0.2877,0.291901,10,1.0638788805965036,1.2541503589107879
ROK,False,303.59,350.0,107,47.9,53.72941873948608,0.020876826722338204,0.3660877439164179,0.25124,0.248003,0,1.1216997649162022,1.4761424011661872
RSG,True,164.08,155.0,107,13.05,12.909385621915916,0.0536398467432951,0.1974101199495894,0.17642,0.1862,85,0.9892249518709514,1.0602047258302332
RSG,False,164.08,180.0,107,15.55,17.023133900909173,0.26366559485530555,0.1974101199495894,0.12068,0.144976,0,1.0947352990938375,1.361674483704816
RTX,True,85.66,75.0,107,12.1,12.347557800419658,0.016528925619834652,0.28596771813493355,0.24755,0.267363,196,1.0204593223487322,1.0695859865984954
RTX,False,85.66,95.0,107,9.9,11.015509522127225,0.02020202020202013,0.28596771813493355,0.20766,0.20159,1,1.1126777295078005,1.4185610304823333
SBUX,True,93.41,85.0,107,10.825,10.683606359554105,0.013856812933025438,0.2618672043000958,0.25281,0.254822,113,0.9869382318294786,1.0276475512322163
SBUX,False,93.41,105.0,107,12.225,12.705854750784269,0.02044989775051125,0.2618672043000958,0.22457,0.219036,1550,1.0393337219455434,1.195544131102174
SCHW,True,67.25,57.5,107,11.649999999999999,13.491232752821873,0.008583690987124434,0.5522914438852304,0.34882,0.379941,870,1.1580457298559548,1.453624230828551
SCHW,False,67.25,80.0,107,13.1,16.187657165298944,0.01526717557251903,0.5522914438852304,0.29777,0.300438,1,1.2356990202518279,1.8382875797509985
SJM,True,130.28,120.0,107,13.8,15.552222853339117,0.028985507246376836,0.3352286052418581,0.25158,0.240275,331,1.12697267053182,1.3951872031707757
SJM,False,130.28,145.0,107,15.7,18.355712706094636,0.14012738853503193,0.3352286052418581,0.13405,0.223715,0,1.169153675547429,1.4984627997311675
SPG,True,140.22,125.0,107,18.15,20.38258766308269,0.016528925619834753,0.37015904122640303,0.27678,0.269814,1023,1.123007584742848,1.3719045017174907
SPG,False,140.22,155.0,107,16.7,19.95581070890701,0.023952095808383148,0.37015904122640303,0.22611,0.229977,223,1.1949587250842522,1.6095480905760273
SRE,True,75.78,70.0,107,7.5,8.664586200819976,0.02666666666666657,0.31706278459649634,0.22037,0.219767,608,1.15527816010933,1.442722449669406
SRE,False,75.78,82.5,107,7.050000000000001,9.076927855402928,0.04255319148936167,0.31706278459649634,0.16645,0.172081,3,1.2875074972202734,1.8425205838907044
STX,True,80.36,70.0,107,13.149999999999999,13.56395622591753,0.045627376425855494,0.42649712452223,0.39242,0.369524,90,1.0314795609062761,1.1541797678154326
STX,False,80.36,95.0,107,15.475,16.95127506345157,0.01615508885298869,0.42649712452223,0.31612,0.315882,0,1.0953974192860465,1.3501786253165107
STZ,True,241.64,220.0,107,28.65,28.609052450025956,0.05933682373472947,0.2885674585474249,0.25687,0.25262,65,0.9985707661440125,1.142298545433556
STZ,False,241.64,270.0,107,29.15,32.72386801935099,0.0583190394511149,0.2885674585474249,0.11606,0.216317,10,1.122602676478593,1.3340026837808627
SWK,True,94.15,82.5,107,14.2,16.355791908544944,0.014084507042253596,0.47623308894031335,0.33685,0.335166,5,1.1518163315876722,1.4208872288367953
SWK,False,94.15,110.0,107,16.45,19.740179187016075,0.05471124620060782,0.47623308894031335,0.25769,0.288882,26,1.2000108928277249,1.6485384653260269
T,True,17.27,15.0,107,2.6,2.5790614683199617,0.2076923076923077,0.2829891062648149,0.36119,0.264107,2478,0.9919467185846006,1.071494152994108
T,False,17.27,19.0,107,2.16,2.096589234294484,0.046296296296296335,0.2829891062648149,0.24352,0.216755,77,0.970643164025224,1.3055712960015449
TAP,True,61.95,55.0,107,8.2,7.8488703685435866,0.024390243902439157,0.22698384470475136,0.25877,0.273467,65,0.9571793132370229,0.8300227987462887
TAP,False,61.95,70.0,107,8.25,8.38374491035895,0.03636363636363645,0.22698384470475136,0.20461,0.209652,8,1.0162115042859332,1.0826695891513143
TECH,True,72.2,60.0,107,15.15,15.715626714453464,0.17821782178217815,0.5589886072574043,0.44509,0.457365,39,1.037335096663595,1.2221936686397172
TECH,False,72.2,95.0,107,22.950000000000003,24.79529847540651,0.20479302832244003,0.5589886072574043,0.33141,0.573793,0,1.080405162327081,0.9741990704965106
TEL,True,137.31,125.0,107,15.25,15.966071776011233,0.08524590163934431,0.27535533230993997,0.21888,0.267183,218,1.0469555262958186,1.0305870220408482
TEL,False,137.31,150.0,107,13.65,15.685182214600331,0.03663003663003663,0.27535533230993997,0.19922,0.188373,0,1.1490975981392184,1.4617558371419468
TER,True,101.78,90.0,107,16.5,18.124504198495273,0.09696969696969705,0.5293896464032212,0.40176,0.369436,39,1.0984547999088043,1.4329671347763109
TER,False,101.78,120.0,107,19.05,23.22400103643352,0.026246719160104987,0.5293896464032212,0.32277,0.326622,1,1.2191076659545155,1.6208021701025073
TFX,True,242.16,220.0,107,32.55,33.47437821401061,0.11981566820276494,0.3939786265461834,0.33336,0.31912,1,1.0283987162522463,1.234578298277085
TFX,False,242.16,280.0,107,39.55,44.73620814292252,0.06321112515802782,0.3939786265461834,0.26996,0.268981,0,1.1311304208071435,1.464708014864185
TGT,True,139.42,120.0,107,22.799999999999997,21.88715688724203,0.03508771929824565,0.29340582842354496,0.33694,0.348033,495,0.9599630213702646,0.843040253147101
TGT,False,139.42,160.0,107,22.1,22.3370823717065,0.018099547511312312,0.29340582842354496,0.2776,0.281996,11,1.0107277091269908,1.0404609583949593
TJX,True,91.84,85.0,107,9.125,9.119705053987623,0.016438356164383407,0.23862586960087384,0.21095,0.210191,478,0.9994197319438491,1.1352810995754996
TJX,False,91.84,100.0,107,8.5,9.61024218107542,0.0235294117647058,0.23862586960087384,0.17572,0.176847,88,1.1306167271853436,1.3493351292409475
TRGP,True,87.77,77.5,107,12.3,12.235161352694313,0.048780487804878016,0.2933957839721856,0.27738,0.287337,7,0.9947285652597001,1.0210859860449075
TRGP,False,87.77,100.0,107,13.75,13.475690682770875,0.2545454545454545,0.2933957839721856,0.2117,0.24202,0,0.9800502314742454,1.212279084258266
TROW,True,106.38,95.0,107,13.95,15.099891414753316,0.021505376344085947,0.356276124123356,0.29239,0.291632,107,1.082429492097012,1.2216633432660202
TROW,False,106.38,120.0,107,14.75,16.609697259647973,0.020338983050847505,0.356276124123356,0.24214,0.240258,19,1.1260811701456253,1.4828897440391413
TRV,True,192.02,175.0,107,21.4,19.612316869631087,0.06542056074766366,0.1850637957445682,0.23102,0.220331,24,0.9164634051229481,0.8399353506522831
TRV,False,192.02,210.0,107,18.55,19.017929856739215,0.026954177897574122,0.1850637957445682,0.17288,0.171139,0,1.0252253292042703,1.0813654149233558
TSCO,True,212.69,190.0,107,29.1,30.66891192517602,0.10996563573883159,0.37082025095865256,0.28619,0.294069,14,1.0539144991469422,1.260997422233056
TSCO,False,212.69,240.0,107,28.1,33.86161044131731,0.11387900355871883,0.37082025095865256,0.1363,0.252919,1,1.2050395174846018,1.4661620952109273
TSLA,True,238.69,200.0,107,50.7,49.9952527429364,0.003944773175542322,0.5368981548388166,0.51279,0.524545,1000,0.986099659623992,1.0235502289390168
TSLA,False,238.69,310.0,107,74.025,77.67161040466053,0.010131712259371832,0.5368981548388166,0.46994,0.468773,150,1.0492618764560693,1.1453265329675912
TSN,True,54.7,47.5,107,8.3,9.012768871735943,0.0240963855421688,0.38959417705580734,0.30346,0.288214,2054,1.0858757676790292,1.3517531315474172
TSN,False,54.7,62.5,107,8.3,9.48874877463436,0.0240963855421688,0.38959417705580734,0.26281,0.252786,5,1.1432227439318505,1.5412015580602063
TXN,True,166.62,150.0,107,20.95,21.72623649166428,0.042959427207637166,0.3173334090648936,0.27972,0.271378,979,1.0370518611772928,1.1693409527113237
TXN,False,166.62,185.0,107,20.525,22.57156007202893,0.05602923264311826,0.3173334090648936,0.2439,0.226221,0,1.099710600342457,1.4027584046790245
UBER,True,58.34,50.0,107,10.575,10.183434825517196,0.014184397163120602,0.3998095228463016,0.40082,0.413503,4195,0.9629725603325955,0.96688421328576
UBER,False,58.34,72.5,107,14.4,14.953908324611568,0.01388888888888884,0.3998095228463016,0.35146,0.363066,71,1.0384658558758033,1.1012034254000695
UDR,True,37.61,30.0,107,8.3,8.18239473549093,0.5301204819277109,0.36677169657551423,0.42671,0.365457,18,0.9858306910230036,1.0035974042787914
UDR,False,37.61,45.0,107,7.3,7.982418283598918,0.6301369863013698,0.36677169657551423,0.29384,0.31868,0,1.0934819566573861,1.1509090516364824
UHS,True,152.94,135.0,107,22.75,23.648701857587184,0.013186813186813062,0.38939676195708117,0.31422,0.32731,21,1.0395033783554806,1.1896879470748867
UHS,False,152.94,175.0,107,22.85,26.71504112617943,0.04814004376367605,0.38939676195708117,0.25655,0.238086,5,1.1691484081478962,1.6355298587782616
UNP,True,242.24,220.0,107,27.0,28.436796343414045,0.05925925925925931,0.27259321077300663,0.20947,0.233227,1,1.0532146793857053,1.168789251557524
UNP,False,242.24,270.0,107,28.65,31.592892483536332,0.0314136125654451,0.27259321077300663,0.19474,0.19645,0,1.1027187603328563,1.3875958807483157
UPS,True,157.81,140.0,107,20.950000000000003,21.041414883707972,0.014319809069212442,0.273318573692258,0.27701,0.275978,375,1.0043634789359412,0.9903636293192137
UPS,False,157.81,175.0,107,19.3,19.91408383507246,0.020725388601036194,0.273318573692258,0.23638,0.237535,56,1.0318178152887285,1.1506454783179658
USB,True,42.81,37.5,107,6.625,7.7045884654388495,0.022641509433962318,0.5108977944451067,0.35571,0.354874,103,1.1629567495002038,1.4396596945538607
USB,False,42.81,50.0,107,7.625,9.255766144241601,0.03278688524590164,0.5108977944451067,0.29056,0.288458,2,1.2138709697366035,1.7711340799877513
VLTO,True,78.01,70.0,107,11.2,11.700774314182262,0.08928571428571429,0.4192671186470809,0.33252,0.359811,3,1.044711992337702,1.1652426375154759
VLTO,False,78.01,90.0,107,12.6,14.63105938633042,0.2380952380952381,0.4192671186470809,0.22068,0.272176,0,1.1611951893913033,1.5404264837718276
VRTX,True,410.04,370.0,107,53.2,73.11494490655082,0.09398496240601503,0.5881891909792233,0.27069,0.27578,51,1.3743410696720078,2.1328203313482605
VRTX,False,410.04,470.0,107,60.2,88.65765629536017,0.08305647840531562,0.5881891909792233,0.13719,0.244096,0,1.472718543112295,2.4096633741610813
VTRS,True,11.36,10.0,107,1.65,1.753964738639791,0.06060606060606053,0.3777271042686152,0.34418,0.320548,1781,1.0630089325089642,1.1783792264141884
VTRS,False,11.36,13.0,107,1.7999999999999998,1.9603699208930943,0.11111111111111109,0.3777271042686152,0.27634,0.273146,0,1.0890944004961636,1.382876206382723
VZ,True,39.16,35.0,107,4.425000000000001,4.953400956260484,0.011299435028248546,0.26129976775377206,0.23823,0.242716,10991,1.1194126454825952,1.0765658949297618
VZ,False,39.16,42.0,107,3.95,3.808908755191691,0.025316455696202552,0.26129976775377206,0.20172,0.208238,163,0.9642806975168838,1.2548130876870314
WAB,True,124.82,115.0,107,12.55,12.639826232921976,0.151394422310757,0.23211595988003506,0.19017,0.239255,254,1.0071574687587233,0.9701613754363966
WAB,False,124.82,140.0,107,15.299999999999999,16.12748727728824,0.14379084967320258,0.23211595988003506,0.13536,0.200195,0,1.054084135770473,1.1594493362972853
WBA,True,25.63,20.0,107,6.175,6.832429797985446,0.02429149797570856,0.6501707812679618,0.50001,0.525426,3230,1.106466364046226,1.237416460677549
WBA,False,25.63,32.5,107,7.425,8.22003468166961,0.02020202020202025,0.6501707812679618,0.44029,0.431231,156,1.107075378002641,1.5077088179373974
WBD,True,11.3,10.0,107,2.085,2.5275250418853883,0.02398081534772174,0.7764354811303055,0.52607,0.52774,1697,1.2122422263239272,1.471246221871197
WBD,False,11.3,15.0,107,3.8,4.43630518945561,0.026315789473684237,0.7764354811303055,0.47826,0.501088,2232,1.167448734067266,1.5494992518885016
WDC,True,50.38,42.5,107,9.575,9.61618669885295,0.015665796344647556,0.4430966852050958,0.39384,0.416389,155,1.0043014829089243,1.0641411881800331
WDC,False,50.38,60.0,107,10.075,11.128148450783883,0.014888337468982667,0.4430966852050958,0.34092,0.334505,0,1.104530863601378,1.3246339672205074
WEC,True,86.34,80.0,107,7.8,10.357762016411478,0.10256410256410244,0.35716834464884745,0.18457,0.209669,18,1.3279182072322409,1.7034866606357995
WEC,False,86.34,95.0,107,9.899999999999999,11.748438297112166,0.1616161616161616,0.35716834464884745,0.23198,0.180108,0,1.1867109391022392,1.9830787341420006
WFC,True,48.66,42.5,107,7.15,7.520477124303049,0.01398601398601406,0.34708625249107156,0.28935,0.326909,3644,1.051814982420007,1.0617213123256672
WFC,False,48.66,55.0,107,6.75,7.595798629216958,0.014814814814814762,0.34708625249107156,0.24716,0.233073,11,1.1253035006247345,1.4891740033855125
WM,True,178.53,165.0,107,17.1,16.751332667157243,0.0233918128654972,0.19850351791758333,0.18561,0.194465,242,0.9796100974945755,1.020767325316038
WM,False,178.53,195.0,107,16.2,17.87663688403788,0.19753086419753094,0.19850351791758333,0.10337,0.139043,0,1.1034961039529556,1.4276412183107623
WRB,True,72.63,64.0,107,10.95,10.235910282586914,0.13698630136986303,0.29438479971999165,0.35287,0.287069,78,0.9347863271768873,1.025484464431867
WRB,False,72.63,84.0,107,11.95,12.17964473852308,0.12552301255230125,0.29438479971999165,0.17074,0.261559,0,1.0192171329308017,1.1255005552093091
WRK,True,41.55,37.5,107,5.25,6.204561711363024,0.8571428571428571,0.43401580664700384,0.32293,0.305533,147,1.1818212783548616,1.420520227428801
WRK,False,41.55,47.5,107,6.35,7.584748951509642,0.4881889763779529,0.43401580664700384,0.2391,0.260394,0,1.1944486537810461,1.6667657728173606
WTW,True,240.65,220.0,107,26.0,26.61446369859786,0.10000000000000006,0.25754640743750723,0.21454,0.245751,3,1.0236332191768407,1.0479973934490896
WTW,False,240.65,270.0,107,29.3,32.15306189210057,0.15017064846416378,0.25754640743750723,0.12864,0.210973,0,1.0973741260102583,1.220755297775105
WY,True,33.98,30.0,107,4.550000000000001,5.391833453997261,0.06593406593406588,0.41420663587869866,0.25632,0.273074,108,1.1850183415378595,1.5168292692775536
WY,False,33.98,38.0,107,4.35,5.451371736479452,0.06896551724137928,0.41420663587869866,0.21428,0.219615,0,1.253188904937805,1.8860580373776776
WYNN,True,94.06,82.5,107,15.0,15.14119813635309,0.013333333333333286,0.40431017387628265,0.36951,0.370497,75,1.009413209090206,1.0912643661791663
WYNN,False,94.06,115.0,107,21.4,22.575229591336708,0.014018691588785081,0.40431017387628265,0.32948,0.330494,0,1.0549172706232106,1.2233510256654663
XOM,True,103.52,90.0,107,15.325,15.255319882922251,0.00978792822185973,0.27263349675477855,0.27645,0.285142,310,0.9954531734370148,0.9561323717824051
XOM,False,103.52,115.0,107,12.825,13.206368659191199,0.011695906432748567,0.27263349675477855,0.24372,0.242105,3035,1.0297363476952202,1.1260961019176745
XRAY,True,34.78,30.0,107,5.800000000000001,5.921463737637328,0.03448275862068968,0.3979594961550121,0.34307,0.32886,21,1.0209420237305737,1.2101182757252693
XRAY,False,34.78,40.0,107,5.5,6.286428506372783,0.03636363636363624,0.3979594961550121,0.28234,0.28857,2,1.1429870011586878,1.3790743880341412
XYL,True,111.8,100.0,107,14.149999999999999,13.499789531084346,0.07773851590106005,0.22292776502079037,0.22308,0.266736,123,0.954048730111968,0.8357618207545677
XYL,False,111.8,125.0,107,13.7,13.960271137810821,0.058394160583941535,0.22292776502079037,0.20816,0.205318,0,1.018997893270863,1.085768247405441
YUM,True,129.09,120.0,107,12.15,12.292498563851723,0.024691358024691416,0.2316332184039675,0.20397,0.218101,52,1.011728276860224,1.0620456504278637
YUM,False,129.09,140.0,107,11.35,12.923295033082667,0.061674008810572625,0.2316332184039675,0.15778,0.162899,3,1.1386163024742437,1.4219437713182248
ZION,True,42.0,35.0,107,8.5,11.031409440189147,0.0235294117647058,0.8333456920301505,0.48485,0.469468,443,1.2978128753163702,1.7750851858489833
ZION,False,42.0,52.5,107,11.6,14.43830076135507,0.06896551724137938,0.8333456920301505,0.48051,0.428236,70,1.2446811001168163,1.9459963478786242
ZTS,True,193.41,175.0,107,23.950000000000003,24.020553853674812,0.11273486430062626,0.2994093645984722,0.27484,0.265748,103,1.0029458811555243,1.1266664832791677
ZTS,False,193.41,220.0,107,26.7,29.60557165238285,0.0749063670411985,0.2994093645984722,0.12779,0.22661,0,1.1088229083289456,1.3212539808414112
FOX,True,27.96,25.0,107,4.1,3.6994988184124793,0.43902439024390244,0.30186573541526973,0.25052,0.28843,7,0.9023167849786535,1.0465823091053972
FOX,False,27.96,35.0,107,7.35,7.048785148289749,0.2857142857142858,0.30186573541526973,0.34603,0.273644,0,0.9590183875224149,1.1031330320243444
FOXA,True,30.01,27.0,107,3.8,3.871137172883934,0.052631578947368356,0.3063933993795144,0.28588,0.296055,8,1.018720308653667,1.0349205363176246
FOXA,False,30.01,34.0,107,4.199999999999999,4.523048447945651,0.04761904761904767,0.3063933993795144,0.23135,0.227617,6,1.076916297129917,1.3460918972638878
PEAK,True,19.57,17.5,107,2.5250000000000004,3.174286036115209,0.05940594059405936,0.4760403546601464,0.31673,0.319312,431,1.2571429846000826,1.4908313958139576
PEAK,False,19.57,22.5,107,3.3,3.8301485057833933,0.06060606060606053,0.4760403546601464,0.30714,0.263895,16,1.1606510623586042,1.803900622066149
