side,a,b,n,r,t,disc,val,yrs_pos,hit
call,"bb_revert(50, 2.0)","cci_revert(40, 150)",5416,-0.016627654511576627,-5.514136333762019,-0.0026028464823270726,-0.03280497780893367,2,0.2171344165435746
call,"bb_revert(50, 2.0)","cci_revert(40, 200)",4606,-0.023043050719349346,-5.024344959954541,-0.0003879904910016687,-0.0492864007120745,2,0.21124620060790272
call,"bb_revert(50, 2.0)","mfi(14, 10)",342,-0.025199374121710885,-2.7702595913109356,0.016193768812695474,-0.08143695452224917,2,0.2134502923976608
call,"bb_revert(50, 2.0)","rsi_revert(25, 40)",3914,-0.025530311895998054,-3.0015615421520776,0.007965334157533716,-0.06324702795736217,2,0.20235053653551355
call,"bb_revert(50, 2.0)","rsi_revert(17, 35)",4791,-0.02280270277915188,-4.850056247899719,0.008245739218515409,-0.058459680337907896,2,0.20935086620747234
call,"bb_revert(50, 2.0)","cci_revert(30, 150)",5892,-0.023302407936379416,-5.202266814805472,-0.004002775397852998,-0.04580918529380803,2,0.20723014256619143
call,"bb_revert(50, 2.0)","willr(28, 10)",7375,-0.017724053717450807,-5.1520843719813625,0.004645426558807348,-0.04412043718266587,2,0.21654237288135594
call,"bb_revert(50, 2.0)","stoch_revert(21, 3, 10)",4176,-0.01850443617853181,-4.541976114713315,-0.00018644792212562769,-0.03714099814374506,2,0.21743295019157088
call,"bb_revert(50, 2.0)","mfi(21, 30)",1716,-0.015321380157932864,-3.186600304548046,0.00329879678651664,-0.034514485623750035,3,0.2296037296037296
call,"bb_revert(50, 2.0)","rsi_revert(14, 35)",5394,-0.022868016095867732,-4.217773763839341,0.004980094401295334,-0.054889458417236976,2,0.20893585465331851
call,"bb_revert(50, 2.0)","stoch_revert(14, 3, 10)",4498,-0.016150865891593445,-4.774814503477811,0.00960946376672658,-0.04354189531727501,3,0.2169853268119164
call,"bb_revert(50, 2.0)","willr(21, 10)",7511,-0.017230346680632003,-4.657701738958329,0.004593973019033571,-0.0432526309693459,2,0.21555052589535348
call,"bb_revert(50, 2.0)","stoch_revert(21, 5, 10)",2373,-0.02485650549271393,-4.04249942493732,0.0019758237539584276,-0.05064658723972215,2,0.21702486304256216
call,"bb_revert(50, 2.0)","mfi(21, 20)",490,-0.03329279096835459,-1.9906506734135931,-0.01946251865167353,-0.049316410436579784,2,0.22653061224489796
call,"bb_revert(50, 2.0)","willr(14, 10)",7594,-0.016735774262428168,-4.9655197220472065,0.0050805897986838724,-0.043122339697994866,2,0.2151698709507506
call,"bb_revert(50, 2.0)","aroon(25,)",122,-0.037159392190196074,-1.0085327976094984,-0.021121209149842723,-0.05669681516662651,2,0.20491803278688525
call,"bb_revert(50, 2.0)","macd(16, 35, 12)",100,-0.03875302528240348,-1.3394753080422979,0.0014945557196247492,-0.08997721928498484,2,0.16
call,"cci_revert(40, 150)","bb_revert(40, 2.0)",9234,-0.02239578484352652,-5.000906074763762,-0.011990753701684119,-0.03566745591059806,1,0.19948018193632228
call,"cci_revert(40, 150)","mfi(14, 10)",365,-0.021619348754400358,-3.376127842230952,0.005670062748635906,-0.06255346600895474,2,0.23013698630136986
call,"cci_revert(40, 150)","rsi_revert(25, 40)",4519,-0.021822601429921967,-4.213425995765437,-0.004631042556076777,-0.04217993310750568,1,0.19893781810134986
call,"cci_revert(40, 150)","rsi_revert(17, 35)",5202,-0.021224328366033024,-5.3651927039375265,-0.004227150524455187,-0.04145633752735537,2,0.20530565167243367
call,"cci_revert(40, 150)","bb_revert(30, 1.5)",8898,-0.020455205832069688,-5.316821334497454,-0.007001789867104309,-0.03710956030378991,2,0.20173072600584402
call,"cci_revert(40, 150)","willr(28, 10)",8614,-0.021289312237064283,-5.246668697712206,-0.011168011568506,-0.033145547227432404,2,0.2017645693057813
call,"cci_revert(40, 150)","stoch_revert(21, 3, 10)",5425,-0.016612502935429357,-3.495830269729748,-0.004620433902313858,-0.029758368409520813,1,0.20774193548387096
call,"cci_revert(40, 150)","mfi(21, 30)",1908,-0.014807956870036233,-4.182830247399614,-0.006935453986868676,-0.023052122979447746,2,0.22431865828092243
call,"cci_revert(40, 150)","rsi_revert(14, 35)",6435,-0.023301497868890717,-4.55562756940646,-0.009923559516843768,-0.039365089371639295,2,0.19968919968919968
call,"cci_revert(40, 150)","stoch_revert(14, 3, 10)",5603,-0.017322534302667142,-4.525393224191811,-0.002686084589563999,-0.033655883585982774,1,0.2075673746207389
call,"cci_revert(40, 150)","willr(21, 10)",8699,-0.021627815199001553,-5.073422953408218,-0.0118542771202838,-0.03308274347403305,2,0.2018622830210369
call,"cci_revert(40, 150)","stoch_revert(21, 5, 10)",3132,-0.026858749226664647,-4.331954423196004,-0.008111616083264047,-0.04707380653126052,2,0.19891443167305237
call,"cci_revert(40, 150)","mfi(21, 20)",488,-0.03608741845571888,-3.656011991909272,-0.047638814510099554,-0.022015717807655155,1,0.22336065573770492
call,"cci_revert(40, 150)","willr(14, 10)",8751,-0.020924931015028375,-5.219970491787712,-0.01095942868391667,-0.03269624595698709,2,0.20249114386927208
call,"cci_revert(40, 150)","aroon(25,)",138,-0.04682097957048169,-2.4216262208399013,-0.01879596674062642,-0.07829522474862682,3,0.2028985507246377
call,"cci_revert(40, 150)","macd(16, 35, 12)",126,-0.020027875356658755,-1.3542011793574718,0.008058276708487687,-0.05999663021859791,1,0.19047619047619047
call,"cci_revert(40, 200)","bb_revert(40, 2.0)",4195,-0.030152189109722127,-3.9737770699419888,0.0028348051446520834,-0.06916334308484835,2,0.2028605482717521
call,"cci_revert(40, 200)","mfi(14, 10)",243,-0.029618339698899813,-1.5077434409820019,0.0006879277671448426,-0.06448395713771224,3,0.23045267489711935
call,"cci_revert(40, 200)","rsi_revert(25, 40)",2265,-0.03319365582048826,-3.371282290535835,0.004936367177632797,-0.07684819919617801,1,0.19911699779249448
call,"cci_revert(40, 200)","rsi_revert(17, 35)",2905,-0.02704336294201369,-3.8873651961905655,0.00614817163839281,-0.06449022246862615,2,0.21480206540447505
call,"cci_revert(40, 200)","bb_revert(30, 1.5)",2033,-0.04246682876027741,-2.7463714289365253,0.006931804102739804,-0.09554515570390713,2,0.18888342351205115
call,"cci_revert(40, 200)","willr(28, 10)",4981,-0.02504654216022261,-4.320997273359736,-0.0018912145287165402,-0.05101246109282716,2,0.21843003412969283
call,"cci_revert(40, 200)","stoch_revert(21, 3, 10)",2812,-0.028504968867002708,-3.4620065124307904,1.4651883601272322e-05,-0.057105842098377636,2,0.22155049786628733
call,"cci_revert(40, 200)","mfi(21, 30)",1032,-0.04513155599461516,-3.352567564000188,-0.01867413463377859,-0.07210673511202387,1,0.2180232558139535
call,"cci_revert(40, 200)","rsi_revert(14, 35)",3155,-0.03182611247098341,-3.727840434740277,0.004352643402993892,-0.07313817450766352,2,0.20253565768621237
call,"cci_revert(40, 200)","stoch_revert(14, 3, 10)",3009,-0.025069084366185528,-3.4784164541621094,0.004255198675425201,-0.054334952501338865,2,0.22399468261881023
call,"cci_revert(40, 200)","willr(21, 10)",5069,-0.025896839634695672,-4.551252753703011,-0.0034517819472749127,-0.05117577415261713,2,0.21759715920299863
call,"cci_revert(40, 200)","stoch_revert(21, 5, 10)",1327,-0.054246990340868745,-3.9387617461335145,-0.014950850971463259,-0.09096539462044441,1,0.20648078372268275
call,"cci_revert(40, 200)","mfi(21, 20)",251,-0.07222435091454496,-1.562353937558234,0.002482005263926921,-0.14401249005479527,2,0.21115537848605578
call,"cci_revert(40, 200)","willr(14, 10)",5146,-0.022623681293875264,-4.594944765224541,-0.0022637137388102336,-0.04562977045998765,2,0.22133696074621065
call,"bb_revert(40, 2.0)","mfi(14, 10)",348,-0.020483638153228987,-2.719452621240548,0.002539497802316546,-0.05159598403910132,2,0.22126436781609196
call,"bb_revert(40, 2.0)","rsi_revert(25, 40)",3915,-0.029012326656679483,-3.3427262666163386,0.0031329715158163168,-0.06666671919151648,2,0.19923371647509577
call,"bb_revert(40, 2.0)","rsi_revert(17, 35)",4843,-0.028683859949706764,-5.394648118698854,0.002556047907378221,-0.06535008932415794,2,0.20338633078670246
call,"bb_revert(40, 2.0)","cci_revert(30, 150)",6684,-0.028336955026112148,-4.883338138921444,-0.011085365830890823,-0.04865774190806883,2,0.20032914422501497
call,"bb_revert(40, 2.0)","willr(28, 10)",8371,-0.023573356064377136,-4.428539012138491,-0.0031625594728378423,-0.04757607084995648,2,0.20869669095687493
call,"bb_revert(40, 2.0)","stoch_revert(21, 3, 10)",4435,-0.028404755710255903,-4.279609767217234,-0.006971157092129664,-0.0501597122358779,2,0.21352874859075535
call,"bb_revert(40, 2.0)","mfi(21, 30)",1707,-0.03233624014916404,-4.9471322592974545,-0.014474073853512237,-0.05043010907365094,1,0.20620972466315174
call,"bb_revert(40, 2.0)","rsi_revert(14, 35)",5610,-0.03034224459315473,-5.184629254139209,-0.002216774177785105,-0.06344451536141864,2,0.1966131907308378
call,"bb_revert(40, 2.0)","stoch_revert(14, 3, 10)",4837,-0.026287700264997396,-4.264276213908432,0.00014185031622826905,-0.053730773434883645,1,0.21108124870787678
call,"bb_revert(40, 2.0)","willr(21, 10)",8542,-0.024592182093754873,-4.64526097152429,-0.004679109740887665,-0.04796090720607639,2,0.20920159213298994
call,"bb_revert(40, 2.0)","stoch_revert(21, 5, 10)",2193,-0.04358724542011981,-4.988813620190238,-0.010834932238740103,-0.0745103070674331,1,0.20975832193342453
call,"bb_revert(40, 2.0)","mfi(21, 20)",420,-0.04781602010697231,-3.4657635902942108,-0.023210113001961782,-0.07514217824871766,0,0.2119047619047619
call,"bb_revert(40, 2.0)","willr(14, 10)",8695,-0.02463206102225187,-5.091289974605333,-0.0050900715131798994,-0.04785815577730796,2,0.2088556641748131
call,"bb_revert(40, 2.0)","aroon(25,)",151,-0.03662507029487253,-2.317977871749156,-0.03520588699377668,-0.03826726811471201,3,0.1986754966887417
call,"bb_revert(40, 2.0)","macd(16, 35, 12)",116,-0.0024522901386542315,-0.8537758681931182,0.013106814317876945,-0.0270010993922923,2,0.19827586206896552
call,"mfi(14, 10)","rsi_revert(25, 40)",105,-0.053995392314103594,-1.4119119976246812,-0.007909460066138126,-0.09921177867059802,1,0.12380952380952381
call,"mfi(14, 10)","rsi_revert(17, 35)",162,-0.035247121126143754,-2.57672214591768,-0.005407015202528826,-0.07254725353066244,1,0.14814814814814814
call,"mfi(14, 10)","bb_revert(30, 1.5)",234,0.0005130413069963694,-0.23144255323524032,0.06472332460099947,-0.09343674161791345,4,0.24358974358974358
call,"mfi(14, 10)","cci_revert(30, 150)",293,-0.027424641480950362,-1.0965935706874859,0.026153864777798044,-0.10252238386001575,2,0.21160409556313994
call,"mfi(14, 10)","willr(28, 10)",434,-0.03463371123526435,-1.9327822844565394,0.028990943800562958,-0.11558026188293992,1,0.22119815668202766
call,"mfi(14, 10)","stoch_revert(21, 3, 10)",239,-0.03725869510649469,-1.6839110993492408,0.014604673625704813,-0.09808028207425591,2,0.2217573221757322
call,"mfi(14, 10)","rsi_revert(14, 35)",161,-0.04893895124203527,-2.4086716878606276,-0.0201594452982013,-0.08277431633816437,1,0.14285714285714285
call,"mfi(14, 10)","stoch_revert(14, 3, 10)",320,-0.03042649831922891,-1.6089602339722389,0.02478479350542661,-0.09876495043785848,2,0.20625
call,"mfi(14, 10)","willr(21, 10)",459,-0.037140041961879096,-2.0301040079160013,0.024983243356853334,-0.11479414861029465,1,0.2113289760348584
call,"mfi(14, 10)","stoch_revert(21, 5, 10)",138,-0.00858835753272712,-0.506981276927581,0.05196417803219332,-0.06914089309764757,3,0.2246376811594203
call,"mfi(14, 10)","willr(14, 10)",508,-0.030782146691592342,-1.4656402156371815,0.024182060492096237,-0.10273529064114831,1,0.2125984251968504
call,"rsi_revert(25, 40)","bb_revert(30, 1.5)",6126,-0.03708569796204966,-5.069397306502458,-0.00681633840116243,-0.07077980741461368,2,0.19082598759386224
call,"rsi_revert(25, 40)","cci_revert(30, 150)",4688,-0.04009220005218852,-4.361722878212185,-0.014307649683370376,-0.06758132624970772,1,0.1864334470989761
call,"rsi_revert(25, 40)","willr(28, 10)",7540,-0.029506135468186763,-5.598345074930213,0.0003026082957548601,-0.0647503375740338,2,0.1976127320954907
call,"rsi_revert(25, 40)","stoch_revert(21, 3, 10)",4788,-0.03460520144205192,-4.588782529108261,-0.0006344719098626261,-0.07026283363936704,2,0.19005847953216373
call,"rsi_revert(25, 40)","mfi(21, 30)",2244,-0.03787991744077942,-5.227819272100683,-0.010459812129358906,-0.06834383500690135,1,0.18983957219251338
call,"rsi_revert(25, 40)","stoch_revert(14, 3, 10)",4479,-0.03796029236817798,-5.18886246483156,-0.0020512304644294387,-0.07414297778262295,2,0.1857557490511275
call,"rsi_revert(25, 40)","willr(21, 10)",7366,-0.02995943484087094,-5.1746342406739085,-0.00016923243579569256,-0.06450069855006842,2,0.19888677708389899
call,"rsi_revert(25, 40)","stoch_revert(21, 5, 10)",3196,-0.0391047104732564,-4.543792121110536,0.002629796783123075,-0.08320256176989416,1,0.17897371714643304
call,"rsi_revert(25, 40)","mfi(21, 20)",379,-0.047709969886004004,-2.4578183794608552,0.0021827536148660786,-0.11311811349994952,1,0.17678100263852242
call,"rsi_revert(25, 40)","roc(10, 0.15)",135,0.049001878757544956,-1.4433770213863053,-0.1587251604822207,0.06926793136630259,1,0.3851851851851852
call,"rsi_revert(25, 40)","willr(14, 10)",7147,-0.032039974500535195,-5.163768762894316,-0.0018156465589293175,-0.0672543838502523,2,0.19686581782566112
call,"rsi_revert(25, 40)","aroon(25,)",289,-0.023725208558179778,-2.282674418590029,-0.02961441760117364,-0.014814579223562966,2,0.2041522491349481
call,"rsi_revert(25, 40)","macd(16, 35, 12)",1301,-0.01860292646283047,-3.7373094295168308,0.0006739735690727052,-0.04774156106703932,2,0.2083013066871637
call,"rsi_revert(17, 35)","bb_revert(30, 1.5)",5323,-0.03696811359131232,-4.904839204323346,-0.002491940532866565,-0.07691070338368035,3,0.2002630095810633
call,"rsi_revert(17, 35)","cci_revert(30, 150)",4466,-0.0390971351373423,-5.376349054035725,-0.010327601799169596,-0.07064907404718807,1,0.19570085087326466
call,"rsi_revert(17, 35)","willr(28, 10)",7736,-0.029403187737854084,-5.857738776398455,0.00018145274206981298,-0.06537763598685922,2,0.20747156153050672
call,"rsi_revert(17, 35)","stoch_revert(21, 3, 10)",4919,-0.03459025238947528,-3.789827861854528,-0.005512810921954914,-0.06604261819183756,1,0.20410652571660906
call,"rsi_revert(17, 35)","mfi(21, 30)",2212,-0.033339814746805266,-4.195502482871154,-0.007343272496312813,-0.06306454328903502,1,0.2115732368896926
call,"rsi_revert(17, 35)","stoch_revert(14, 3, 10)",4950,-0.0337709395166043,-3.9343322063913178,0.0018350465195931935,-0.07237532437690264,2,0.19757575757575757
call,"rsi_revert(17, 35)","willr(21, 10)",7728,-0.029545699112989696,-5.5046879801934505,-0.00033102767702377495,-0.0647817787067539,2,0.20600414078674947
call,"rsi_revert(17, 35)","stoch_revert(21, 5, 10)",3111,-0.037451912088045616,-4.44116885851416,-0.001837735909418217,-0.07614739525999491,1,0.20604307296689167
call,"rsi_revert(17, 35)","mfi(21, 20)",519,-0.05608627744970729,-3.4548216450574873,-0.01031227786939402,-0.11140464289995822,1,0.20616570327552985
call,"rsi_revert(17, 35)","willr(14, 10)",7578,-0.030210320166495337,-5.435209742293517,-0.0010136430969316338,-0.06516337311524238,2,0.20572710477698603
call,"rsi_revert(17, 35)","aroon(25,)",100,-0.10102899738517157,-2.748911016353215,-0.08496662920789536,-0.12615218863680872,0,0.12
call,"rsi_revert(17, 35)","macd(16, 35, 12)",523,0.01265732781051646,-2.711786007237808,0.007595587892447826,0.022637008217163152,4,0.2390057361376673
call,"bb_revert(30, 1.5)","cci_revert(30, 150)",11888,-0.029669354335959387,-6.245739938802979,-0.01622995803325748,-0.04626709720350006,1,0.18657469717362046
call,"bb_revert(30, 1.5)","willr(28, 10)",12915,-0.030087492516112698,-5.934534668998375,-0.015058445074704736,-0.047647455770773214,0,0.18737901664730933
call,"bb_revert(30, 1.5)","stoch_revert(21, 3, 10)",7501,-0.030851108626524227,-5.064978869445664,-0.010379323123635237,-0.052255206149861115,1,0.1878416211171844
call,"bb_revert(30, 1.5)","mfi(21, 30)",2656,-0.02633676134668138,-6.082374544662488,-0.013576631817138649,-0.03960651202486944,1,0.1999246987951807
call,"bb_revert(30, 1.5)","rsi_revert(14, 35)",8714,-0.028735796708802937,-4.939655757440863,-0.00851665456279385,-0.05323482833444948,1,0.1941703006655956
call,"bb_revert(30, 1.5)","stoch_revert(14, 3, 10)",7800,-0.03188520648171147,-5.945523766770619,-0.007466890155118003,-0.057760755311555556,1,0.1855128205128205
call,"bb_revert(30, 1.5)","willr(21, 10)",13328,-0.03133409865418345,-6.305198024173518,-0.015147796425226564,-0.05035769296636208,0,0.18622448979591838
call,"bb_revert(30, 1.5)","ma_cross(15, 50)",101,-0.03557688745920858,-1.0077671648940736,-0.034110278722568915,-0.037908419296943434,3,0.1485148514851485
call,"bb_revert(30, 1.5)","stoch_revert(21, 5, 10)",4220,-0.03423152415858838,-4.041752253963381,-0.007648792429669039,-0.060814255887507704,1,0.18744075829383886
call,"bb_revert(30, 1.5)","mfi(21, 20)",578,-0.0310953896648407,-2.219644615855592,-0.02595667245416537,-0.037604431465029446,2,0.2231833910034602
call,"bb_revert(30, 1.5)","aroon(50,)",257,-0.05262144863748129,-2.220216096742464,-0.03933609067862335,-0.06709492803981432,1,0.14785992217898833
call,"bb_revert(30, 1.5)","willr(14, 10)",13524,-0.030491280523964215,-6.403218366876671,-0.013249463007579529,-0.05108466341186096,0,0.18744454303460514
call,"bb_revert(30, 1.5)","aroon(25,)",431,-0.03357941017809286,-2.6340941503021584,-0.03542020994405824,-0.03139287644593094,2,0.18793503480278423
call,"bb_revert(30, 1.5)","macd(16, 35, 12)",462,-0.013207973260059982,-2.4697519137884694,-0.002376561239303045,-0.026906523756899635,2,0.18181818181818182
call,"cci_revert(30, 150)","willr(28, 10)",10227,-0.029094010638570013,-4.998263522793945,-0.017415882202106273,-0.04259661581368432,1,0.19575633127994524
call,"cci_revert(30, 150)","stoch_revert(21, 3, 10)",5877,-0.027517391950317813,-4.548946704820895,-0.013222447234281476,-0.04247432400870542,2,0.20095286710906926
call,"cci_revert(30, 150)","mfi(21, 30)",1881,-0.028088697623021366,-4.764439140518764,-0.015550661974376255,-0.04096450362858041,2,0.21105794790005317
call,"cci_revert(30, 150)","rsi_revert(14, 35)",6606,-0.03193096254092298,-4.475748513146109,-0.010979330893639136,-0.056748669075503244,1,0.19134120496518317
call,"cci_revert(30, 150)","stoch_revert(14, 3, 10)",6148,-0.030143591122611325,-4.890060821388631,-0.014817824009265743,-0.046121085209547684,1,0.19616135328562134
call,"cci_revert(30, 150)","willr(21, 10)",10409,-0.029274366574757498,-5.108779354715502,-0.018265320615629733,-0.04193181367398597,1,0.19684888077625132
call,"cci_revert(30, 150)","stoch_revert(21, 5, 10)",2945,-0.03537333630959925,-4.518259021000684,-0.007420226358678366,-0.06462794616789451,2,0.19558573853989814
call,"cci_revert(30, 150)","mfi(21, 20)",412,-0.05753355201511207,-3.1430979278164664,-0.02517851754061217,-0.09497052907722975,1,0.19902912621359223
call,"cci_revert(30, 150)","aroon(50,)",143,-0.05465341922693272,-2.7060272769488,-0.06530809664008648,-0.03991444880540336,2,0.15384615384615385
call,"cci_revert(30, 150)","willr(14, 10)",10561,-0.027663424829398757,-4.959865793628608,-0.017462367078085524,-0.039502745742492046,1,0.19903418236909384
call,"cci_revert(30, 150)","aroon(25,)",206,-0.06819383026159646,-3.3251569809273365,-0.09040824249994006,-0.03899061417298742,1,0.1407766990291262
call,"cci_revert(30, 150)","macd(16, 35, 12)",177,-0.03506683869404183,-2.637060594960445,-0.01956286698044379,-0.05767679744303898,2,0.192090395480226
call,"willr(28, 10)","stoch_revert(21, 3, 10)",6557,-0.034559393114912296,-4.1425706447596236,-0.012196197905620985,-0.0595132262977872,1,0.1856031721824005
call,"willr(28, 10)","mfi(21, 30)",2640,-0.028050784629836817,-5.121119634603626,-0.012210869738455405,-0.04593455950720293,1,0.2034090909090909
call,"willr(28, 10)","rsi_revert(14, 35)",7707,-0.03212041609658522,-4.987877417772496,-0.00905658552119854,-0.06110722746688086,2,0.18891916439600362
call,"willr(28, 10)","stoch_revert(14, 3, 10)",7152,-0.03043409032240828,-4.099639507943743,-0.006020566126062492,-0.05758746661403211,2,0.18610178970917227
call,"willr(28, 10)","stoch_revert(21, 5, 10)",3313,-0.03604887878914831,-4.030782454578803,-0.0075315874191075735,-0.06747942137148381,1,0.18261394506489587
call,"willr(28, 10)","mfi(21, 20)",632,-0.03472472773108569,-3.1093248157197024,-0.006698425156094274,-0.07064291334163426,2,0.2231012658227848
call,"willr(28, 10)","aroon(50,)",266,-0.0676471728502813,-3.3711515968373327,-0.053126693561335495,-0.08452870568214509,1,0.13533834586466165
call,"willr(28, 10)","aroon(25,)",364,-0.040292062830115535,-2.6130134048310563,-0.054067230261200826,-0.025083640984235236,2,0.18406593406593408
call,"willr(28, 10)","macd(16, 35, 12)",709,-0.0007645189154723254,-2.618368536438155,0.010917477887671164,-0.019758580384287117,4,0.2143864598025388
call,"stoch_revert(21, 3, 10)","mfi(21, 30)",2246,-0.0220483916485476,-4.151638155855671,0.0039541904907376205,-0.05032257482974064,3,0.20703472840605522
call,"stoch_revert(21, 3, 10)","rsi_revert(14, 35)",6111,-0.026926596714137174,-3.899470737159236,-0.00826198329424222,-0.04872294555354625,1,0.19358533791523483
call,"stoch_revert(21, 3, 10)","willr(21, 10)",10953,-0.029500853854920187,-5.077746851490907,-0.013432056846722646,-0.04829765384172813,0,0.19419337167899206
call,"stoch_revert(21, 3, 10)","mfi(21, 20)",627,-0.04517773966612089,-3.507064432931117,-0.004434872964577692,-0.09699203753656167,1,0.22328548644338117
call,"stoch_revert(21, 3, 10)","aroon(50,)",110,-0.05632068269809579,-1.3261952537372446,-0.013251493156831304,-0.1209244670099925,2,0.15454545454545454
call,"stoch_revert(21, 3, 10)","willr(14, 10)",10775,-0.029687863543557652,-5.2486625808941865,-0.013369831057312168,-0.048605662728513584,0,0.1940603248259861
call,"stoch_revert(21, 3, 10)","macd(16, 35, 12)",211,-0.019356936513276732,-1.3899062200984316,-0.013131552323447317,-0.030415184745210554,3,0.1943127962085308
call,"mfi(21, 30)","rsi_revert(14, 35)",2773,-0.03273257787748863,-4.0448597671698945,-0.00781623920131234,-0.06287042816468831,1,0.2019473494410386
call,"mfi(21, 30)","stoch_revert(14, 3, 10)",2310,-0.031802246680921194,-4.349942948787633,-0.0019431179793177786,-0.06330840917211482,2,0.21731601731601732
call,"mfi(21, 30)","willr(21, 10)",3985,-0.029620224031979486,-5.366311141093602,-0.00799804495091134,-0.05424838506795727,1,0.2120451693851945
call,"mfi(21, 30)","stoch_revert(21, 5, 10)",1832,-0.035821138124349235,-4.040665780341394,0.0013591231958082182,-0.08031262589115636,1,0.2134279475982533
call,"mfi(21, 30)","willr(14, 10)",3731,-0.030082370329393652,-5.430123679823687,-0.008814049773308455,-0.05362043260490296,1,0.21495577593138568
call,"mfi(21, 30)","macd(16, 35, 12)",754,-0.008872546179619531,-2.404751124578594,-0.00108949842769953,-0.02058590375975163,2,0.1856763925729443
call,"rsi_revert(14, 35)","stoch_revert(14, 3, 10)",6284,-0.03689196164263033,-4.928610107325607,-0.008559171266781256,-0.06767047761533224,2,0.1888924252068746
call,"rsi_revert(14, 35)","willr(21, 10)",9981,-0.03231761516359996,-4.93985866193081,-0.011975032254704475,-0.05741803136251244,1,0.19817653541729285
call,"rsi_revert(14, 35)","stoch_revert(21, 5, 10)",3925,-0.03833329891855476,-4.718569293659612,-0.006518372051357066,-0.07283466942456522,1,0.19286624203821656
call,"rsi_revert(14, 35)","mfi(21, 20)",566,-0.05398915570960188,-3.4424556307935514,-0.007221050541663225,-0.11102790358108786,1,0.1978798586572438
call,"rsi_revert(14, 35)","willr(14, 10)",9782,-0.032611579066460984,-4.799608465732233,-0.011484549509599052,-0.05862519803268832,1,0.19822122265385403
call,"rsi_revert(14, 35)","aroon(25,)",178,-0.05936753100605853,-2.09992706302956,-0.04889821498702064,-0.07408116433011176,1,0.16292134831460675
call,"rsi_revert(14, 35)","macd(16, 35, 12)",579,0.007861058592242896,-3.5213201520473523,-0.004985088056694042,0.033754072931506424,4,0.22625215889464595
call,"stoch_revert(14, 3, 10)","willr(21, 10)",10483,-0.031019759036145865,-5.236811581712675,-0.01943012587088545,-0.04401910066777372,0,0.18868644472002288
call,"stoch_revert(14, 3, 10)","mfi(21, 20)",504,-0.044695893756939685,-4.690554690784487,-0.02262360166085671,-0.07273367020331538,1,0.21825396825396826
call,"stoch_revert(14, 3, 10)","aroon(50,)",148,-0.08336298744947093,-2.70221946164333,-0.0424135995464105,-0.12431237535253137,1,0.12162162162162163
call,"stoch_revert(14, 3, 10)","willr(14, 10)",11442,-0.032261373368189544,-5.135381131500474,-0.0195800414879265,-0.04679305712445495,0,0.1851948959972033
call,"stoch_revert(14, 3, 10)","aroon(25,)",158,-0.04223638351677913,-1.6960666285062675,-0.036509358156755455,-0.048260916687713144,3,0.20253164556962025
call,"ma_cross(12, 60)","aroon(50,)",1607,-0.02620488286689548,-3.2802111597918766,-0.056342476754616115,0.013543689735379637,2,0.15059116365899192
call,"ma_cross(12, 60)","roc(10, 0.15)",693,-0.005622292671549391,-4.284305959913581,-0.046918016557401535,0.01597854751489634,1,0.19913419913419914
call,"ma_cross(12, 60)","willr(14, 10)",109,-0.04430113091355177,-3.0444913384182586,-0.0863293050859808,-0.0014946572194110533,2,0.1559633027522936
call,"ma_cross(12, 60)","aroon(25,)",2035,-0.04220776145763636,-6.605393910112436,-0.045790379442407096,-0.03677847882558577,0,0.12825552825552824
call,"ma_cross(12, 60)","macd(16, 35, 12)",1233,-0.0333504088934379,-1.9248024474149614,-0.02829147918389663,-0.04061887114410293,1,0.1386861313868613
call,"willr(21, 10)","ma_cross(15, 50)",125,0.021173380982965912,-0.7381442912015886,-0.041674544839292796,0.08925863395707949,4,0.272
call,"willr(21, 10)","stoch_revert(21, 5, 10)",2918,-0.03638889582354727,-3.187168638644437,-0.007711172910291222,-0.0667666390083019,1,0.1854009595613434
call,"willr(21, 10)","mfi(21, 20)",619,-0.032007598259974686,-2.3311732052162606,-0.004292024101237905,-0.06736533441101022,2,0.22294022617124395
call,"willr(21, 10)","aroon(50,)",341,-0.06746662504057428,-3.9468293822729317,-0.04876861708113377,-0.08861874654469135,1,0.1436950146627566
call,"willr(21, 10)","aroon(25,)",458,-0.033521308101286555,-2.508347086438283,-0.05327891251174996,-0.010188518130834528,1,0.185589519650655
call,"willr(21, 10)","macd(16, 35, 12)",573,-0.015460394157506246,-2.910271287028307,-0.010156149346668551,-0.024560567719227797,3,0.19197207678883071
call,"ma_cross(15, 50)","aroon(50,)",1341,-0.026198206475209016,-4.155079266738886,-0.04088819687602885,-0.005265634258489267,1,0.13348247576435496
call,"ma_cross(15, 50)","roc(10, 0.15)",567,-0.04134441268044027,-5.449323942734081,-0.06041291860306934,-0.03012764449065846,1,0.12698412698412698
call,"ma_cross(15, 50)","willr(14, 10)",181,0.0036937679422855757,-0.8829151272547832,-0.04786018455794205,0.05468119349196125,3,0.2265193370165746
call,"ma_cross(15, 50)","aroon(25,)",1886,-0.0385530937883183,-4.280298671202664,-0.030113401225245567,-0.051681504441986985,1,0.1320254506892895
call,"ma_cross(15, 50)","macd(16, 35, 12)",840,-0.041720366671211956,-4.566771254082561,-0.05181097983023667,-0.025240086245344014,0,0.11190476190476191
call,"stoch_revert(21, 5, 10)","mfi(21, 20)",558,-0.04400962179369654,-1.962862831573756,0.00535578000037699,-0.10482779680399512,3,0.23118279569892472
call,"stoch_revert(21, 5, 10)","willr(14, 10)",6997,-0.03382577040780151,-6.007642740319553,-0.005322774443845476,-0.06668753221609175,1,0.19065313705873946
call,"stoch_revert(21, 5, 10)","macd(16, 35, 12)",205,0.002899173827110937,-1.208127566460565,0.006297108349384936,-0.004937997732327477,3,0.2048780487804878
call,"ma_cross(15, 60)","aroon(50,)",1799,-0.02530032414931766,-4.85557510446549,-0.046824056112992875,0.0010982134447444,2,0.15063924402445802
call,"ma_cross(15, 60)","roc(10, 0.15)",562,-0.03129401507055475,-5.032226201670993,-0.06949549185246096,-0.010675683766347841,1,0.17615658362989323
call,"ma_cross(15, 60)","willr(14, 10)",107,-0.01299338436174533,-1.8064843229499525,-0.04551535642861417,0.026981539637114277,4,0.21495327102803738
call,"ma_cross(15, 60)","aroon(25,)",1494,-0.04239011964498534,-5.789442979409953,-0.035646072888289575,-0.05179287714230153,0,0.12650602409638553
call,"ma_cross(15, 60)","macd(16, 35, 12)",744,-0.0492745698302567,-4.273091403632391,-0.050862904400636864,-0.0471584501048286,1,0.10483870967741936
call,"mfi(21, 20)","willr(14, 10)",796,-0.05097662329188985,-3.6274223230847658,-0.012306717166811313,-0.10050512769850907,0,0.19597989949748743
call,"aroon(50,)","roc(10, 0.15)",421,0.006554851828111056,-2.4966031569710494,-0.03131671049511259,0.025829983906597645,2,0.1995249406175772
call,"aroon(50,)","willr(14, 10)",517,-0.024215541603231912,-3.1730745944990724,-0.040417536710242626,-0.006777249680826811,1,0.18568665377176016
call,"aroon(50,)","macd(16, 35, 12)",1042,-0.025518131389055967,-5.474142566432181,-0.042062752542046576,-0.0018774489490017829,1,0.16026871401151632
call,"roc(10, 0.15)","aroon(25,)",977,-0.038579788996502044,-5.634649719605462,-0.053487722349202564,-0.02995775322870433,0,0.18014329580348004
call,"roc(10, 0.15)","macd(16, 35, 12)",979,-0.015198668851093482,-5.115657163828756,-0.06988415602929679,0.009195743449966189,1,0.19816138917262513
call,"willr(14, 10)","aroon(25,)",771,-0.029662564714625562,-2.1362182050924936,-0.03591756903121705,-0.021078774175549247,1,0.185473411154345
call,"willr(14, 10)","macd(16, 35, 12)",530,-0.02587760752499384,-2.953649229215504,-0.0136092436714741,-0.04579851516833282,2,0.1811320754716981
call,"aroon(25,)","macd(16, 35, 12)",3834,-0.05078739288214054,-5.934176434434107,-0.056886421028974926,-0.0417806885257688,0,0.12806468440271257
put,"rsi_momo(21, 75)","roc(5, 0.15)",214,0.17914398715590574,-1.0249615756738137,-0.08106886321814166,0.29518485286325113,2,0.5373831775700935
put,"rsi_momo(21, 75)","roc(10, 0.15)",252,0.10797122340350482,-1.3575244530297417,-0.09345106684661639,0.2797725886168435,1,0.42857142857142855
put,"rsi_momo(21, 75)","keltner(10, 2.5)",333,0.10147993183819425,-2.1802935446109535,-0.06789538652707991,0.23698018653041358,1,0.43243243243243246
put,"rsi_momo(21, 75)","bb_break(50, 3.0)",267,0.10587992939670426,-1.5819007466727066,-0.06595617778349315,0.24404544800780892,2,0.4419475655430712
put,"rsi_momo(21, 75)","roc(20, 0.15)",290,0.06436515795601849,-1.8408299594386783,-0.09851873965159597,0.2648376473192363,2,0.38275862068965516
put,"rsi_momo(21, 75)","bb_break(40, 3.0)",224,0.08228255630194747,-2.1177690701381437,-0.07078395737476957,0.20797131956494275,2,0.4017857142857143
put,"rsi_momo(21, 75)","keltner(10, 2.0)",430,0.06872085294808998,-2.6356588688680636,-0.08671224894501185,0.23155553112181568,2,0.37906976744186044
put,"rsi_momo(21, 75)","bb_break(50, 2.5)",310,0.08893995727435593,-1.1947661366997084,-0.07460946788145716,0.2442604805355369,2,0.4096774193548387
put,"rsi_momo(21, 75)","donchian(100,)",474,0.052333601716967694,-2.78714133496451,-0.0908467789168358,0.21764185935781355,2,0.3459915611814346
put,"rsi_momo(21, 75)","donchian(95,)",478,0.05227713739286423,-2.85195533522587,-0.09119978289886667,0.2163426740493278,2,0.3472803347280335
put,"rsi_momo(21, 75)","donchian(90,)",481,0.05331726007371282,-2.8396042738128595,-0.09157311863916417,0.21955309636482617,2,0.3492723492723493
put,"rsi_momo(21, 75)","keltner(10, 1.5)",394,0.0582723892198567,-2.754234555704547,-0.09239538297484047,0.2250543616492808,2,0.35279187817258884
put,"roc(5, 0.15)","rsi_momo(30, 70)",201,0.1674185201795357,-1.9396825357195244,-0.1180716454448739,0.26195168760483684,1,0.5522388059701493
put,"roc(5, 0.15)","keltner(10, 2.5)",462,0.09117457304491909,-3.3901474358128594,-0.09091169226542775,0.18764411758020216,1,0.4134199134199134
put,"roc(5, 0.15)","bb_break(50, 3.0)",440,0.09771452990366884,-4.120433926384569,-0.10812272363436334,0.17939597972034832,1,0.4431818181818182
put,"roc(5, 0.15)","bb_break(40, 3.0)",411,0.08804778274731363,-3.8129654317723762,-0.09620851281072937,0.17329090880619477,1,0.4306569343065693
put,"roc(5, 0.15)","rsi_momo(30, 65)",404,0.11320109330947899,-4.310910598946133,-0.06275116374871206,0.19294923859484614,1,0.47029702970297027
put,"roc(5, 0.15)","ma_cross(15, 200)",130,0.13102048338690164,-2.8895528663412713,-0.1309179179557335,0.18148567997584975,1,0.5461538461538461
put,"roc(5, 0.15)","keltner(10, 2.0)",665,0.06305846654261527,-5.1588098597699075,-0.09493935036862684,0.1401133302711405,1,0.3819548872180451
put,"roc(5, 0.15)","ma_cross(12, 150)",136,0.09878198082940327,-2.532308709539632,-0.13623030940865094,0.17407718061441096,1,0.47794117647058826
put,"roc(5, 0.15)","bb_break(50, 2.5)",561,0.07882849759091497,-3.9991760122949236,-0.09345875500342532,0.15000005785658702,1,0.41532976827094475
put,"roc(5, 0.15)","ma_cross(5, 200)",181,0.08711167747179276,-3.0865107271305883,-0.09414627365558433,0.1683152395768577,1,0.4419889502762431
put,"roc(5, 0.15)","price_ma(248,)",240,0.07014058604832892,-3.448186243048884,-0.083704159771743,0.13477358577155438,1,0.42083333333333334
put,"roc(5, 0.15)","price_ma(250,)",239,0.07194455435600455,-3.41685421040903,-0.083704159771743,0.13772466568380265,1,0.4225941422594142
put,"roc(5, 0.15)","price_ma(246,)",241,0.06935538716649506,-3.413829649379549,-0.08419566233704696,0.13477358577155438,1,0.4190871369294606
put,"roc(5, 0.15)","donchian(100,)",588,0.07574051592003042,-4.555211223822591,-0.07213576615847012,0.1353851261139841,1,0.4030612244897959
put,"roc(5, 0.15)","donchian(95,)",601,0.07538595168795653,-4.42677850794724,-0.07284192061153433,0.1353004888557414,1,0.40266222961730447
put,"roc(5, 0.15)","donchian(90,)",610,0.07280450679654088,-4.535523698484757,-0.07534328467147314,0.13288287384347747,1,0.4
put,"roc(5, 0.15)","keltner(10, 1.5)",739,0.04768828298736586,-5.568281187532495,-0.08174006125154477,0.10654251038734291,1,0.35994587280108253
put,"roc(5, 0.15)","macd(20, 35, 12)",278,-0.008150210422535898,-3.827801502336219,-0.05194058861972578,0.02762624235294604,1,0.22661870503597123
put,"roc(10, 0.15)","rsi_momo(30, 70)",198,0.06593257277911099,-1.7464869374619323,-0.0894091345503603,0.20633757748074852,1,0.3888888888888889
put,"roc(10, 0.15)","keltner(10, 2.5)",584,0.028491802718331457,-4.236510346782242,-0.08408400145155419,0.10538075254041471,1,0.3099315068493151
put,"roc(10, 0.15)","bb_break(50, 3.0)",551,0.059032268320530705,-4.600520045435671,-0.10839136449071536,0.15822835134453486,1,0.3629764065335753
put,"roc(10, 0.15)","bb_break(40, 3.0)",518,0.045277452637103276,-4.671194217370028,-0.0996455740591338,0.13716870931200437,1,0.3474903474903475
put,"roc(10, 0.15)","rsi_momo(30, 65)",638,0.05847206790286749,-4.671223319333455,-0.054672667923687246,0.14473711510764406,1,0.35893416927899685
put,"roc(10, 0.15)","ma_cross(15, 200)",184,0.09027962450511254,-2.9702542392090785,-0.10732868827121365,0.17236307750450958,1,0.3967391304347826
put,"roc(10, 0.15)","keltner(10, 2.0)",1010,0.02534848148166355,-5.406846431225907,-0.07767034834794545,0.09690854112840537,1,0.2871287128712871
put,"roc(10, 0.15)","ma_cross(12, 150)",256,0.0847355302373096,-2.3066658476446937,-0.07479774692932234,0.1599178792468718,1,0.37890625
put,"roc(10, 0.15)","bb_break(50, 2.5)",858,0.0506963397050873,-4.630211764334176,-0.07758757555292918,0.12738002089284017,1,0.3368298368298368
put,"roc(10, 0.15)","ma_cross(5, 200)",312,0.058446319175248757,-2.11091316183431,-0.06257970710514968,0.12251892132369498,1,0.33974358974358976
put,"roc(10, 0.15)","price_ma(248,)",371,0.05950074887743149,-3.359407775307716,-0.07362527679497587,0.12393374530287668,1,0.3584905660377358
put,"roc(10, 0.15)","price_ma(250,)",372,0.06225275566482451,-3.152973037277461,-0.07500721677043508,0.1292356222132312,1,0.3575268817204301
put,"roc(10, 0.15)","price_ma(246,)",371,0.05797562368353984,-3.373759025227438,-0.07320468111729721,0.12224870475061664,1,0.3557951482479784
put,"roc(10, 0.15)","donchian(100,)",930,0.027522778548873045,-5.639932717070124,-0.0524678365967646,0.09114465777667749,1,0.2989247311827957
put,"roc(10, 0.15)","donchian(95,)",958,0.027444151813946965,-5.7726465816660255,-0.052543330665753625,0.09015314645818151,1,0.30062630480167013
put,"roc(10, 0.15)","donchian(90,)",980,0.03050840585164918,-5.761519471925623,-0.05497646233865938,0.09706558997804186,1,0.3051020408163265
put,"roc(10, 0.15)","keltner(10, 1.5)",1160,0.030999288369248684,-5.347602055670204,-0.05599574596969472,0.09328567390186497,1,0.28620689655172415
put,"roc(10, 0.15)","macd(20, 35, 12)",356,-0.01341187120082655,-4.457956620865347,-0.05848053324889103,0.022963343345580825,1,0.2050561797752809
put,"rsi_momo(30, 70)","keltner(10, 2.5)",345,0.09833706850415865,-2.6268915086770535,-0.07262101165257437,0.2314023783168735,1,0.40869565217391307
put,"rsi_momo(30, 70)","bb_break(50, 3.0)",282,0.08293924770243899,-2.9753139046963266,-0.0825397150971061,0.19857514941778373,2,0.4078014184397163
put,"rsi_momo(30, 70)","roc(20, 0.15)",355,0.055977755603817216,-2.8426245892598123,-0.11471959703701884,0.2640151541348362,1,0.36901408450704226
put,"rsi_momo(30, 70)","bb_break(40, 3.0)",239,0.062073070194634206,-2.896883396463003,-0.08088700079669797,0.17220527303240124,2,0.37656903765690375
put,"rsi_momo(30, 70)","keltner(10, 2.0)",471,0.0527081832264794,-3.323692409198593,-0.10044069840157295,0.21047793628296438,2,0.3524416135881104
put,"rsi_momo(30, 70)","bb_break(50, 2.5)",346,0.0784528969439494,-1.8132687252815898,-0.08504365848087535,0.22240095117667558,2,0.3901734104046243
put,"rsi_momo(30, 70)","donchian(100,)",583,0.02391777320215622,-4.172419840730314,-0.10792018645178234,0.18103293564688747,1,0.307032590051458
put,"rsi_momo(30, 70)","donchian(95,)",584,0.021962892619389527,-4.1880736052163465,-0.10827737903310204,0.17766366850469897,1,0.3047945205479452
put,"rsi_momo(30, 70)","donchian(90,)",585,0.020893534215069797,-4.181866139647582,-0.10805043447583515,0.1755293462917566,1,0.30427350427350425
put,"rsi_momo(30, 70)","keltner(10, 1.5)",483,0.03166270799344677,-3.226837915534032,-0.1083934734850669,0.18830448991020543,1,0.32091097308488614
put,"keltner(10, 2.5)","bb_break(50, 3.0)",811,0.02924302605109695,-5.445881481151167,-0.09383419830160747,0.15081195108575352,1,0.3366214549938348
put,"keltner(10, 2.5)","roc(20, 0.15)",459,0.05600081004866383,-4.407578970708361,-0.11505197312746104,0.17681876099090818,1,0.3812636165577342
put,"keltner(10, 2.5)","bb_break(40, 3.0)",878,0.00951092103804448,-5.9284722749791525,-0.09713527644009991,0.13463542005943172,1,0.30182232346241455
put,"keltner(10, 2.5)","rsi_momo(30, 65)",608,0.04943204075402291,-4.566978113813916,-0.07580959917558601,0.15921174982812458,2,0.36019736842105265
put,"keltner(10, 2.5)","ma_cross(15, 200)",177,0.07652790531643047,-2.316555319001735,-0.09865067606388478,0.17574409300085683,2,0.4180790960451977
put,"keltner(10, 2.5)","ma_cross(12, 150)",222,0.018426846345363915,-3.316507154079057,-0.109262477365525,0.10712706357964552,1,0.3333333333333333
put,"keltner(10, 2.5)","bb_break(50, 2.5)",1069,0.018199080461789634,-5.42503579580316,-0.09348913227376653,0.14246877170708233,1,0.3068288119738073
put,"keltner(10, 2.5)","ma_cross(5, 200)",333,0.01575578877813574,-3.0257877717117205,-0.08250956020406196,0.1207349193678128,1,0.29429429429429427
put,"keltner(10, 2.5)","price_ma(248,)",556,0.03732067461562776,-3.0524403108129334,-0.07374986693800888,0.16286017560537033,1,0.3147482014388489
put,"keltner(10, 2.5)","price_ma(250,)",554,0.03641609079058919,-3.0874716943265574,-0.07477218198410795,0.16033584518070967,1,0.3140794223826715
put,"keltner(10, 2.5)","price_ma(246,)",555,0.038808326978155984,-2.9804948081523315,-0.07222391605195305,0.16387912947184202,1,0.3153153153153153
put,"keltner(10, 2.5)","donchian(100,)",831,0.03968949645444867,-5.382192813005511,-0.072576747452257,0.1409089474824625,1,0.3369434416365824
put,"keltner(10, 2.5)","donchian(95,)",857,0.04067161712852388,-4.988831270899192,-0.06968866565361052,0.1414246431506064,1,0.3372228704784131
put,"keltner(10, 2.5)","donchian(90,)",897,0.038221266108656324,-4.910275713996731,-0.07522749769419122,0.14503990735159716,1,0.33444816053511706
put,"keltner(10, 2.5)","macd(20, 35, 12)",591,0.009644009395330274,-4.189445639082837,-0.07333219078897726,0.10829349183667367,1,0.2656514382402707
put,"bb_break(50, 3.0)","roc(20, 0.15)",525,0.10836408967604576,-4.004570597855353,-0.12071986551912431,0.21902328837201773,1,0.44571428571428573
put,"bb_break(50, 3.0)","rsi_momo(30, 65)",573,0.07333696635806514,-4.050562823695485,-0.08112421428792034,0.19632486568120097,1,0.39092495636998253
put,"bb_break(50, 3.0)","ma_cross(15, 200)",259,0.09215569913324408,-2.032740015821975,-0.11585094066915644,0.1851195604974454,1,0.4517374517374517
put,"bb_break(50, 3.0)","keltner(10, 2.0)",1437,0.0014386136245365777,-4.3496396054402675,-0.09185038589071168,0.10328249955821371,1,0.28462073764787754
put,"bb_break(50, 3.0)","ma_cross(12, 150)",356,0.05419563968409941,-3.759452468970771,-0.12530708216071615,0.15870611329152537,1,0.36797752808988765
put,"bb_break(50, 3.0)","ma_cross(5, 200)",432,0.0005614669731461935,-5.369510191059174,-0.13017358027314552,0.09755843751071745,2,0.3194444444444444
put,"bb_break(50, 3.0)","price_ma(248,)",679,0.01659892301946315,-3.088974285305559,-0.09176582716558422,0.11376396438650282,2,0.3136966126656848
put,"bb_break(50, 3.0)","price_ma(250,)",678,0.016388024962274962,-2.9931492154862354,-0.09255130726857996,0.11376396438650282,2,0.31268436578171094
put,"bb_break(50, 3.0)","price_ma(246,)",680,0.015429523403080767,-3.0127585037053275,-0.09325639292040921,0.11493071440345891,2,0.31176470588235294
put,"bb_break(50, 3.0)","donchian(100,)",1037,0.029962133069219788,-4.6311031361060735,-0.07187568067938481,0.11470702754906567,1,0.3191899710703954
put,"bb_break(50, 3.0)","donchian(95,)",1089,0.028395425954352013,-4.255366999061686,-0.0701420924714734,0.11360338281230037,1,0.3140495867768595
put,"bb_break(50, 3.0)","donchian(90,)",1143,0.022730598397430024,-4.530917680617389,-0.07669898374540435,0.11177201524175932,1,0.30533683289588803
put,"bb_break(50, 3.0)","keltner(10, 1.5)",1709,-0.012407129004979282,-5.8106133879822455,-0.08785283211767435,0.0753581889197888,1,0.25629022820362785
put,"bb_break(50, 3.0)","macd(20, 35, 12)",426,0.0014929396151937794,-3.346703572172751,-0.06711892467064774,0.08753003927521727,2,0.25821596244131456
put,"roc(20, 0.15)","bb_break(40, 3.0)",477,0.04896409766831151,-3.881419549780141,-0.09897002798428346,0.16531678076585812,1,0.34591194968553457
put,"roc(20, 0.15)","rsi_momo(30, 65)",773,0.0312972927868111,-5.330300040779086,-0.08436581231579643,0.17255252171959332,1,0.314359637774903
put,"roc(20, 0.15)","ma_cross(15, 200)",304,0.03719650677101712,-3.247934570384157,-0.07775683454395037,0.12902314036581367,1,0.28618421052631576
put,"roc(20, 0.15)","keltner(10, 2.0)",960,0.016227984814184044,-5.538187639245404,-0.0909983977170633,0.11364837610002904,1,0.2791666666666667
put,"roc(20, 0.15)","ma_cross(12, 150)",371,0.07313820157319893,-2.8724886106017684,-0.0886098776284194,0.18665864248075678,1,0.3450134770889488
put,"roc(20, 0.15)","bb_break(50, 2.5)",955,0.038292330312710204,-5.27781817356294,-0.09819521387266585,0.14727673470931935,1,0.3193717277486911
put,"roc(20, 0.15)","ma_cross(5, 200)",332,0.03647220274078574,-1.7534787595514651,-0.09901860247065201,0.12477715539102627,1,0.3042168674698795
put,"roc(20, 0.15)","price_ma(248,)",399,0.04911601510556933,-2.9091777660320624,-0.10442158153991131,0.14260060015987405,1,0.3433583959899749
put,"roc(20, 0.15)","price_ma(250,)",398,0.0529800092070015,-2.8618730621049715,-0.10711889542539259,0.15085423835474035,1,0.34673366834170855
put,"roc(20, 0.15)","price_ma(246,)",399,0.043936553496806995,-3.028280178369541,-0.105418327139039,0.13487440420653582,1,0.3358395989974937
put,"roc(20, 0.15)","donchian(100,)",1143,0.0040589951823892,-6.116807812677339,-0.07806676915911852,0.08866457834060318,1,0.2659667541557305
put,"roc(20, 0.15)","donchian(95,)",1190,0.007530142136057704,-6.023667029859244,-0.07761876287938708,0.0955901208272442,1,0.26974789915966385
put,"roc(20, 0.15)","donchian(90,)",1224,0.00926558455628713,-5.991916770645669,-0.08087020015516319,0.10239591361031056,1,0.27124183006535946
put,"roc(20, 0.15)","keltner(10, 1.5)",1410,0.00868913499441481,-6.785527655578071,-0.08766683098233116,0.09717930783020191,1,0.27092198581560284
put,"roc(20, 0.15)","macd(20, 35, 12)",195,-0.015331059401485124,-3.902011357922814,0.007634579751230438,-0.04443867181597345,2,0.23076923076923078
put,"bb_break(40, 3.0)","rsi_momo(30, 65)",482,0.05093017235783723,-4.07167206242373,-0.08543526345599776,0.16166300745478596,1,0.36721991701244816
put,"bb_break(40, 3.0)","ma_cross(15, 200)",191,0.0810055675944641,-1.9835625821455378,-0.09053667078248977,0.16149846406365015,2,0.42408376963350786
put,"bb_break(40, 3.0)","keltner(10, 2.0)",1534,-0.02019364541505775,-5.230716608508152,-0.09658187533659059,0.0785743947674922,1,0.24967405475880053
put,"bb_break(40, 3.0)","ma_cross(12, 150)",301,0.02722881450273607,-4.815365913393961,-0.12607615235251463,0.11937488500615805,1,0.3388704318936877
put,"bb_break(40, 3.0)","ma_cross(5, 200)",418,-0.005458227164843798,-4.62018661352635,-0.10213947761780923,0.07827464153102806,2,0.2966507177033493
put,"bb_break(40, 3.0)","price_ma(248,)",717,0.012486952446345585,-4.1642468683643825,-0.08682756848782898,0.11097385237273537,1,0.301255230125523
put,"bb_break(40, 3.0)","price_ma(250,)",719,0.012931288576558906,-3.8903483360898736,-0.08763179690562842,0.11155514100537073,1,0.30180806675938804
put,"bb_break(40, 3.0)","price_ma(246,)",720,0.011758260151291392,-3.9872364250536694,-0.08772314307012476,0.11179387731823077,1,0.3
put,"bb_break(40, 3.0)","donchian(100,)",900,0.01611853608730261,-5.08931065736923,-0.06951240010225947,0.09376692737783772,1,0.30333333333333334
put,"bb_break(40, 3.0)","donchian(95,)",948,0.015840495517324575,-5.0390110565857364,-0.06845136077420702,0.09563217056947255,1,0.30063291139240506
put,"bb_break(40, 3.0)","donchian(90,)",1009,0.012224099941556875,-5.108111857452708,-0.0764136051813446,0.09826499729718582,1,0.29732408325074333
put,"bb_break(40, 3.0)","keltner(10, 1.5)",1863,-0.02696708558606202,-6.136524535164251,-0.08991738496711803,0.05704553200895633,1,0.23242082662372518
put,"bb_break(40, 3.0)","macd(20, 35, 12)",509,-0.0021593425137303225,-3.636725440039445,-0.05179226641843534,0.07452352491903894,1,0.24950884086444008
put,"rsi_momo(30, 65)","ma_cross(15, 200)",309,0.05457897306385815,-4.374321258535882,-0.11258981616662637,0.17279778533734996,1,0.35275080906148865
put,"rsi_momo(30, 65)","keltner(10, 2.0)",1223,0.004135803424461974,-5.2018340894103545,-0.08098980001917236,0.09912890761329267,1,0.27555192150449714
put,"rsi_momo(30, 65)","ma_cross(12, 150)",344,0.04670296361545218,-4.375021977630693,-0.11629522753841451,0.16978323040510662,1,0.3691860465116279
put,"rsi_momo(30, 65)","bb_break(50, 2.5)",1161,0.010507477386207477,-5.595424597041641,-0.08147313727390483,0.11163625444470349,1,0.2876830318690784
put,"rsi_momo(30, 65)","ma_cross(5, 200)",366,0.016736234189398853,-3.4250817748400113,-0.10840684273656383,0.11179684070046667,2,0.31420765027322406
put,"rsi_momo(30, 65)","price_ma(248,)",428,0.013369369587237263,-4.3177588621747,-0.10112694945807948,0.11101341656527795,1,0.29906542056074764
put,"rsi_momo(30, 65)","price_ma(250,)",428,0.00893951422912487,-4.568695230987121,-0.10663138717132027,0.10657699989501818,1,0.29439252336448596
put,"rsi_momo(30, 65)","price_ma(246,)",424,0.01237630752772946,-4.386985937972053,-0.10007173264225816,0.10812900548907262,1,0.2971698113207547
put,"rsi_momo(30, 65)","donchian(100,)",1730,-0.01803914031349625,-6.837006491538613,-0.07426055957545805,0.05897650251110896,1,0.23815028901734103
put,"rsi_momo(30, 65)","donchian(95,)",1767,-0.014679801651401649,-6.6401010872556,-0.07235287662405501,0.06443681931779531,1,0.24335031126202603
put,"rsi_momo(30, 65)","donchian(90,)",1806,-0.015610605759847403,-6.688305409143628,-0.07504488251174792,0.06637580762518532,1,0.2425249169435216
put,"rsi_momo(30, 65)","keltner(10, 1.5)",1649,-0.012722658611097793,-7.078691801352824,-0.0796731693978751,0.0798664148324656,1,0.2498483929654336
put,"rsi_momo(30, 65)","macd(20, 35, 12)",399,-0.013954207636229937,-4.600764679708212,-0.04340816383848923,0.03390847119244142,2,0.24561403508771928
put,"ma_cross(15, 200)","keltner(10, 2.0)",558,0.017473477751549164,-5.027171390267777,-0.06813227067140575,0.10944396583420334,1,0.27598566308243727
put,"ma_cross(15, 200)","bb_break(50, 2.5)",643,0.00492098273698224,-5.7146438571314135,-0.09900078112264649,0.09928317781427122,1,0.27682737169517885
put,"ma_cross(15, 200)","price_ma(248,)",954,-0.049053180060698386,-6.4955146560395685,-0.07780061519100565,-0.010910241741461456,1,0.16037735849056603
put,"ma_cross(15, 200)","price_ma(250,)",952,-0.04694252303943722,-6.009309588146134,-0.07649691548764799,-0.008862825077319484,1,0.1638655462184874
put,"ma_cross(15, 200)","price_ma(246,)",962,-0.049537373754328075,-6.502939203752059,-0.07653435565230318,-0.012249463113065417,1,0.15696465696465697
put,"ma_cross(15, 200)","donchian(100,)",631,-0.009534881907571645,-6.170584474464259,-0.093826292237157,0.07999030880195528,1,0.2393026941362916
put,"ma_cross(15, 200)","donchian(95,)",667,-0.012478143572136178,-6.311990535775881,-0.09525017440160281,0.0751478026454782,1,0.23388305847076463
put,"ma_cross(15, 200)","donchian(90,)",695,-0.013409318110974556,-6.1483737317923755,-0.10028338483111139,0.07941148531917165,1,0.2316546762589928
put,"ma_cross(15, 200)","keltner(10, 1.5)",993,-0.023149494491103078,-6.000202557210831,-0.08116929402307527,0.05699296241636929,1,0.21550855991943604
put,"ma_cross(15, 200)","macd(20, 35, 12)",305,-0.06056225208544565,-4.658686711250109,-0.07188117687831616,-0.03475997191245051,1,0.1377049180327869
put,"keltner(10, 2.0)","ma_cross(12, 150)",524,0.009456611423762251,-3.767407139706779,-0.09145309420736851,0.10733143869004697,1,0.28435114503816794
put,"keltner(10, 2.0)","bb_break(50, 2.5)",2250,-0.027467253458182957,-6.268650865823445,-0.09177976282702398,0.05602733224947481,1,0.2351111111111111
put,"keltner(10, 2.0)","ma_cross(5, 200)",738,-0.018866421348589315,-4.804194029055204,-0.08591595245477009,0.06091655186677713,1,0.23170731707317074
put,"keltner(10, 2.0)","price_ma(248,)",1304,-0.021736860928756024,-5.70985319308128,-0.09157299841609663,0.07769526047515272,1,0.22315950920245398
put,"keltner(10, 2.0)","price_ma(250,)",1303,-0.020855988642878694,-5.6885962950686615,-0.09228439345341821,0.07943370888631056,1,0.22409823484267075
put,"keltner(10, 2.0)","price_ma(246,)",1306,-0.021346306152143613,-5.7006424990503195,-0.09135470700365063,0.07890780977859921,1,0.22358346094946402
put,"keltner(10, 2.0)","donchian(100,)",1859,-0.021248245410870368,-6.2259691465975076,-0.08692306252848497,0.05405786705771081,1,0.23345884884346424
put,"keltner(10, 2.0)","donchian(95,)",1940,-0.021929477341198957,-6.50193109666731,-0.0880885659351407,0.05547813638280892,1,0.23144329896907218
put,"keltner(10, 2.0)","donchian(90,)",2043,-0.023838192108103447,-6.539630982622626,-0.09250136025974973,0.05882426275407263,1,0.22956436612824277
put,"keltner(10, 2.0)","macd(20, 35, 12)",1695,-0.0384914783228305,-8.311844960954817,-0.07308864640850196,0.017130122676441314,1,0.1935103244837758
put,"ma_cross(12, 150)","bb_break(50, 2.5)",863,-0.009952469505055106,-4.634687227517374,-0.09295513924052345,0.09166162359893323,1,0.2398609501738123
put,"ma_cross(12, 150)","price_ma(248,)",1139,-0.024804587278110284,-5.962723484382255,-0.08534145362241108,0.054803852812870646,1,0.19754170324846357
put,"ma_cross(12, 150)","price_ma(250,)",1127,-0.0250158788300703,-5.805519701317095,-0.08537741255815286,0.054885367878030715,1,0.19698314108251996
put,"ma_cross(12, 150)","price_ma(246,)",1150,-0.023548517226628776,-5.885011964094027,-0.08300786703795895,0.054574129507372456,1,0.19826086956521738
put,"ma_cross(12, 150)","donchian(100,)",571,0.005485747366356326,-5.905157298915189,-0.09057826880733415,0.10256452427427593,1,0.2679509632224168
put,"ma_cross(12, 150)","donchian(95,)",650,0.005456070039677752,-6.446641214972571,-0.08965525506236602,0.10475468618394985,1,0.26
put,"ma_cross(12, 150)","donchian(90,)",732,-0.0031533618234611824,-6.206260424692854,-0.09080549308266851,0.09680082294581036,1,0.24043715846994534
put,"ma_cross(12, 150)","keltner(10, 1.5)",1410,-0.04461625771333216,-7.048446504891888,-0.0918392172778079,0.029223279060211743,1,0.1723404255319149
put,"ma_cross(12, 150)","macd(20, 35, 12)",543,-0.05882903039662142,-6.346527925985948,-0.07951914547230533,-0.019759930120728946,1,0.13075506445672191
put,"bb_break(50, 2.5)","ma_cross(5, 200)",801,-0.014592160956007448,-6.879619865923969,-0.09993542271902256,0.07139277946687998,1,0.2484394506866417
put,"bb_break(50, 2.5)","price_ma(248,)",1203,-0.016918298205471496,-5.693639978707763,-0.10015973410840727,0.0793016411446962,1,0.2427265170407315
put,"bb_break(50, 2.5)","price_ma(250,)",1202,-0.016237455311145954,-5.794623234915859,-0.10038734322531091,0.08088177016685087,1,0.2437603993344426
put,"bb_break(50, 2.5)","price_ma(246,)",1206,-0.018039493069978284,-5.505285802262692,-0.10214323768880175,0.07995571385572449,1,0.24212271973466004
put,"bb_break(50, 2.5)","donchian(100,)",1902,-0.025491337924574673,-6.610167208858756,-0.07715710011195977,0.03263986042480723,1,0.222397476340694
put,"bb_break(50, 2.5)","donchian(95,)",2016,-0.02431390328545341,-6.796415289463772,-0.07614246296060816,0.03513163321097009,1,0.22271825396825398
put,"bb_break(50, 2.5)","donchian(90,)",2135,-0.027501840176639435,-7.016454420068421,-0.08081715615309343,0.03497958810909303,1,0.2206088992974239
put,"bb_break(50, 2.5)","keltner(10, 1.5)",3495,-0.04669520601687816,-9.154434210150555,-0.09429746881459258,0.019343179052901883,1,0.19799713876967096
put,"bb_break(50, 2.5)","macd(20, 35, 12)",1000,-0.02869469904998979,-5.589651723653211,-0.06184799770122421,0.015612980455865543,1,0.207
put,"ma_cross(5, 200)","price_ma(248,)",2894,-0.04102988335122295,-10.030797474124318,-0.07727479770925091,0.011768311078637827,1,0.16620594333102973
put,"ma_cross(5, 200)","price_ma(250,)",2837,-0.04088518553380832,-10.18105722464503,-0.07787633526554408,0.012905578046682862,1,0.1663729291505111
put,"ma_cross(5, 200)","price_ma(246,)",2946,-0.04142060916424538,-9.87500804002462,-0.07594125701924025,0.009304198622683384,1,0.16564833672776647
put,"ma_cross(5, 200)","donchian(100,)",605,-0.029522333293346595,-5.581440393873481,-0.09794935304695358,0.04730800467561564,1,0.20826446280991737
put,"ma_cross(5, 200)","donchian(95,)",684,-0.02604092121001013,-6.2919589022811255,-0.09294602786718503,0.051873886542649246,1,0.20906432748538012
put,"ma_cross(5, 200)","donchian(90,)",789,-0.02466416973885277,-6.423723118976409,-0.09784361659322438,0.06209705811065152,1,0.21039290240811154
put,"ma_cross(5, 200)","keltner(10, 1.5)",2073,-0.037526942261320126,-6.572222463777057,-0.07071716380576848,0.0140160003095535,1,0.17800289435600578
put,"ma_cross(5, 200)","macd(20, 35, 12)",1284,-0.05056879216363391,-7.508425276990497,-0.05551894187408819,-0.040563666042974574,1,0.1394080996884735
put,"price_ma(248,)","donchian(100,)",507,-0.045304052800174,-5.504105778858509,-0.09523416647578681,0.017777296173926118,1,0.17751479289940827
put,"price_ma(248,)","donchian(95,)",583,-0.04140849509053684,-5.393358302428389,-0.08826506333194337,0.018028241277939918,1,0.18867924528301888
put,"price_ma(248,)","donchian(90,)",672,-0.03836273620252536,-5.774116552906795,-0.09239505493092308,0.03152889792055567,1,0.19047619047619047
put,"price_ma(248,)","keltner(10, 1.5)",1949,-0.029031368845915968,-5.827155553253307,-0.07154455094232945,0.036203422927514356,1,0.1970241149307337
put,"price_ma(248,)","macd(20, 35, 12)",1370,-0.04295477115091762,-6.9280489905105025,-0.06523629768623591,-0.0022967278854398956,1,0.16204379562043797
put,"price_ma(250,)","donchian(100,)",513,-0.046336138841774004,-5.123680930176814,-0.09328438368563212,0.011430614596538378,1,0.1793372319688109
put,"price_ma(250,)","donchian(95,)",586,-0.044893731950061896,-4.976669466449548,-0.08838991826559138,0.01002230251008535,1,0.18771331058020477
put,"price_ma(250,)","donchian(90,)",673,-0.040784810273089854,-5.54963325280487,-0.09263074355535937,0.02645564927388085,1,0.1887072808320951
put,"price_ma(250,)","keltner(10, 1.5)",1935,-0.028756645611992863,-6.085794529351357,-0.0717016336094078,0.03763856609453681,1,0.19638242894056848
put,"price_ma(250,)","macd(20, 35, 12)",1355,-0.041572502102966695,-7.103487742230477,-0.06265357332670568,-0.0027691886135687137,1,0.16383763837638377
put,"price_ma(246,)","donchian(100,)",495,-0.04479507638651683,-5.731412130061803,-0.09252730754008083,0.015360612190577525,1,0.17777777777777778
put,"price_ma(246,)","donchian(95,)",570,-0.040440391649970694,-5.598752875868888,-0.08611737849393122,0.016791247992462056,1,0.18947368421052632
put,"price_ma(246,)","donchian(90,)",658,-0.03712607057498089,-5.9729015760189315,-0.09072068888138797,0.031304428231469665,1,0.19148936170212766
put,"price_ma(246,)","keltner(10, 1.5)",1955,-0.029891178424858503,-5.805045473315943,-0.07274432186566669,0.035776268065395495,1,0.19641943734015346
put,"price_ma(246,)","macd(20, 35, 12)",1363,-0.04197214801894117,-6.817897351701813,-0.06411567999555871,-0.0018855066262191138,1,0.16287600880410857
put,"donchian(100,)","keltner(10, 1.5)",3223,-0.04381926022644671,-10.03517815071788,-0.0798792920669651,0.001794272670906148,1,0.19236735960285448
put,"donchian(100,)","macd(20, 35, 12)",1317,-0.049145284059991086,-5.923529971560502,-0.04303903153216471,-0.05776784944269099,1,0.17312072892938496
put,"donchian(95,)","keltner(10, 1.5)",3362,-0.04328037410805652,-9.75228292005432,-0.07894602560331633,0.0025131594014822633,1,0.19303985722784056
put,"donchian(95,)","macd(20, 35, 12)",1369,-0.047770272736737104,-6.185322170537189,-0.04548254965901253,-0.05102572292167614,2,0.1760409057706355
put,"donchian(90,)","keltner(10, 1.5)",3545,-0.04483471283548027,-9.484267616097172,-0.08252352245988717,0.0049155024867898614,1,0.19097320169252469
put,"donchian(90,)","macd(20, 35, 12)",1434,-0.051586311964814426,-6.193246039522246,-0.050530038988702834,-0.05311926197629945,1,0.1708507670850767
put,"keltner(10, 1.5)","macd(20, 35, 12)",3765,-0.04479513056626582,-8.546407945765656,-0.05931930108916208,-0.020006934433012262,1,0.16865869853917662
