date,S,vix,Ks,Kl,credit,risk,why,ret,credit_on_risk
2016-03-14,202.5,16.920000076293945,199.0,189.0,1.6074621845812396,8.39253781541876,7dte,0.16049346097111014,0.1915346966477782
2016-03-21,204.6699981689453,13.789999961853027,202.0,192.0,1.4292569942294961,8.570743005770504,7dte,0.14625368476333175,0.16675998723415308
2016-03-29,205.1199951171875,13.81999969482422,203.0,193.0,1.5491735727561733,8.450826427243827,7dte,0.16507157635004616,0.18331622192143693
2016-04-05,204.19000244140625,15.420000076293944,201.0,191.0,1.4936881439762026,8.506311856023798,7dte,0.14041722878159793,0.17559762318359373
2016-04-12,205.9199981689453,14.850000381469728,203.0,193.0,1.4969972359006882,8.503002764099312,7dte,0.10350244825900667,0.1760551275157981
2016-04-19,209.8999938964844,13.239999771118164,207.0,197.0,1.3207068571360563,8.679293142863944,7dte,-0.17602583118206916,0.15216755966146073
2016-04-26,208.9199981689453,13.960000038146973,206.0,196.0,1.40568446437049,8.59431553562951,7dte,-0.047119030060067055,0.16355979234680582
2016-05-03,206.16000366210935,15.600000381469728,203.0,193.0,1.5366768239381678,8.463323176061833,7dte,0.16887054654867606,0.18156896433833417
2016-05-10,208.4499969482422,13.630000114440918,206.0,196.0,1.4674217254437907,8.53257827455621,7dte,0.13712340426769512,0.17197870071928678
2016-05-17,204.8500061035156,15.56999969482422,202.0,192.0,1.5920234703032272,8.407976529696773,7dte,0.16820484038524652,0.1893468023703727
2016-05-24,207.8699951171875,14.420000076293944,205.0,195.0,1.4687254293090626,8.531274570690938,7dte,0.0096530248758931,0.17215779625178707
2016-06-01,210.2700042724609,14.199999809265137,208.0,197.0,1.6410704467387789,9.358929553261222,stop2x,-0.3589193516340406,0.1753480926851223
2016-06-08,212.3699951171875,14.079999923706056,210.0,199.0,1.615227233266078,9.384772766733922,stop2x,-0.4605615753015788,0.17211149096668085
2016-06-15,207.75,20.13999938964844,204.0,194.0,1.8802045249238994,8.119795475076101,7dte,0.22119764388458274,0.23155811383368344
2016-06-22,208.1000061035156,21.170000076293945,204.0,194.0,1.9076062874445676,8.092393712555433,7dte,0.22793815417714108,0.23572830922510563
2016-06-29,206.66000366210935,16.639999389648438,204.0,194.0,1.7511786269986964,8.248821373001304,7dte,0.2049259187761877,0.21229440520198056
2016-07-07,209.52999877929688,14.760000228881836,207.0,197.0,1.5601746129974594,8.439825387002541,7dte,0.17712897348748197,0.18485863645948789
2016-07-14,216.1199951171875,12.81999969482422,214.0,203.0,1.49980919178306,9.50019080821694,7dte,0.13535384384097707,0.15787148090602976
2016-07-21,216.2700042724609,12.739999771118164,214.0,203.0,1.4497237441916426,9.550276255808358,7dte,0.13087238475038968,0.15179914228239616
2016-07-28,216.7700042724609,12.720000267028809,214.0,203.0,1.3266825754990923,9.673317424500908,7dte,0.11809626641943555,0.13714866547631585
2016-08-04,216.41000366210935,12.420000076293944,214.0,203.0,1.3657287110775003,9.6342712889225,7dte,0.09230529510931446,0.14175734418521277
2016-08-11,218.6499938964844,11.68000030517578,217.0,206.0,1.4649131458516789,9.535086854148322,7dte,0.07349060470911947,0.15363395931882423
2016-08-18,218.8600006103516,11.43000030517578,217.0,206.0,1.366904384934584,9.633095615065416,stop2x,-0.28541586830899013,0.141896690280625
2016-08-25,217.6999969482422,13.630000114440918,215.0,204.0,1.486160846902751,9.51383915309725,7dte,-0.11139831545523106,0.15621042388749323
2016-09-01,217.38999938964844,13.479999542236328,215.0,204.0,1.5386891607230084,9.461310839276992,7dte,0.06668843765048711,0.16262959613750425
2016-09-09,213.27999877929688,17.5,210.0,199.0,1.7939234618724016,9.206076538127599,7dte,0.17811963061722996,0.19486297495385185
2016-09-16,213.3699951171875,15.369999885559082,211.0,200.0,1.750034531413141,9.24996546858686,7dte,0.1520582051572309,0.18919362859853986
2016-09-23,215.9900054931641,12.289999961853027,214.0,203.0,1.4270351786432234,9.572964821356777,7dte,-0.07782885471430209,0.1490693014414493
2016-09-30,216.3000030517578,13.289999961853027,214.0,203.0,1.5006906879065736,9.499309312093427,7dte,0.00835193014129703,0.15797892653059176
2016-10-07,215.0399932861328,13.479999542236328,213.0,202.0,1.5874336758375756,9.412566324162425,7dte,-0.03830309447208375,0.16865046377018045
2016-10-14,213.1199951171875,16.1200008392334,210.0,199.0,1.66181360528225,9.33818639471775,7dte,-0.14386450190013875,0.17795892425345822
2016-10-21,213.97999572753903,13.34000015258789,212.0,201.0,1.5748808219726578,9.425119178027343,7dte,0.13029813278917438,0.16709399554799867
2016-10-28,212.5399932861328,16.190000534057617,210.0,199.0,1.805418457749243,9.194581542250758,7dte,0.18702417459725426,0.19635678355268482
2016-11-04,208.5500030517578,22.51000022888184,204.0,194.0,1.8960946629022595,8.103905337097741,7dte,0.22655882393818438,0.23397295304307067
2016-11-11,216.4199981689453,14.170000076293944,214.0,203.0,1.5982097397569874,9.401790260243013,7dte,0.1452406409601129,0.16998993760957157
2016-11-18,218.5,12.850000381469728,216.0,205.0,1.4002659988117778,9.599734001188223,7dte,0.1390769093620603,0.14586508320318642
2016-11-28,220.47999572753903,13.149999618530272,218.0,207.0,1.557942211901834,9.442057788098166,7dte,0.15618687111522858,0.16500028350447504
2016-12-05,221.0,12.140000343322754,219.0,208.0,1.5260850140042241,9.473914985995776,7dte,0.12397155328974722,0.16108282755967981
2016-12-12,226.25,12.640000343322754,224.0,213.0,1.5786594987919593,9.421340501208041,7dte,0.13109633093767736,0.16756208934275726
2016-12-19,225.52999877929688,11.710000038146973,223.0,212.0,1.3545921284922415,9.645407871507759,7dte,0.11574254423625858,0.14043907178810608
2016-12-27,226.2700042724609,11.989999771118164,224.0,213.0,1.448718416304779,9.551281583695221,7dte,0.10612627761262547,0.1516779087298456
2017-01-04,226.5800018310547,11.850000381469728,224.0,213.0,1.3290835876867786,9.670916412313222,7dte,0.12244166562827687,0.13743098699463066
2017-01-11,227.1000061035156,11.260000228881836,225.0,214.0,1.3541186451446348,9.645881354855366,7dte,0.11925282978093997,0.1403830915319131
2017-01-19,225.91000366210935,12.779999732971191,223.0,212.0,1.3696064023002497,9.63039359769975,7dte,0.13481102022009275,0.14221707434962827
2017-01-26,229.3300018310547,10.630000114440918,227.0,216.0,1.1786714153113604,9.82132858468864,7dte,0.11145628921191238,0.12001140224031383
2017-02-02,227.7700042724609,11.93000030517578,226.0,215.0,1.5368522316659434,9.463147768334057,7dte,0.15552565862873657,0.1624039135063088
2017-02-09,230.6000061035156,10.880000114440918,229.0,217.0,1.4577245891449935,10.542275410855007,7dte,0.13179111375194255,0.1382741896160317
2017-02-16,234.72000122070312,11.760000228881836,232.0,220.0,1.3488868325585472,10.651113167441453,7dte,0.11132601651987162,0.12664280355989954
2017-02-24,236.7400054931641,11.470000267028809,235.0,223.0,1.5446942854754195,10.455305714524581,7dte,0.09038865979849388,0.14774262251648174
2017-03-03,238.4199981689453,10.960000038146973,236.0,224.0,1.2797450557027816,10.720254944297219,7dte,-0.13914659383275413,0.11937636393466174
2017-03-10,237.69000244140625,11.65999984741211,235.0,223.0,1.3334127604845407,10.66658723951546,7dte,0.020224633539672222,0.1250083771447326
2017-03-17,237.02999877929688,11.279999732971191,235.0,223.0,1.4313767365805092,10.568623263419491,7dte,0.003251318191642002,0.13543644246785133
2017-03-24,233.8600006103516,12.960000038146973,231.0,219.0,1.484629137247547,10.515370862752453,7dte,0.11105109579488402,0.14118656932076457
2017-03-31,235.7400054931641,12.369999885559082,233.0,221.0,1.4298755215494094,10.570124478450591,7dte,0.03238082993635755,0.13527518284808374
2017-04-07,235.1999969482422,12.869999885559082,233.0,221.0,1.6492382494075426,10.350761750592458,7dte,0.14359488546997684,0.15933496385550014
2017-04-17,234.57000732421875,14.65999984741211,231.0,219.0,1.6939808939446608,10.30601910605534,7dte,0.15715672383430945,0.1643681111506339
2017-04-24,237.1699981689453,10.84000015258789,235.0,223.0,1.408544068351294,10.591455931648706,7dte,0.09278643414749004,0.13298871065897308
2017-05-01,238.67999267578125,10.109999656677246,237.0,225.0,1.4082641902098527,10.591735809790148,7dte,0.11910418325564277,0.13295877233910675
2017-05-08,239.66000366210935,9.770000457763672,238.0,226.0,1.351387190787389,10.648612809212612,7dte,0.11802905869522705,0.12690734605527593
2017-05-15,240.3000030517578,10.420000076293944,238.0,226.0,1.3159135544679548,10.684086445532046,7dte,0.10925048689147435,0.12316575321404796
2017-05-22,239.5200042724609,10.93000030517578,237.0,225.0,1.353167073632497,10.646832926367503,7dte,0.11525849489400379,0.1270957366374464
2017-05-30,241.5,10.380000114440918,239.0,227.0,1.2441991145863516,10.755800885413649,7dte,0.09730726581763216,0.1156770311984538
2017-06-06,243.2100067138672,10.449999809265137,241.0,229.0,1.3419175122197822,10.658082487780218,7dte,0.034187825988356624,0.12590609180950957
2017-06-13,244.5500030517578,10.420000076293944,242.0,230.0,1.259765857858254,10.740234142141746,7dte,0.0001404493142793678,0.11729407768823928
2017-06-20,243.00999450683597,10.859999656677246,241.0,229.0,1.4722553435322632,10.527744656467737,7dte,0.12581542121804515,0.13984527470732117
2017-06-27,241.3300018310547,11.0600004196167,239.0,227.0,1.4149401716943815,10.585059828305619,7dte,0.1271996429687326,0.13367332775112667
2017-07-05,242.7700042724609,11.06999969482422,241.0,229.0,1.553222382590374,10.446777617409627,7dte,0.1373775204378146,0.14867956794657122
2017-07-12,244.00999450683597,10.300000190734863,242.0,230.0,1.3473528961431893,10.652647103856811,7dte,0.11434730047002867,0.12648057173088723
2017-07-19,246.9900054931641,9.789999961853027,245.0,233.0,1.26958960399265,10.73041039600735,7dte,-0.09852218315461596,0.11831696618659135
2017-07-26,247.42999267578125,9.600000381469728,246.0,234.0,1.3887315657492914,10.611268434250709,7dte,-0.2232850270951404,0.13087328572961066
2017-08-02,247.44000244140625,10.279999732971191,245.0,233.0,1.2551071886550145,10.744892811344986,7dte,-0.02829408808710312,0.11680965186826346
2017-08-09,247.25,11.109999656677246,245.0,233.0,1.4618207062569195,10.538179293743081,7dte,0.10395786717655559,0.13871662888909644
2017-08-16,246.94000244140625,11.739999771118164,245.0,233.0,1.658905667479298,10.341094332520703,7dte,0.07708147895219884,0.16041877330742133
2017-08-23,244.55999755859372,12.25,242.0,230.0,1.570311810610289,10.429688189389712,7dte,0.1423167898299887,0.15056172170207277
2017-08-30,246.00999450683597,11.220000267028809,244.0,232.0,1.5376473027819704,10.46235269721803,7dte,0.13589630268242672,0.1469695533386898
2017-09-07,246.8699951171875,11.550000190734863,245.0,233.0,1.6188328092543345,10.381167190745666,7dte,0.14697868564362696,0.15593938326101228
2017-09-14,250.08999633789065,10.4399995803833,248.0,235.0,1.3964820491573051,11.603517950842695,7dte,0.11215484392034845,0.12034988484297444
2017-09-21,249.38999938964844,9.670000076293944,248.0,236.0,1.4050120581720056,10.594987941827995,7dte,0.12470278741386902,0.13261101059163577
2017-09-28,250.3500061035156,9.550000190734863,249.0,236.0,1.420593361822419,11.57940663817758,7dte,0.11618333325713343,0.12268274240742946
2017-10-05,254.66000366210935,9.1899995803833,253.0,240.0,1.277342316490372,11.722657683509627,7dte,0.09444138093017114,0.10896354316369926
2017-10-12,254.63999938964844,9.90999984741211,253.0,240.0,1.4412453356816788,11.558754664318322,7dte,0.11515167130906293,0.12468863450582428
2017-10-19,255.7899932861328,10.050000190734863,254.0,241.0,1.43599179659225,11.56400820340775,7dte,0.0963493622818074,0.12417768747077534
2017-10-26,255.6199951171875,11.300000190734863,253.0,240.0,1.468524340683548,11.531475659316452,7dte,0.10554848744792864,0.12734921219706213
2017-11-02,257.5899963378906,9.93000030517578,256.0,243.0,1.4794509319976705,11.52054906800233,7dte,0.1117615668266084,0.12841843936993952
2017-11-09,258.1700134277344,10.5,256.0,243.0,1.4420424383348167,11.557957561665184,7dte,0.11642778432166206,0.12476619944666574
2017-11-16,258.6199951171875,11.760000228881836,256.0,243.0,1.5792296760696805,11.42077032393032,7dte,0.1325360658050465,0.13827698406303365
2017-11-24,260.3599853515625,9.670000076293944,258.0,245.0,1.2046044927077877,11.795395507292213,7dte,0.09621956030777538,0.1021249768151539
2017-12-01,264.4599914550781,11.43000030517578,262.0,249.0,1.5691941027759744,11.430805897224026,7dte,0.12460353289360401,0.13727764401607534
2017-12-08,265.510009765625,9.579999923706056,264.0,251.0,1.4511004706319128,11.548899529368088,7dte,0.08090722026827159,0.12564837601555545
2017-12-15,266.510009765625,9.420000076293944,265.0,252.0,1.4212651744274596,11.57873482557254,7dte,0.1166802066766201,0.12274788185739295
2017-12-22,267.510009765625,9.899999618530272,265.0,252.0,1.2606698068912814,11.739330193108719,7dte,0.10214110112279126,0.10738856358528241
2018-01-02,268.7699890136719,9.770000457763672,267.0,254.0,1.5126815250252759,11.487318474974725,7dte,0.1264484211897215,0.1316827359074855
2018-01-09,274.5400085449219,10.079999923706056,272.0,258.0,1.4402380567704562,12.559761943229544,7dte,0.02237633058669718,0.11467080851375769
2018-01-17,279.6099853515625,11.90999984741211,277.0,263.0,1.828294310618047,12.171705689381954,stop2x,-0.5940900734053196,0.15020855394268762
2018-01-24,283.17999267578125,11.470000267028809,280.0,266.0,1.6172039946400028,12.382796005359998,stop2x,-0.30595354974963807,0.13060087511253374
2018-01-31,281.8999938964844,13.539999961853027,279.0,265.0,2.090946534979589,11.909053465020412,stop2x,-0.5761957403061074,0.1755762152820266
2018-02-07,267.6700134277344,27.729999542236328,261.0,248.0,2.887593130423513,10.112406869576487,7dte,0.23315985620044843,0.2855495400517293
2018-02-14,269.5899963378906,19.26000022888184,265.0,252.0,2.4080085305110708,10.59199146948893,7dte,0.21952361334774428,0.22734237819653935
2018-02-22,270.3999938964844,18.71999931335449,266.0,252.0,2.4489218917588134,11.551078108241187,7dte,0.18682130608251424,0.2120080800087063
2018-03-01,267.70001220703125,22.46999931335449,262.0,249.0,2.5220601222368324,10.477939877763168,7dte,-0.23366667208620368,0.2407019081670129
2018-03-08,274.1000061035156,16.540000915527344,270.0,256.0,2.2243340200418076,11.775665979958193,stop2x,-0.5852254710035406,0.18889241795984643
2018-03-15,275.0,16.59000015258789,271.0,257.0,2.2622840015673575,11.737715998432643,stop2x,-0.3900050904908641,0.19273630422387492
2018-03-22,263.6700134277344,23.34000015258789,258.0,245.0,2.588038132015756,10.411961867984244,7dte,0.20474067978955346,0.24856392722429363
2018-03-29,263.1499938964844,19.96999931335449,258.0,245.0,2.303183629837735,10.696816370162265,7dte,0.18751203098454655,0.21531487034424962
2018-04-06,259.7200012207031,21.489999771118164,255.0,242.0,2.5107156269669226,10.489284373033078,7dte,0.2281232829441913,0.23936004952079729
2018-04-13,265.1499938964844,17.40999984741211,261.0,248.0,2.162666008222699,10.837333991777301,7dte,0.1518256394066516,0.19955701373267598
2018-04-20,266.6099853515625,16.8799991607666,263.0,250.0,2.220968202705363,10.779031797294637,7dte,0.1966730437343962,0.20604524084090653
2018-04-27,266.5599975585937,15.40999984741211,263.0,250.0,2.0121197739914956,10.987880226008505,7dte,0.1681737598690909,0.18312174255674654
2018-05-04,266.0199890136719,14.770000457763672,263.0,250.0,2.0364269112194564,10.963573088780544,7dte,0.17386522225890655,0.18574482011739515
2018-05-11,272.8500061035156,12.649999618530272,270.0,256.0,1.8049629132249803,12.19503708677502,7dte,0.09352682465025094,0.14800798885494026
2018-05-18,271.3299865722656,13.420000076293944,268.0,254.0,1.818967058812151,12.18103294118785,7dte,0.14186258555920686,0.14932781707384266
2018-05-25,272.1499938964844,13.220000267028809,269.0,255.0,1.8325625566848651,12.167437443315135,7dte,0.13989909497423164,0.15061203850213228
2018-06-04,274.8999938964844,12.739999771118164,272.0,258.0,1.9413056031609934,12.058694396839007,7dte,-0.048491372724613374,0.1609880422601866
2018-06-11,278.5599975585937,12.350000381469728,276.0,262.0,1.9779847130265993,12.022015286973401,stop2x,-0.3789966831192869,0.16453021110111782
2018-06-18,276.5599975585937,12.3100004196167,274.0,260.0,1.955406523235331,12.04459347676467,7dte,0.13823867727360212,0.16234724127530936
2018-06-25,271.0,17.329999923706055,267.0,253.0,2.431364104162695,11.568635895837305,7dte,0.20368066014809352,0.21016860812756352
2018-07-02,271.8599853515625,15.600000381469728,268.0,254.0,2.1998329923829467,11.800167007617054,7dte,0.18028079664614907,0.1864238862859268
2018-07-10,278.8999938964844,12.640000343322754,276.0,262.0,1.9240185602492184,12.075981439750782,7dte,0.14729074496664563,0.15932606139289704
2018-07-17,280.4700012207031,12.0600004196167,278.0,264.0,1.9300108519430759,12.069989148056925,7dte,0.1246606545588998,0.15990162279920334
2018-07-24,281.6099853515625,12.40999984741211,279.0,265.0,1.9724924180428425,12.027507581957158,7dte,0.13950337042605146,0.16399843480471718
2018-07-31,281.3299865722656,12.829999923706056,278.0,264.0,1.8727546258754324,12.127245374124568,7dte,0.14570878572773774,0.15442539242021575
2018-08-07,285.5799865722656,10.93000030517578,283.0,269.0,1.6952533344774268,12.304746665522574,7dte,0.119290970983995,0.13777230694455997
2018-08-14,283.8999938964844,13.3100004196167,281.0,267.0,2.090573130379673,11.909426869620328,7dte,0.1405976733092339,0.17553935661778158
2018-08-21,286.3399963378906,12.859999656677246,283.0,269.0,1.9126662196204784,12.087333780379522,7dte,0.14491579830710236,0.15823723034149753
2018-08-28,289.9200134277344,12.5,287.0,273.0,1.9703795289377788,12.029620471062222,7dte,0.13490943360668134,0.163793989484341
2018-09-05,289.0299987792969,13.90999984741211,286.0,272.0,2.1792925853282683,11.820707414671732,7dte,0.14926449610688478,0.1843622812813516
2018-09-12,289.1199951171875,13.140000343322754,286.0,272.0,2.0124359862193573,11.987564013780643,7dte,0.05219466574379352,0.1678769751640871
2018-09-19,291.2200012207031,11.75,288.0,273.0,1.7592450644099409,13.24075493559006,stop2x,-0.5193666535894759,0.13286591836853917
2018-09-26,289.8800048828125,12.890000343322754,287.0,273.0,2.0296373172960807,11.97036268270392,stop2x,-0.4597835817035379,0.16955520656268178
2018-10-03,291.7200012207031,11.609999656677246,289.0,274.0,1.8600553733104683,13.139944626689532,stop2x,-0.5070246539288711,0.14155732205540422
2018-10-10,278.29998779296875,22.959999084472656,272.0,258.0,2.6982135397316207,11.30178646026838,7dte,0.003542041845666469,0.23874221559726294
2018-10-17,280.45001220703125,17.399999618530273,276.0,262.0,2.360167819096896,11.639832180903104,stop2x,-0.4959045728533835,0.20276648171690195
2018-11-07,281.010009765625,16.360000610351562,277.0,263.0,2.3024262704246277,11.697573729575373,stop2x,-0.4159735256767325,0.19682938732870092
2019-02-13,274.989990234375,15.649999618530272,271.0,257.0,2.144921955732903,11.855078044267097,7dte,0.09667320266629993,0.18092853945994467
2019-02-21,277.4200134277344,14.460000038146973,274.0,260.0,2.0646572914411814,11.935342708558819,7dte,0.15542465600450034,0.17298684603003633
2019-02-28,278.67999267578125,14.779999732971191,275.0,261.0,2.0679492839530753,11.932050716046925,7dte,0.09787181083810798,0.17331046717493206
2019-03-07,275.010009765625,16.59000015258789,271.0,257.0,2.2600666758362586,11.739933324163742,7dte,0.18391745252469577,0.19251103165845684
2019-03-14,281.1600036621094,13.5,278.0,264.0,1.9824482729476665,12.017551727052334,7dte,0.15629736457717439,0.16496274099532596
2019-03-21,284.7300109863281,13.630000114440918,281.0,267.0,1.895268662735854,12.104731337264147,7dte,0.14695505306698395,0.15657255084227367
2019-03-28,280.7099914550781,14.43000030517578,277.0,263.0,2.015070241381514,11.984929758618486,7dte,0.1630791797486519,0.16813367136611346
2019-04-04,287.17999267578125,13.579999923706056,284.0,270.0,2.037140850019265,11.962859149980735,7dte,0.15909325447404007,0.17028879337951125
2019-04-11,288.2099914550781,13.020000457763672,285.0,271.0,1.9302845411707055,12.069715458829295,7dte,0.14735319659154233,0.1599279243785863
2019-04-18,290.0199890136719,12.09000015258789,287.0,272.0,1.843720200861228,13.156279799138773,7dte,0.0013091054202670287,0.1401399353776225
2019-04-26,293.4100036621094,12.729999542236328,290.0,275.0,1.8722829348100682,13.127717065189932,stop2x,-0.48780972660182864,0.1426206038348207
2019-05-03,294.0299987792969,12.869999885559082,291.0,276.0,2.0027827072034463,12.997217292796554,stop2x,-0.5016126024128272,0.15409319257233994
2019-05-10,288.1000061035156,16.040000915527344,284.0,270.0,2.222064479770458,11.777935520229542,stop2x,-0.5005431764292597,0.1886633252452338
2019-05-17,285.8399963378906,15.960000038146973,282.0,268.0,2.2517528273522402,11.74824717264776,stop2x,-0.41047500484992255,0.19166713078651984
2019-05-24,282.7799987792969,15.850000381469728,279.0,265.0,2.224160213990681,11.77583978600932,7dte,0.1729264970551066,0.18887487044730084
2019-06-10,288.9700012207031,15.9399995803833,285.0,271.0,2.362314020711884,11.637685979288117,7dte,0.19603926898296817,0.20298829379965688
2019-06-17,289.3699951171875,15.350000381469728,285.0,271.0,2.1795529161770326,11.820447083822968,7dte,0.17888961486951432,0.18438836540792852
2019-06-24,293.6400146484375,15.260000228881836,290.0,275.0,2.435244983343067,12.564755016656934,7dte,0.1651900949875609,0.1938155563013122
2019-07-01,295.6600036621094,14.0600004196167,292.0,277.0,2.222692533825955,12.777307466174046,7dte,0.16521183468508832,0.1739562532802933
2019-07-09,297.19000244140625,14.09000015258789,293.0,278.0,2.085947300004039,12.914052699995962,7dte,-0.04962762211514043,0.16152538234606176
2019-07-16,299.7799987792969,12.859999656677246,296.0,281.0,1.9542672579319658,13.045732742068035,stop2x,-0.5921991692485671,0.1498012642578612
2019-07-23,300.0299987792969,12.609999656677246,297.0,282.0,2.0878239878224556,12.912176012177545,stop2x,-0.5853385532012361,0.16169420133782386
2019-07-30,300.7200012207031,13.9399995803833,297.0,282.0,2.1935402477783925,12.806459752221608,stop2x,-0.5578733542602836,0.17128389033494343
2019-08-06,287.79998779296875,20.170000076293945,282.0,268.0,2.558688687244685,11.441311312755316,7dte,0.19107726195040772,0.22363596420911452
2019-08-13,292.54998779296875,17.520000457763672,288.0,273.0,2.56831614798759,12.43168385201241,7dte,0.19029262739475192,0.20659439047525627
2019-08-20,290.0899963378906,17.5,285.0,270.0,2.428167592530999,12.571832407469001,7dte,0.18756721364960155,0.19314349045000076
2019-08-27,286.8699951171875,20.309999465942383,281.0,267.0,2.5561301765471804,11.44386982345282,7dte,0.21687613244047294,0.22336239541179526
2019-09-04,294.0400085449219,17.329999923706055,289.0,274.0,2.4111993548509525,12.588800645149048,7dte,0.13683847366767263,0.1915352719307761
2019-09-11,300.25,14.609999656677246,296.0,281.0,2.1626866885478457,12.837313311452155,stop2x,-0.4243641064102306,0.16846879374818366
2019-09-18,301.1000061035156,13.949999809265137,297.0,282.0,2.0773488388006656,12.922651161199335,stop2x,-0.4552966779750269,0.16075252770406515
2019-09-25,297.6199951171875,15.960000038146973,293.0,278.0,2.3025070284848916,12.697492971515109,7dte,0.1325415511602641,0.18133556235472745
2019-10-02,288.0599975585937,20.559999465942383,283.0,269.0,2.726433409261974,11.273566590738026,7dte,0.23637181247623937,0.24184302166644564
2019-10-09,291.2699890136719,18.63999938964844,286.0,271.0,2.5434110788434716,12.456588921156529,7dte,0.19930766082448512,0.20418198713483188
2019-10-16,298.3999938964844,13.68000030517578,295.0,280.0,2.1716772585029696,12.828322741497031,7dte,0.16379274976305877,0.169287700525185
2019-10-23,299.8800048828125,14.010000228881836,296.0,281.0,2.131381205046362,12.868618794953639,7dte,0.16058307799036992,0.16562626020767449
2019-10-30,304.1400146484375,12.329999923706056,301.0,286.0,1.9992610362784675,13.000738963721533,7dte,0.14405262433133298,0.1537805690782186
2019-11-06,307.1000061035156,12.619999885559082,304.0,289.0,2.093044526092767,12.906955473907233,7dte,0.1521459605950136,0.1621640773708468
2019-11-13,309.1000061035156,13.0,306.0,291.0,2.187632009549928,12.812367990450072,7dte,0.152862196124949,0.1707437697059996
2019-11-20,310.7699890136719,12.779999732971191,307.0,291.0,2.0335995661340314,13.966400433865969,7dte,0.13610586224557022,0.14560656310576087
2019-11-27,315.4800109863281,11.75,312.0,296.0,1.9040998163864686,14.095900183613532,7dte,0.12158792543702811,0.1350818175202448
2019-12-05,312.0199890136719,14.520000457763672,308.0,292.0,2.3140942914412777,13.685905708558723,7dte,0.16310053016918422,0.16908594438102242
2019-12-12,317.1300048828125,13.9399995803833,313.0,297.0,2.2088487135857293,13.791151286414271,7dte,0.14295763244669007,0.16016420005207807
2019-12-19,320.8999938964844,12.5,318.0,302.0,2.233560203437874,13.766439796562127,7dte,0.14328845849000013,0.16224675634695745
2019-12-27,322.8599853515625,13.43000030517578,319.0,303.0,2.172850571744091,13.82714942825591,7dte,0.15092904815134617,0.1571437831794781
2020-01-06,323.6400146484375,13.850000381469728,320.0,304.0,2.457139884727971,13.54286011527203,7dte,0.013668456209307341,0.18143433985241422
2020-01-13,327.95001220703125,12.31999969482422,324.0,308.0,2.0764517312112845,13.923548268788716,7dte,0.1158561965377386,0.14913236849732459
2020-01-21,331.29998779296875,12.850000381469728,328.0,311.0,2.4012629470648315,14.598737052935169,7dte,0.14804278643094626,0.16448429328905834
2020-01-28,326.8900146484375,16.280000686645508,322.0,306.0,2.634881369231531,13.36511863076847,7dte,0.17305260424005087,0.1971461265720191
2020-02-04,329.0599975585937,16.049999237060547,324.0,308.0,2.5720829636872105,13.42791703631279,stop2x,-0.5074121602905088,0.19154742740304315
2020-02-11,335.260009765625,15.18000030517578,331.0,314.0,2.70515927511549,14.29484072488451,stop2x,-0.38598181957917427,0.1892402529820664
2020-02-19,338.3399963378906,14.380000114440918,334.0,317.0,2.5062429617486424,14.493757038251358,stop2x,-0.4672509928037769,0.1729187922175226
2020-02-26,311.5,27.559999465942383,304.0,288.0,3.5270693133542417,12.472930686645759,stop2x,-0.6905915394653647,0.2827779133841036
2020-03-04,312.8599853515625,31.989999771118164,304.0,288.0,3.7502619319054724,12.249738068094528,stop2x,-0.6479274860714145,0.3061503773434425
2020-05-29,304.32000732421875,27.51000022888184,297.0,282.0,3.2815898468692404,11.71841015313076,7dte,0.1413582710892298,0.2800371214172352
2020-06-05,319.3399963378906,24.520000457763672,312.0,296.0,3.2010244389810603,12.79897556101894,stop2x,-0.5076776248547866,0.2501000508767456
2020-06-12,304.2099914550781,36.09000015258789,295.0,280.0,3.726633955057347,11.273366044942653,7dte,0.3215478557726265,0.33056976418583983
2020-06-19,308.6400146484375,35.119998931884766,299.0,284.0,3.624902535049808,11.375097464950192,7dte,0.2827971711958838,0.3186700198586545
2020-07-06,317.04998779296875,27.940000534057617,309.0,293.0,3.582090064612276,12.417909935387724,7dte,0.2591837967648067,0.2884615916245516
2020-07-13,314.8399963378906,32.189998626708984,305.0,289.0,3.6994964228253857,12.300503577174615,7dte,0.2943288648300826,0.3007597534210179
2020-07-20,324.32000732421875,24.459999084472656,317.0,301.0,3.374519399769826,12.625480600230174,7dte,0.25124541945718953,0.2672784907457943
2020-07-27,323.2200012207031,24.739999771118164,316.0,300.0,3.4168112208898216,12.583188779110179,7dte,0.2602815241897553,0.27153778591975014
2020-08-03,328.7900085449219,24.280000686645508,321.0,305.0,3.3061159059098935,12.693884094090107,7dte,0.25307749979114535,0.2604495110719596
2020-08-10,335.57000732421875,22.1299991607666,329.0,312.0,3.427015470837548,13.572984529162452,7dte,0.15647474928081542,0.25248798180491394
2020-08-17,337.9100036621094,21.350000381469727,331.0,314.0,3.268163349849042,13.731836650150958,7dte,0.01564843178650649,0.23799899701057936
2020-08-24,342.9200134277344,22.3700008392334,336.0,319.0,3.4525701129846262,13.547429887015374,7dte,-0.2331907395236207,0.25485056145548063
2020-08-31,349.3099975585937,26.40999984741211,341.0,324.0,3.7725725410471207,13.22742745895288,stop2x,-0.6827423476937167,0.285208333423419
2020-09-08,333.2099914550781,31.459999084472656,323.0,306.0,3.8554691578261235,13.144530842173877,7dte,0.19194768333242043,0.29331356167204947
2020-09-15,340.1700134277344,25.59000015258789,332.0,315.0,3.593808079020372,13.406191920979628,7dte,0.21715302108636497,0.26807076164532206
2020-09-22,330.29998779296875,26.86000061035156,322.0,305.0,3.643252808615886,13.356747191384114,7dte,0.2541890815065823,0.2727649746164244
2020-09-29,332.3699951171875,26.270000457763672,324.0,307.0,3.5785416807303485,13.421458319269652,7dte,0.2384776656409806,0.26662837939097217
2020-10-06,334.92999267578125,29.479999542236328,326.0,309.0,3.8663899059219013,13.133610094078099,7dte,-0.0782514569090158,0.29438896679788323
2020-10-13,350.1300048828125,26.06999969482422,342.0,324.0,3.8800114073910543,14.119988592608946,7dte,0.15774099787287582,0.27478856529827733
2020-10-20,343.3800048828125,29.350000381469727,334.0,317.0,3.848078585172845,13.151921414827155,7dte,0.2795356956900193,0.2925867988258062
2020-10-27,338.2200012207031,33.349998474121094,328.0,311.0,4.074845678134369,12.92515432186563,7dte,0.3052763774601398,0.31526476022347416
2020-11-03,336.0299987792969,35.54999923706055,325.0,308.0,4.138089671444308,12.861910328555691,7dte,0.3168343875465544,0.3217321195481378
2020-11-10,354.0400085449219,24.799999237060547,346.0,328.0,3.7625993314189636,14.237400668581037,7dte,0.25462606924418124,0.26427572132055205
2020-11-17,360.6199951171875,22.709999084472656,353.0,335.0,3.5994172448518804,14.40058275514812,7dte,0.19393081488443242,0.24994941566271758
2020-11-24,363.2200012207031,21.63999938964844,356.0,338.0,3.534577374485638,14.465422625514362,7dte,0.19778679327347354,0.24434663721827868
2020-12-02,366.7900085449219,21.170000076293945,360.0,342.0,3.5356083173787263,14.464391682621274,7dte,0.22069525035516335,0.24443532745498733
2020-12-09,366.8500061035156,22.270000457763672,359.0,341.0,3.5027271159104623,14.497272884089538,7dte,0.17474725731808985,0.24161282911040696
2020-12-16,370.1700134277344,22.5,363.0,344.0,3.8127852245113183,15.187214775488682,7dte,0.227414875689363,0.2510523016152337
2020-12-23,367.5700073242188,23.309999465942383,360.0,342.0,3.7133250228239754,14.286674977176025,7dte,0.21016963241763148,0.25991527271084947
2020-12-31,373.8800048828125,22.75,366.0,347.0,3.7024788134298228,15.297521186570178,7dte,0.21155379472653232,0.24203129175465762
2021-01-08,381.260009765625,21.559999465942383,374.0,355.0,3.649107732611592,15.350892267388408,7dte,-0.20959848058625424,0.23771307029258448
2021-01-15,375.7000122070313,24.34000015258789,368.0,349.0,3.947726117015892,15.052273882984109,7dte,0.2438882544747657,0.2622677575298847
2021-01-25,384.3900146484375,23.190000534057617,376.0,357.0,3.880153745958625,15.119846254041375,7dte,0.2074447815757792,0.25662653447428413
2021-02-01,376.2300109863281,30.239999771118164,365.0,346.0,4.273868131071185,14.726131868928814,7dte,0.21418417249351085,0.2902234048364575
2021-02-08,390.510009765625,21.239999771118164,383.0,363.0,3.8994140038309717,16.100585996169027,7dte,-0.019971850132425216,0.24219081248091207
2021-02-16,392.2999877929688,21.459999084472656,384.0,364.0,3.758516818048913,16.241483181951086,7dte,0.1624369263252896,0.23141462980583544
2021-02-23,387.5,23.11000061035156,379.0,360.0,3.834759117421806,15.165240882578194,7dte,0.1833509048913368,0.25286503176004094
2021-03-02,386.5400085449219,24.100000381469727,378.0,359.0,3.9674733389628636,15.032526661037137,7dte,0.2463759227103265,0.2639259140145863
2021-03-09,387.1700134277344,24.030000686645508,378.0,359.0,3.850930655334397,15.149069344665604,7dte,0.2501805777937572,0.2542024574394343
2021-03-16,395.9100036621094,19.790000915527344,389.0,369.0,3.762573434956176,16.237426565043823,7dte,0.22496922758009053,0.23172227568722628
2021-03-23,389.5,20.299999237060547,382.0,363.0,3.57992157076499,15.42007842923501,7dte,0.22813366449366573,0.23215975114483187
2021-03-30,394.7300109863281,19.61000061035156,388.0,368.0,3.7566131236308657,16.243386876369133,7dte,0.2265063451156947,0.2312703103252428
2021-04-07,406.5899963378906,17.15999984741211,400.0,380.0,3.3420711664424894,16.65792883355751,7dte,0.1806893176855454,0.2006294539876929
2021-04-14,411.4500122070313,16.989999771118164,405.0,384.0,3.452980031938099,17.5470199680619,7dte,0.18309273584367933,0.196784413434476
2021-04-21,416.0700073242188,17.5,410.0,389.0,3.6900269430249915,17.309973056975007,7dte,0.11742043893003888,0.21317346542824947
2021-04-28,417.3999938964844,17.280000686645508,411.0,390.0,3.5776900302731485,17.42230996972685,7dte,0.05639834615684182,0.2053510720730932
2021-05-05,415.75,19.149999618530277,409.0,388.0,3.888584862841315,17.111415137158684,7dte,0.18953200056577502,0.22725092177776518
2021-05-12,405.4100036621094,27.59000015258789,395.0,375.0,4.381799360094095,15.618200639905904,7dte,0.27566927102576705,0.2805572460695763
2021-05-19,410.8599853515625,22.18000030517578,402.0,381.0,3.9973380606516593,17.00266193934834,7dte,0.22916844508243975,0.23510071981145708
2021-05-26,419.0700073242188,17.360000610351562,413.0,392.0,3.6825843329574277,17.31741566704257,7dte,0.017287034758899134,0.21265207255871862
2021-06-03,418.7699890136719,18.040000915527344,412.0,391.0,3.6288153790321,17.3711846209679,7dte,0.19200622376846813,0.20889855575260746
2021-06-10,423.6099853515625,16.100000381469727,418.0,397.0,3.4851197423972473,17.51488025760275,7dte,0.18604267547782571,0.19898050635455802
2021-06-17,421.9700012207031,17.75,415.0,394.0,3.547490097412196,17.452509902587803,7dte,0.1948139913028245,0.20326532499982627
2021-06-24,425.1000061035156,15.970000267028809,419.0,398.0,3.3518573005387915,17.648142699461207,7dte,0.14752088378202757,0.1899269151218458
2021-07-01,430.4299926757813,15.479999542236328,425.0,403.0,3.496545861495003,18.503454138504996,7dte,0.16574237182478604,0.1889671968985954
2021-07-09,435.5199890136719,16.18000030517578,429.0,407.0,3.40902650677778,18.59097349322222,7dte,0.12187010678958375,0.183369983719283
2021-07-16,431.3399963378906,18.450000762939453,424.0,402.0,3.7311969380527494,18.26880306194725,7dte,0.1930834801787445,0.20423871916516492
2021-07-23,439.9400024414063,17.200000762939453,433.0,411.0,3.600187424997069,18.39981257500293,7dte,0.1721403366472401,0.19566435311890648
2021-07-30,438.510009765625,18.239999771118164,431.0,409.0,3.7059169423191514,18.294083057680847,7dte,0.15780931328034786,0.20257462102005744
2021-08-06,442.489990234375,16.149999618530273,436.0,414.0,3.4636064603476577,18.53639353965234,7dte,0.16328204935421087,0.18685438744804614
2021-08-13,445.9200134277344,15.449999809265137,440.0,418.0,3.442014590794495,18.557985409205504,7dte,0.1564671802236602,0.18547350452636513
2021-08-20,443.3599853515625,18.559999465942383,436.0,414.0,3.84918204011232,18.15081795988768,7dte,0.12231545851728229,0.21206658832779895
2021-08-27,450.25,16.389999389648438,444.0,421.0,3.7124350454439203,19.28756495455608,7dte,-0.10587966468983791,0.19247816166482823
2021-09-03,453.0799865722656,16.40999984741211,447.0,424.0,3.78057058570275,19.21942941429725,stop2x,-0.4233419101174237,0.19670566197404382
2021-09-13,446.5799865722656,19.3700008392334,438.0,416.0,3.9929228501182075,18.00707714988179,7dte,-0.004007946566112587,0.22174186387291728
2021-09-20,434.0400085449219,25.709999084472656,423.0,401.0,4.601718739162709,17.39828126083729,7dte,0.2574008303757817,0.26449272029651344
2021-09-27,442.6400146484375,18.76000022888184,435.0,413.0,4.01988520206439,17.98011479793561,7dte,0.21260985432544938,0.22357394528570715
2021-10-04,428.6400146484375,22.959999084472656,419.0,398.0,4.220219425454647,16.779780574545352,7dte,0.2478314575680466,0.2515062343459157
2021-10-11,434.6900024414063,20.0,427.0,405.0,4.20681838843129,17.79318161156871,7dte,0.2329572952324495,0.2364286770217708
2021-10-18,447.1900024414063,16.309999465942383,440.0,418.0,3.5791475139208324,18.420852486079166,7dte,0.18921831661370864,0.1942986903904492
2021-10-25,455.5499877929688,15.239999771118164,449.0,426.0,3.576846245313478,19.42315375468652,7dte,0.16873206582471106,0.184153731700262
2021-11-01,460.0400085449219,16.40999984741211,453.0,430.0,3.815691301696854,19.184308698303145,7dte,-0.005044452043387783,0.1988964711579288
2021-11-08,468.9299926757813,17.219999313354492,461.0,438.0,3.8999043790871206,19.100095620912878,7dte,-0.2894916434707171,0.2041824531400292
2021-11-15,467.4299926757813,16.489999771118164,460.0,437.0,3.8091981551775285,19.19080184482247,7dte,0.13556752299088917,0.1984908283655287
2021-11-22,467.5700073242188,19.170000076293945,459.0,436.0,4.2172632608827625,18.782736739117237,7dte,-0.009173168299944448,0.2245286892670875
2021-11-30,455.55999755859375,27.190000534057617,444.0,421.0,5.016801470959325,17.983198529040674,7dte,0.275582469610287,0.27897158911179243
2021-12-07,468.2799987792969,21.88999938964844,459.0,436.0,4.604436381619396,18.395563618380603,7dte,0.2246617862393834,0.25030145730455927
2021-12-14,463.3599853515625,21.88999938964844,454.0,431.0,4.550428221684501,18.449571778315498,7dte,0.192591377419961,0.246641400481327
2021-12-21,463.05999755859375,21.01000022888184,454.0,431.0,4.430463661286285,18.569536338713714,7dte,0.1710404448260309,0.2385877374896899
2021-12-29,477.4800109863281,16.950000762939453,470.0,446.0,3.9784258377864057,20.021574162213593,stop2x,-0.4270842959634726,0.19870694509599685
2022-01-05,468.3800048828125,19.729999542236328,460.0,437.0,4.289983732912584,18.710016267087415,stop2x,-0.5931012205368387,0.22928808140370502
2022-01-12,471.0199890136719,17.6200008392334,464.0,440.0,4.201576118580088,19.79842388141991,stop2x,-0.471980428804983,0.21221770701268358
2022-01-20,446.75,25.59000015258789,436.0,414.0,4.596033792211261,17.403966207788738,7dte,0.03825057158627689,0.2640796780077873
2022-02-03,446.6000061035156,24.350000381469727,437.0,415.0,4.597135221885099,17.4028647781149,7dte,-0.03427467928307149,0.26415968178217764
2022-02-10,449.3200073242188,23.90999984741211,440.0,418.0,4.595965825484728,17.40403417451527,7dte,-0.27321322097207734,0.26407474148807414
2022-03-25,452.6900024414063,20.809999465942383,444.0,421.0,4.224246596593569,18.77575340340643,7dte,-0.1654442763265715,0.22498413277132073
2022-04-01,452.9200134277344,19.6299991607666,445.0,422.0,4.134253286833132,18.865746713166867,stop2x,-0.5923244238992451,0.2191407183447308
