delta,width,manage,spy_filter,n,avg,win,avg_win,avg_loss,worst,credit_on_risk,yrs_pos,yrs,maxdd_5pct,t
0.25,0.03,hold,False,348,0.021693107661039025,0.7557471264367817,0.13581057417776615,-0.3313997593260106,-0.6636512368598777,0.1622762718165321,5,7,-0.23445376474324875,1.7842322657039977
0.25,0.03,hold,True,273,0.024287481170805623,0.7765567765567766,0.12533844989288193,-0.326906049469853,-0.6636512368598777,0.1521166835789682,5,7,-0.22780404586311298,1.8936984499206697
0.25,0.05,hold,False,348,0.020393094266090005,0.7758620689655172,0.10984829664971471,-0.28925952936953403,-0.626218018921161,0.12897984865816708,5,7,-0.1948468339641759,2.031774631397895
0.25,0.05,hold,True,273,0.020656965995341788,0.7838827838827839,0.10060729231599669,-0.2693323532016098,-0.626218018921161,0.11801965030390722,5,7,-0.1918536512426987,1.975302581019316
0.35,0.03,hold,False,348,0.04517231890853018,0.7212643678160919,0.219954888586445,-0.40710010366009486,-0.8286918766018037,0.264424978352945,5,7,-0.3414098104778357,2.640560305776506
0.35,0.03,hold,True,273,0.05343026883102343,0.7435897435897436,0.2025491943342588,-0.37901461512835916,-0.8286918766018037,0.24804231547881825,5,7,-0.23819968473344288,3.038818893191072
0.35,0.05,hold,False,348,0.0419028409818809,0.75,0.1737883377170114,-0.35375364922351066,-0.8018019679894651,0.20741212689706615,5,7,-0.2775836525499946,2.9702147934235965
0.35,0.05,hold,True,273,0.04742676608763765,0.7802197802197802,0.155103131080511,-0.33482432963706266,-0.6905915394653647,0.18966092880035004,5,7,-0.19841940756148424,3.371968880795176
0.4,0.03,hold,False,348,0.05451992595280567,0.7155172413793104,0.26156784633657953,-0.4662369647094133,-0.9234078844602821,0.3264186165508673,5,7,-0.40211241657855723,2.7444595793005653
0.4,0.03,hold,True,273,0.06397296885797886,0.7362637362637363,0.24005604586362184,-0.42759228778277447,-0.9234078844602821,0.3056881928828816,5,7,-0.22186351446728692,3.170959394015504
0.4,0.05,hold,False,348,0.04574664108525494,0.7241379310344828,0.21194556017485192,-0.3905255215249371,-0.8239206798966004,0.2544629239808437,5,7,-0.333933596575653,2.747120097354111
0.4,0.05,hold,True,273,0.05148462418385023,0.7472527472527473,0.18935596899692123,-0.3561350039591424,-0.8239206798966004,0.2321754173415794,5,7,-0.22483220264204196,3.0932803286921184
0.3,0.05,skew0.3,True,273,0.041304048089445135,0.7838827838827839,0.1390534676000387,-0.31324469386423326,-0.6555664651892987,0.16310299749142307,5,7,-0.19678860107845575,3.2192608335453743
0.3,0.05,skew0.9,True,273,0.021719240714895727,0.7728937728937729,0.11194290957392726,-0.28533227749890516,-0.6657636485644861,0.13706269925639153,5,7,-0.2122427106219288,1.8775834189569909
0.3,0.05,slip0.01,True,273,0.04172764424206696,0.8021978021978022,0.13181480134951626,-0.3236258262492552,-0.6560124983102508,0.15513001974974122,5,7,-0.19934162484965323,3.3737205049321557
0.3,0.05,slip0.06,True,273,0.019200080168210988,0.7692307692307693,0.11699222231637514,-0.3067737269923363,-0.6662138555333263,0.14597638269756388,5,7,-0.22199002069545348,1.5640365855788305
