feat,bucket,n,fwd10,call,put,call_disc,call_val,put_disc,put_val,call_yrs,put_yrs
ret1,top10,70433,0.004432096160945983,-0.04650126401391338,-0.05662995883868608,-0.02753805676723404,-0.05939047439590347,-0.07975008676800156,-0.029418182634267508,0,1
ret1,bot10,70432,0.0072485572691543074,-0.02381221021984855,-0.05078476144564768,-0.013424059069864266,-0.031214276245823933,-0.08335146531994092,-0.013624575350080291,3,1
ret1,top2,14087,0.004590922363624261,-0.04824036160918786,-0.021845875175752205,-0.005219932446090754,-0.0633633446710307,-0.09181401369015406,0.03158647955181457,1,1
ret1,bot2,14086,0.008311316938120617,-0.014047647217215012,-0.005156975097738709,-0.005896941084490111,-0.017364264954402495,-0.08659524453084338,0.054840688002314064,2,1
ret2,top10,70433,0.006835344676772276,-0.041770306195565855,-0.06645997228422192,-0.02658461279580428,-0.05276052486906256,-0.08231090948299358,-0.046358946977793886,0,0
ret2,bot10,70432,0.006182062391987875,-0.028882963696318424,-0.0459831056366958,-0.021606154853721696,-0.034174393417731916,-0.07565585542463614,-0.01209745347009789,2,1
ret2,top2,14087,0.01266055759213387,-0.031596618212795254,-0.07145607155258153,-0.019718314106772855,-0.03654212970515789,-0.08688354261786284,-0.05617362371611488,0,0
ret2,bot2,14086,0.010163006888060518,-0.011118168813599807,-0.008120164027170543,-0.00840847358901761,-0.012234532824529321,-0.07873741304249675,0.04238733803746533,2,1
ret5,top10,70433,0.006215023524969423,-0.05128735568145843,-0.06314422129403294,-0.04042534162492036,-0.05949994609395761,-0.07472164508491771,-0.04727437631124417,0,0
ret5,bot10,70432,0.004761519543383454,-0.02789826945711676,-0.0420624925371251,-0.02794551284825975,-0.02786248443911254,-0.07007408186838955,-0.009234173892860777,1,1
ret5,top2,14087,0.013082561312633186,-0.0503137375215235,-0.07606368736310345,-0.04061058968510227,-0.05476344157697076,-0.07799779910592908,-0.07380145450059636,0,0
ret5,bot2,14086,0.004578446214920296,-0.012190945022273431,0.0032126199263072482,-0.020900373812886848,-0.00861015001559365,-0.07600448559010997,0.054606196254479426,3,1
ret10,top10,70433,0.005549685459520902,-0.049123381915467904,-0.06987035117577824,-0.045246626020745556,-0.05220583562246284,-0.07819480995905762,-0.05734430960051797,0,0
ret10,bot10,70432,0.0038547365051454273,-0.026642708422306982,-0.043793647156237764,-0.02264798685922964,-0.02972987236177598,-0.07591754114430196,-0.006970179750537097,1,1
ret10,top2,14087,0.00995864700042604,-0.036263975191822166,-0.07117719123977571,-0.056745552974082285,-0.0260613047321703,-0.06710918275265719,-0.07668006631879419,0,0
ret10,bot2,14086,-0.00017306752658808127,-0.026011114755139456,0.014364033466191632,-0.02185462368721363,-0.027835045871361045,-0.08033921270452038,0.07805231200417724,3,1
ret21,top10,70433,0.004011169611481607,-0.05981749072079835,-0.06895384609093536,-0.05202936311427266,-0.06606716615732784,-0.07416486793586997,-0.06111995137326683,0,0
ret21,bot10,70432,0.010417034537321311,-0.012228390643356096,-0.05845077810494119,-0.00010468175571954491,-0.02216122627124411,-0.09398695664887045,-0.013644148369015119,2,1
ret21,top2,14087,0.003239566044528586,-0.06558231811558053,-0.06950232303001339,-0.055802949080052316,-0.07034707614967711,-0.07365838449995644,-0.06408565523743359,0,0
ret21,bot2,14086,0.026858275279181592,0.012908611726561532,-0.028708815928188608,0.008389398850427443,0.01478457994076547,-0.10419311314739642,0.02600136273193269,5,1
ret63,top10,70433,0.0055807705280923065,-0.05619346775140474,-0.0731128799994177,-0.051060979870722396,-0.06000161051648452,-0.0786799671848677,-0.0652320238839687,0,1
ret63,bot10,70432,0.01884082357434583,-0.0008929411858771456,-0.06935681138995073,-0.010039206414794716,0.006481021122855233,-0.08805512513318853,-0.042389577124684955,3,1
ret63,top2,14087,0.008980952231574116,-0.0561575637317602,-0.08557116100346412,-0.06426586068918423,-0.053028003621176316,-0.07910155428810714,-0.09152769977756847,0,1
ret63,bot2,14086,0.05367652543196707,0.05796008231529309,-0.08327552534359355,0.02852899882869833,0.06891931858631464,-0.12102880661823134,-0.05236274178261761,5,0
ret126,top10,70426,0.005636120035043401,-0.052800803411605784,-0.06553867227333443,-0.05710996124458561,-0.05003112591194962,-0.06596799613998831,-0.06506250840631994,0,0
ret126,bot10,70425,0.016829589048291172,-0.01470304554629077,-0.07337971165426148,-0.017032304068398077,-0.013009594974783687,-0.08277632264353212,-0.060907875296039055,3,0
ret126,top2,14086,0.00961952356732683,-0.04583419144400741,-0.0838404827471851,-0.05224671847291761,-0.04422977911645812,-0.07944458607896775,-0.0861200341133536,0,0
ret126,bot2,14085,0.04252619921661895,0.027666636045740784,-0.09498809468782277,0.013128630172081962,0.03316069950591922,-0.11106920825993935,-0.08009489137957804,3,0
ret252,top10,70256,0.003838710704891799,-0.055232128646634,-0.06877835468726021,-0.04688156539196087,-0.05955661123779579,-0.07221922703216466,-0.06622489295129087,0,0
ret252,bot10,70255,0.016575961477351357,-0.012179166513879817,-0.07386263415558753,-0.012485761531996414,-0.01188736634925996,-0.08822748439729898,-0.0482283046712905,3,0
ret252,top2,14052,0.005961765016569822,-0.057349941847291815,-0.07485298114335705,-0.044754143316490254,-0.06017461386491536,-0.07382332270866523,-0.07521447641915052,1,1
ret252,bot2,14051,0.034739104963525655,0.014116384976173785,-0.08216843538196732,0.0026630599899235335,0.021203459688287848,-0.09142161894924597,-0.06825238884110794,3,0
ret252_21,top10,70255,0.0045519163511293015,-0.0507773701983631,-0.06954126606663062,-0.04085947043461052,-0.05586662201553744,-0.07456763214727267,-0.06587037493920198,0,0
ret252_21,bot10,70254,0.013778022075186282,-0.024266693328968088,-0.07603257435223534,-0.02580563874810778,-0.022721514162409473,-0.08147755536579934,-0.06503962337501526,2,0
ret252_21,top2,14051,0.007925580761332172,-0.051613601855130434,-0.07819704269487548,-0.043309148914908946,-0.053576273267135266,-0.07413723687164059,-0.07968033458225209,2,1
ret252_21,bot2,14050,0.027085025451238788,-0.007692355282623379,-0.08548366565704717,-0.016844193725866048,-0.0015766408729143053,-0.08077052966269746,-0.09520501161238204,3,0
dma10,top10,70433,0.005388962164251547,-0.053078530635307784,-0.06476323187106281,-0.04476532181987731,-0.05947292113909098,-0.07368631930924188,-0.05198554342607195,0,0
dma10,bot10,70432,0.003620517360265026,-0.029266533338556375,-0.040315078901072776,-0.02772661556582214,-0.030444966616455425,-0.06975661130204007,-0.0063190412502559775,2,1
dma10,top2,14087,0.008933630871344501,-0.05576328010116952,-0.07041321678068874,-0.053726845105754976,-0.05675324660173606,-0.06884530377227306,-0.07243150766160521,0,0
dma10,bot2,14086,0.0019756702955992795,-0.01389817589254123,0.011221738566469753,-0.0166254577056943,-0.012722136061711948,-0.07974438691014912,0.07004019624374226,3,1
dma20,top10,70432,0.003999258735455027,-0.055236295185802295,-0.07007023598110107,-0.04766171063493858,-0.061235218142735054,-0.07705782908416516,-0.05965335093074246,0,0
dma20,bot10,70431,0.006414458688942294,-0.020593292046840406,-0.047677917521540734,-0.013594509152104412,-0.02610355036560364,-0.08227671488047567,-0.007265967999051847,2,1
dma20,top2,14087,0.003178665652921756,-0.06031440428175843,-0.07007254376150762,-0.05558550627889772,-0.06267306731372045,-0.07211478818224522,-0.06727971607973587,0,0
dma20,bot2,14086,0.007606299317452042,-0.011107705989635671,0.006098402861546507,0.012808857984866742,-0.021427800566438237,-0.10683030340563159,0.08140774856692545,4,1
dma50,top10,70429,0.002585971512210363,-0.06864462081561061,-0.059301435928454126,-0.06162501278190367,-0.0738410734245018,-0.06775190250813223,-0.04733368738143661,0,0
dma50,bot10,70428,0.010459558930878457,-0.009911203790467133,-0.058015081173059535,-0.0029073218506790984,-0.015558823485893936,-0.09200311199227143,-0.015915690785684247,3,1
dma50,top2,14086,0.003042646746851964,-0.06852468877985192,-0.06619638102713343,-0.05725586066402145,-0.07352612643273691,-0.0739055931666859,-0.05661684698589822,0,0
dma50,bot2,14085,0.025303940604566456,0.015025065456255635,-0.015110999177310363,0.0166503449472971,0.014404924483214796,-0.1024566637956699,0.04395068238281255,5,1
dma100,top10,70425,0.004525994636863964,-0.06030611599642481,-0.06499404802251676,-0.06022565962968787,-0.060365371130512636,-0.06745691050411336,-0.06167166660965512,0,0
dma100,bot10,70424,0.016059085188916952,-0.003941011062650868,-0.06362563040805322,-0.004008111640275758,-0.003887587995135596,-0.08988944584027048,-0.0278666729019221,3,1
dma100,top2,14085,0.007595222656387168,-0.05547199944771497,-0.07921610510471729,-0.056143508307498,-0.05519350807748153,-0.08049107202265975,-0.0780145847215131,0,0
dma100,bot2,14084,0.04424634542965882,0.041562510856859206,-0.05705802631736946,0.021538828212138806,0.04909536000500983,-0.11329235175849439,-0.016216066325509437,4,1
dma200,top10,70308,0.005071118717123947,-0.05719994532744714,-0.06375650867993475,-0.06202070376153719,-0.05417891291465357,-0.06256582468160585,-0.0650373577861979,0,0
dma200,bot10,70307,0.016478403734805618,-0.009628728399581283,-0.06868183964634518,-0.00792980428402378,-0.010882740199784004,-0.0874132800477049,-0.043352711415791424,3,1
dma200,top2,14062,0.006333136807704679,-0.05691552078193091,-0.07904555028657721,-0.04381267675965132,-0.06036128396652177,-0.08732199522571911,-0.07434214208579541,0,0
dma200,bot2,14061,0.043042157781785106,0.03615236265121461,-0.0815458309082225,0.024066900674221934,0.041044988481045194,-0.11310389834843403,-0.05327730911711025,4,0
ma50_200,top10,70308,0.005777659534758513,-0.05067401427047022,-0.06612247214744418,-0.049727379729802054,-0.05123579895073665,-0.06968025405984882,-0.06265109824120528,0,0
ma50_200,bot10,70307,0.01267020591326071,-0.030718703983914235,-0.07347900890613226,-0.02257288044803192,-0.03707366321388273,-0.08515893174591856,-0.055717576309093145,1,0
ma50_200,top2,14062,0.009328949937195814,-0.04938428508693236,-0.07394359249464927,-0.04430200763305114,-0.050685838410762414,-0.07741091829370751,-0.07223203875258997,0,0
ma50_200,bot2,14061,0.029735297357061347,-0.00202443891880357,-0.10212416826952647,-0.0004824778395351884,-0.0027311310998123857,-0.10276687273150437,-0.10117004677346658,2,0
rsi2,top10,70433,0.000542036726192297,-0.06199814674626367,-0.06184927295131765,-0.051683080363374455,-0.0786451923854199,-0.07042729978180892,-0.04164992119969529,0,0
rsi2,bot10,70432,0.002683584179722333,-0.03762341297005229,-0.05263923699196344,-0.03738560808852962,-0.037932820366868784,-0.06709168238060081,-0.027517310483395573,0,1
rsi2,top2,14087,-0.0021552368127426245,-0.0729212119961622,-0.05812342951096057,-0.06473885341509368,-0.08852933542366176,-0.06199168173997731,-0.04760458421497123,0,0
rsi2,bot2,14086,-0.0037534197832137348,-0.03556338890633875,-0.043997951563293405,-0.03102352879273641,-0.04169049619226977,-0.06971592125442061,-0.0006118520215801558,1,1
rsi5,top10,70433,0.0009628475456311433,-0.060672852586054614,-0.067124354506978,-0.05252412449781161,-0.07455296327263389,-0.07310544170462063,-0.05228467862612956,0,0
rsi5,bot10,70432,0.002214130852985943,-0.03325586309842307,-0.05380409590553507,-0.03142691492966319,-0.035667088643359574,-0.07143340571599952,-0.023685292578985235,0,1
rsi5,top2,14087,-0.0017700714195359245,-0.07104950405190782,-0.061910526302286925,-0.06049785513468256,-0.09132346241318777,-0.06789679474141319,-0.045499035411911956,0,0
rsi5,bot2,14086,-0.005756426063392702,-0.027762193229793175,-0.04564629843192143,-0.022795326380024013,-0.0346978929750986,-0.07845453806810355,0.009736350907105307,2,1
rsi14,top10,70433,0.00029872697193313497,-0.06578050384828056,-0.06447644578881848,-0.05561326346188384,-0.08402240545161212,-0.07190933597291281,-0.045511385255709344,0,0
rsi14,bot10,70432,0.0038885697992522895,-0.020066957629942418,-0.05936109553271182,-0.014778403929632136,-0.027078893138411404,-0.08473983753574711,-0.01607759089615672,2,1
rsi14,top2,14087,-0.00035400694015648237,-0.06776508299566242,-0.058640921431808,-0.06009755991926865,-0.08420747009274164,-0.06703937929168273,-0.03300671471546982,0,2
rsi14,bot2,14086,-0.003865900689441659,-0.019794834574004237,-0.035061411833015546,-0.010882119819955648,-0.03129917950860883,-0.08552878342143579,0.04597808844624493,3,1
macdh,top10,70433,0.009797127762302002,-0.03298653182612355,-0.07931363012285807,-0.03090421833948317,-0.03475284817585722,-0.08751560708027693,-0.0661306954989905,1,0
macdh,bot10,70432,0.0016496274548751147,-0.03555051568379224,-0.040509993949457195,-0.02575975666686049,-0.04272366168729193,-0.0751991251800045,-0.0022811248923024882,0,1
macdh,top2,14087,0.018988330805225738,-0.017966364805569523,-0.08705077215275439,-0.03541087898541893,-0.00908902045376312,-0.0849123415791757,-0.090390413355914,1,0
macdh,bot2,14086,-0.0028442548063534858,-0.03174350146761105,0.01610898743717207,-0.009840644759986864,-0.04098262917339093,-0.08823978824409998,0.08422342205570846,1,1
bbpb,top10,70432,0.001416506282115771,-0.05939649388767738,-0.06680300728017605,-0.0542239295393888,-0.0672165847526078,-0.06978715775837745,-0.05999198181231184,0,0
bbpb,bot10,70431,0.0019138173961091413,-0.03241368834197611,-0.052281025174737754,-0.02775606525082916,-0.038102078810376604,-0.07380711281280239,-0.01793173704597038,0,1
bbpb,top2,14087,0.0018561074541888092,-0.05399263633865442,-0.06918200641734541,-0.05215369744388315,-0.056809544354494736,-0.06912912926742962,-0.06930543890692262,0,0
bbpb,bot2,14086,-0.0019186807318863578,-0.023484837971766006,-0.04997344956961187,-0.02625315072468036,-0.019931092774363945,-0.07351383621322063,-0.013124134584734852,1,1
bbw,top10,70432,0.011339777477239688,-0.0287339977671939,-0.05450379435845495,-0.020565246246895565,-0.03319429353002774,-0.08864404192298175,-0.01633823261198748,0,1
bbw,bot10,70431,0.0035395013454255345,-0.04293408526558668,-0.07359595875561556,-0.03593673076909188,-0.07264665066053515,-0.07987997033913342,-0.044528240826919405,0,0
bbw,top2,14087,0.028712695840865905,-0.005590020737684657,-0.0439042984648716,-0.00425084911957078,-0.005986830584958659,-0.10658583861208665,-0.005400222585317754,2,1
bbw,bot2,14086,0.0034321905647129503,-0.039402976524549015,-0.07742068675541731,-0.03146173954210639,-0.08467784997725708,-0.08370126805840111,-0.040541189013950776,1,0
atr14,top10,70432,0.01779258576825269,-0.011519776938071605,-0.05431411903770895,-0.0014814351524082647,-0.014808117689641607,-0.09604841788352025,-0.02519180663666636,2,1
atr14,bot10,70431,0.0037134157912910304,-0.039073051766153506,-0.07843146544664963,-0.03474614093374497,-0.07190607957993027,-0.08269449222985045,-0.04566471317407114,0,0
atr14,top2,14087,0.055303482183504594,0.046139861254062026,-0.060399838716570786,0.026638723493914298,0.0480371132452152,-0.1149641401008836,-0.05204849676240795,5,0
atr14,bot2,14086,0.0027402443970212294,-0.043168144415665084,-0.07583908344174818,-0.042321113011978405,-0.05193536309443661,-0.07536189227492908,-0.08102713570972385,1,0
hv20,top10,70432,0.017210623096494727,-0.01989230181184806,-0.05908082980190103,-0.017771402170039138,-0.02071553090140194,-0.09207005897770837,-0.030929174129104755,2,0
hv20,bot10,70431,0.0031149336058115566,-0.044318799598470564,-0.07341763924426507,-0.038615244912753054,-0.07698634626625102,-0.07900726740951985,-0.04043810736102119,0,0
hv20,top2,14087,0.053278706677598674,0.0419671287050676,-0.10332238770505575,-0.014153247335959664,0.05081246367480136,-0.09491736996213247,-0.10567593531232318,3,0
hv20,bot2,14086,0.0030985053431208495,-0.04454364040818458,-0.07798796785214189,-0.04102350087781343,-0.0746630432284295,-0.07979890916131191,-0.06176061667375381,0,0
hv20_60,top10,70428,0.0023761385994149286,-0.030424677794412082,-0.0403865847490883,-0.0141897564450529,-0.05094416966285703,-0.09125587062322352,0.05934834558617028,1,1
hv20_60,bot10,70427,0.007223399621875296,-0.056245515611860565,-0.0799083683720881,-0.05888789528477209,-0.051649102954597056,-0.0822474889963495,-0.07143985499467806,0,0
hv20_60,top2,14086,0.023277486811842118,-0.011654486035640062,-0.0019406554960092386,-0.04066879698193948,0.003519286485416295,-0.07465380180478022,0.07341846990270011,1,1
hv20_60,bot2,14085,0.005813229949307412,-0.07194724363255507,-0.08425029726575159,-0.07549589850525884,-0.0653140276798295,-0.08433653393764161,-0.08382972765053405,0,0
hv60_252,top10,70235,0.015647267542888938,-0.025647463316740175,-0.06622935128639343,-0.027175564317681034,-0.024415898230383683,-0.08811805909756755,-0.024144511645687216,2,1
hv60_252,bot10,70234,0.010114787351493274,-0.03614939448548135,-0.07658460662780248,-0.043346654451403066,-0.032677306727848965,-0.06810879121801615,-0.08326359305527543,0,0
hv60_252,top2,14047,0.05901399340361047,0.058764778947112364,-0.14197485400942209,-0.056551703251822474,0.06385643065499666,-0.054487855929751944,-0.15317579969271114,2,0
hv60_252,bot2,14046,0.01324664955874823,-0.023475159069042538,-0.08854202358938332,-0.03492542541540157,-0.019900159991171472,-0.0761291058580955,-0.09504212566495633,0,0
vr5_50,top10,70429,-0.001674747275745753,-0.044234401832195513,-0.04047488840127105,-0.03413828107862275,-0.056488808788227846,-0.07274500071595244,0.014959553730866772,0,1
vr5_50,bot10,70428,0.007211627578376638,-0.04188683973683786,-0.07643404112564585,-0.03582005608092374,-0.05117020658635645,-0.08688766192371915,-0.05096259972851561,0,0
vr5_50,top2,14086,-0.0058879537757926,-0.05794218616538588,-0.02305758574903176,-0.04440189799728415,-0.07870558489222677,-0.05937754724801937,0.060337936820027714,0,1
vr5_50,bot2,14085,0.008942819132391217,-0.03544538071930609,-0.08125920294120619,-0.032787795707276274,-0.039557932240906216,-0.09138425512942508,-0.05493406725183701,2,0
vr1_50,top10,70429,-0.0022299989336346878,-0.04708072163873469,-0.04052419835309215,-0.03931400183611698,-0.0562684793793883,-0.06828264992933744,0.00585589804239907,0,1
vr1_50,bot10,70428,0.007075404558460163,-0.042023316141611936,-0.0778762266754141,-0.03481956343990567,-0.053900608055189037,-0.08798302702175487,-0.05137673019269457,0,0
vr1_50,top2,14086,-0.004933475774700294,-0.049605897662771785,-0.033911006232848165,-0.046960265775349924,-0.05285031963440227,-0.05894973882555712,0.00947662640423246,0,1
vr1_50,bot2,14085,0.00833617314801511,-0.03552837965222576,-0.08741639481184671,-0.028517047387919013,-0.048585044734547854,-0.09736472311635842,-0.05648066690840291,2,0
hi52,top10,70236,0.0010528830068956988,-0.05894112717451541,-0.06661151850981742,-0.05002430830426402,-0.07919710922521508,-0.07434907297197507,-0.04411361106202978,0,0
hi52,bot10,70235,0.01747735933318358,-0.012757752199570503,-0.07231701920349216,-0.01607695518767913,-0.010220004157108333,-0.08395193196171499,-0.054898361126434585,2,0
hi52,top2,14048,0.00040484041120748083,-0.0635143391971896,-0.06411477584174452,-0.056910780098287476,-0.07857008390902229,-0.06954253270243546,-0.04893561853616839,0,1
hi52,bot2,14047,0.03440142069009486,0.009703414092909667,-0.08090606020193747,0.01083938656872834,0.009184953663821663,-0.09963396254588433,-0.06083477573844793,3,0
lo52,top10,70236,0.010697101846917384,-0.04441302538957344,-0.08098702827192514,-0.05411912222179057,-0.042102457310056206,-0.0745190290027228,-0.08380519500473277,0,1
lo52,bot10,70235,0.003747294134197317,-0.02559085909995868,-0.05968276602605377,-0.023927679462056338,-0.028338895876393815,-0.07401815284230302,-0.02954971444055254,2,1
lo52,top2,14048,0.01325500826501884,-0.04389730912373797,-0.08499639544803902,-0.05318569397257508,-0.042796901746741965,-0.08325519458772221,-0.0854823724045752,1,0
lo52,bot2,14047,0.004595307624196008,-0.020783943578133755,-0.05357607932957523,-0.020881851023836953,-0.02064357904015836,-0.07235963645142894,-0.018931858775516886,2,1
hi20,top10,70432,0.00145876643727599,-0.057207572421754074,-0.06925107871506932,-0.04950580397453206,-0.07363725801050969,-0.07569170104124187,-0.0512359415643756,0,0
hi20,bot10,70431,0.011341584533360122,-0.014899487623588547,-0.05292432853353565,-0.0020374183050904018,-0.023200068498314325,-0.09206430710157065,-0.010372560081223458,2,1
hi20,top2,14087,-7.013870547467999e-05,-0.0643877924747406,-0.06300098817924267,-0.058080277953954006,-0.0778607670577654,-0.0685401506731361,-0.0480197347299339,0,0
hi20,bot2,14086,0.026953232057687855,0.010165004568845856,-0.022857117251793943,0.03327124087116037,0.00237079042452578,-0.12098670912343107,0.03584497077484925,5,1
lo20,top10,70432,0.010749582551573985,-0.04153202136586676,-0.07534583341883352,-0.04066532035226977,-0.04203649863097468,-0.08376131619559793,-0.06466673356768893,0,0
lo20,bot10,70430,0.0049352960336132064,-0.030814698144849613,-0.06760052936972037,-0.022096124361059823,-0.04536790301611611,-0.08211010771004638,-0.03741093192995882,1,1
lo20,top2,14087,0.01753067478124589,-0.0375914847203986,-0.08267813818922345,-0.05150391797372755,-0.033869902566165476,-0.0742470131958138,-0.09010002894083724,0,0
lo20,bot2,14086,0.005794958909610537,-0.014781426413377624,-0.07294907609210638,-0.003947088412692295,-0.029463303941475703,-0.09335159489493544,-0.038299238195435945,3,1
clv,top10,70433,-0.0009990713341736736,-0.05937396801443238,-0.05129752049305048,-0.041603119715766405,-0.08407670749342903,-0.07186883032570263,-0.010183199984129728,0,2
clv,bot10,70409,0.007955435915063825,-0.027321522907276418,-0.07234517860400057,-0.025681168720654998,-0.029223112351844507,-0.08169480071905741,-0.05668446144873213,0,0
clv,top2,14128,-0.005582293615746379,-0.06780455376067238,-0.037432088759366204,-0.04092100783745111,-0.11238116527927047,-0.06794687616456291,0.03441128036569977,0,2
clv,bot2,14086,0.010852382071674436,-0.01010766819441415,-0.08508144886056161,1.8258578798104722e-06,-0.022069211529071937,-0.10493548924109374,-0.05076334584901368,3,1
updays10,top10,44257,0.0012104411886041358,-0.058999496823226735,-0.06655712137735253,-0.05099815596955298,-0.07353891613257267,-0.07400486984033597,-0.04768720779028818,0,0
updays10,bot10,97368,0.0029467659207103028,-0.0319510574347237,-0.056915519616349323,-0.02642462553175948,-0.038529491829373146,-0.0781137974603538,-0.022665320017810398,0,1
updays10,top2,8669,0.0002004339208501574,-0.06463964439748397,-0.06318213502653633,-0.058505489785176425,-0.07743642119638826,-0.06834447164267227,-0.04899160241049144,0,0
updays10,bot2,4750,-0.0006408583536792198,-0.024827023576800993,-0.05678911470583149,-0.01715049019398482,-0.03561303883620093,-0.08817467714957268,-0.0022640625247476497,1,1
rs5,top10,70433,0.005804704298314803,-0.04762253538809484,-0.061230202427321426,-0.044245467155025725,-0.050439015922335295,-0.07265437546802767,-0.04515630016935592,0,1
rs5,bot10,70432,0.007902033909522927,-0.03159275177817974,-0.05660709125188588,-0.034252864482157495,-0.029321636973430803,-0.07023951140118968,-0.0374311889530111,0,1
rs5,top2,14087,0.008141523981002628,-0.053047599492376384,-0.0547084949094425,-0.0461070148799114,-0.05702394380306842,-0.07310481511310657,-0.03201606435518627,0,1
rs5,bot2,14086,0.015859535843897134,-0.010213675838252407,-0.049498777153672784,-0.03492498405543174,0.005540429516666384,-0.0690855819866409,-0.026834342414517588,2,1
rs21,top10,70433,0.004760255548417717,-0.051594314898570665,-0.06605361933128204,-0.0462368953331844,-0.05624642189291837,-0.07737776195891322,-0.04922880781588439,0,0
rs21,bot10,70432,0.008640326417565045,-0.03388233699929718,-0.06042202619592871,-0.027790706304691205,-0.039888087827346354,-0.0765657439752852,-0.03448452190981333,1,1
rs21,top2,14087,0.00524950518769496,-0.05772355317807239,-0.06641475063852356,-0.051250659988319736,-0.061280760787356774,-0.07592452391994026,-0.05473626403318456,0,0
rs21,bot2,14086,0.016963279857006672,-0.017541965450843144,-0.05946828070304346,-0.019988802906270402,-0.01547398074264081,-0.08338047525183145,-0.02156414559188568,2,1
rs63,top10,70433,0.006064079076241729,-0.0479514100247577,-0.07091203774428441,-0.04532594171679068,-0.05012244547356814,-0.08050857344912873,-0.057516570607594956,0,0
rs63,bot10,70432,0.009886984462088383,-0.03284330801793672,-0.062364185181346524,-0.0313008646676547,-0.034333225803340056,-0.07587554147891848,-0.041212186554965,1,0
rs63,top2,14087,0.007903305119003617,-0.051620647981091755,-0.07720222590442448,-0.06055337605211035,-0.0471466702843244,-0.07944581882421432,-0.07485123476617912,0,0
rs63,bot2,14086,0.02631735331881887,-0.010170435952869488,-0.060368594808251415,-0.03579618578715537,0.011228867908226458,-0.07077017036380281,-0.04046183259806415,2,0
xrank21,top10,70533,0.003121826006289936,-0.05494822749624418,-0.06187050917657811,-0.05412373637361055,-0.05615566622520797,-0.06867776342623436,-0.04577388940586943,0,0
xrank21,bot10,70532,0.0064466604325554315,-0.03992636168729523,-0.06532333937510885,-0.034551377094287586,-0.047530985876608006,-0.07355911529895229,-0.04686603788780749,0,0
xrank21,top2,14173,0.0034548519209774246,-0.05778010977263697,-0.06038360241449246,-0.056337211487546446,-0.05994585757799784,-0.06871129696841567,-0.036501826184672834,0,1
xrank21,bot2,14106,0.009366134710941158,-0.03787538810910618,-0.06937390161658555,-0.03282546450036084,-0.04531174362831205,-0.07461175308571313,-0.056228770243650965,0,0
xrank126,top10,70374,0.0037313073785969204,-0.050370047143218744,-0.06371968143102431,-0.04455760433247517,-0.058693796285864304,-0.07500936643249957,-0.03759850560843771,0,0
xrank126,bot10,70446,0.006930267667387757,-0.040185164008161134,-0.06556649347340537,-0.0397753757768482,-0.04075604438244899,-0.06936686925166434,-0.0575046747379162,0,0
xrank126,top2,14033,0.0038136714912482645,-0.05081471738058275,-0.06925059179653947,-0.0448650146979181,-0.05970806851939954,-0.07796762221480885,-0.04465991282164938,0,0
xrank126,bot2,13979,0.011881053587463448,-0.033110082076117334,-0.07300928552511042,-0.03117824056438718,-0.03585770902608807,-0.07836227814553362,-0.06062268496571284,1,0
spy5,top10,70482,0.006319610156081611,-0.046445621447473606,-0.06666093109467763,-0.012970831296220437,-0.06239621589988697,-0.08806201412234192,-0.04959539748718332,2,1
spy5,bot10,70407,0.0022115653437822696,-0.02575043282146506,-0.04154735651653601,-0.013295333751735045,-0.03216776004628335,-0.07614125774471665,-0.017004007262472517,3,1
spy5,top2,14041,0.01589447556083655,-0.02885733516409168,-0.0818385899873298,0.056086655969678094,-0.04425816815191549,-0.1437172633281644,-0.060591369126485425,3,1
spy5,bot2,14003,-0.0076822366034135035,-0.02097037169541833,0.00711680017851382,0.07503252014810888,-0.05599364890500139,-0.1559482136008533,0.09087050654520391,3,2
spy21,top10,70489,0.002202832792250212,-0.0657495365579759,-0.06325098252460411,-0.06915413290884018,-0.06436312070752515,-0.04547922104466687,-0.07581214204587075,0,1
spy21,bot10,70273,0.00793547335294828,-0.006786948580035696,-0.05263080396336246,0.016784578881508225,-0.01863369748919559,-0.09741945140317369,-0.021242320226874965,3,1
spy21,top2,14180,-0.005713683719686548,-0.0904791869496668,-0.06015138285981871,0.005078889898912684,-0.10437292994865252,-0.14104960579447826,-0.03133043152019381,1,1
spy21,bot2,13962,0.039529521915133224,0.05364951929283223,-0.038298955030052775,0.3010048873801776,0.035936528393646326,-0.3032011383578494,-0.005243139190243268,4,1
spy_dma200,top10,70610,0.0070992911551086,-0.057799795893656386,-0.06473353554283685,-0.2776544599330921,-0.050443848320414916,0.23728925223642786,-0.08123890186258083,0,1
spy_dma200,bot10,70518,0.014432988951627352,-0.011181965192692819,-0.05937885861936945,0.047880401920941514,-0.026143591753976556,-0.13188010669998554,-0.03340835662623445,4,1
spy_dma200,top2,14209,0.00916865458573487,-0.05351257061299251,-0.08321339638879008,,-0.05351257061299251,,-0.08321339638879008,0,0
spy_dma200,bot2,14267,0.056914183392400966,0.11696116261144393,-0.14606440541026497,0.32366323869880925,0.10971819230165014,-0.3170981021001229,-0.1358821715010098,3,0
spy_dma50,top10,70574,0.0034863152430186324,-0.07200491719936013,-0.05360806701208515,-0.08915494595847435,-0.066055414885212,-0.03658531848703966,-0.06545908259040709,0,1
spy_dma50,bot10,70503,0.007098993288044048,-0.008132090757108624,-0.052224939485720476,0.03133291708335516,-0.025880470146785867,-0.11123756705803349,-0.015667467335455966,3,1
spy_dma50,top2,13910,0.0028908301444209162,-0.09955003528035643,0.027318972857836472,,-0.09955003528035643,,0.027318972857836472,0,1
spy_dma50,bot2,13966,0.03825068393521314,0.05590285121436654,-0.03932759643986109,0.258884389602459,0.04078620794927395,-0.2755617015526622,-0.006374310264590443,3,1
vix,top10,70452,0.015991964924309272,0.014752506859082129,-0.06826053678278197,0.16891417517039256,0.007142930035469834,-0.2183762659303745,-0.055694520438928696,3,1
vix,bot10,70758,0.007136002174609845,-0.01700054705376147,-0.09274532886101916,-0.01700054705376147,,-0.09274532886101916,,0,0
vix,top2,14275,0.009833814850239724,-0.011444721779945377,0.12871751383772756,,-0.011444721779945377,,0.12871751383772756,0,1
vix,bot2,14251,0.012870853783073448,0.016828684838012642,-0.11853187755376889,0.016828684838012642,,-0.11853187755376889,,2,0
vix_chg5,top10,70415,-0.0010335064769496864,-0.027824356973660362,-0.052633315120907985,-0.0077251517697907515,-0.05459511913071533,-0.08129518169949103,-0.0013081315018287848,3,1
vix_chg5,bot10,70364,0.012444111658447582,-0.021283096559533456,-0.08724554892346936,-0.024097277297136694,-0.016884856484144006,-0.08869190051032486,-0.08366742465727377,3,0
vix_chg5,top2,13893,-0.02445424245911313,-0.06823367719204967,0.027346297553543956,-0.014877286511443186,-0.10844965910998723,-0.08101398369797536,0.1352498442160158,3,2
vix_chg5,bot2,13940,0.025177170571486003,0.023754900939617216,-0.11331623870720452,0.025611270967553182,0.020831478173052382,-0.125678724912926,-0.08052749640154691,3,1
vix_rel,top10,70546,0.0058582068935948235,-0.004172877675975825,-0.04913364276346318,0.0001617763323467091,-0.009200842744568312,-0.08911081561471487,0.01666835019023087,4,1
vix_rel,bot10,70452,0.006747930775476907,-0.055937696165248574,-0.07518061970073606,-0.05428783010428915,-0.05853158197455979,-0.08178689388080239,-0.053232730876656725,1,1
vix_rel,top2,14005,-0.05344418722754134,-0.10388858550879734,0.16257254970237006,0.05759664507469217,-0.14352391111221496,-0.14477516555998135,0.277756665626294,1,1
vix_rel,bot2,13928,0.01595293063753312,-0.05024305155451798,-0.07701990580886114,-0.08504946014872113,-0.026599537445554808,-0.06332893087726947,-0.14141819530190344,0,0
