target,year,K,n,r,base,hit,wk_pos
opt_call,2018,5,125,-0.08627374818925128,-0.06575969435267488,0.144,0.36
opt_call,2018,10,250,-0.05874261058266591,-0.06575969435267488,0.156,0.4
opt_call,2018,25,625,-0.05589024318506282,-0.06575969435267488,0.1648,0.32
opt_call,2019,5,125,-0.0033316061396469446,-0.028977385382468784,0.144,0.44
opt_call,2019,10,250,0.0040888877760450375,-0.028977385382468784,0.152,0.52
opt_call,2019,25,625,0.0018010777730970234,-0.028977385382468784,0.1648,0.48
opt_call,2020,5,125,-0.00546348066360986,-0.03426707963759745,0.24,0.4
opt_call,2020,10,250,-0.0011784344624202153,-0.03426707963759745,0.252,0.4
opt_call,2020,25,625,-0.003027416736880535,-0.03426707963759745,0.2384,0.4
opt_call,2021,5,130,-0.05102741219458233,-0.03751362084561949,0.13846153846153847,0.4230769230769231
opt_call,2021,10,260,-0.04233860848095846,-0.03751362084561949,0.15,0.38461538461538464
opt_call,2021,25,650,-0.040846699937323656,-0.03751362084561949,0.15538461538461537,0.2692307692307692
opt_call,2022,5,115,-0.05725620405517774,-0.09332059506282966,0.23478260869565218,0.43478260869565216
opt_call,2022,10,230,-0.06664746185151613,-0.09332059506282966,0.21739130434782608,0.43478260869565216
opt_call,2022,25,575,-0.07731130928854671,-0.09332059506282966,0.21043478260869566,0.30434782608695654
opt_put,2018,5,125,-0.051376752644694566,-0.03206214746521851,0.096,0.32
opt_put,2018,10,250,-0.04448314006304945,-0.03206214746521851,0.108,0.28
opt_put,2018,25,625,-0.034150975651608975,-0.03206214746521851,0.1488,0.24
opt_put,2019,5,125,-0.08688920200479308,-0.09289863728346055,0.064,0.24
opt_put,2019,10,250,-0.08143721148126049,-0.09289863728346055,0.064,0.2
opt_put,2019,25,625,-0.07757662761103785,-0.09289863728346055,0.0608,0.28
opt_put,2020,5,125,-0.04351817500218621,-0.012324803599174356,0.12,0.36
opt_put,2020,10,250,-0.043737115481969485,-0.012324803599174356,0.128,0.24
opt_put,2020,25,625,-0.05312343524889986,-0.012324803599174356,0.1168,0.2
opt_put,2021,5,130,-0.11727360600791512,-0.08029333256753245,0.05384615384615385,0.15384615384615385
opt_put,2021,10,260,-0.09233743442098614,-0.08029333256753245,0.06538461538461539,0.11538461538461539
opt_put,2021,25,650,-0.09497977638535149,-0.08029333256753245,0.06615384615384616,0.11538461538461539
opt_put,2022,5,115,-0.020970694881633088,-0.024973733841726152,0.17391304347826086,0.43478260869565216
opt_put,2022,10,230,-0.020523019528393447,-0.024973733841726152,0.16956521739130434,0.43478260869565216
opt_put,2022,25,575,-0.015552769267493518,-0.024973733841726152,0.1582608695652174,0.4782608695652174
