n,r,t,hit,disc,val,yrs,lag,thr,vol,side
3773,-0.041448103094547786,-5.248329620638969,0.14206201961304002,-0.052690625826934005,-0.026794387567292237,0,1,0.03,,call
2639,-0.061154948626122314,-8.257115617236256,0.0989010989010989,-0.06006318705031765,-0.06325383909743669,0,1,0.03,,put
2280,-0.0410259070466786,-6.060619381601549,0.14956140350877192,-0.04859360623096781,-0.025740157038677193,0,1,0.03,2.0,call
2059,-0.05684819884765856,-7.76800699466477,0.1010199125789218,-0.05748521619050495,-0.055352502842666365,1,1,0.03,2.0,put
2198,-0.04467546643188592,-4.647962235435087,0.13967242948134667,-0.05767622610524445,-0.028547103004284164,0,1,0.05,,call
1535,-0.06210542071787752,-6.658339495640805,0.09315960912052117,-0.061720570747004,-0.06286987951216132,0,1,0.05,,put
1543,-0.041530691654724325,-4.743936016412902,0.14387556707712248,-0.05279955696247586,-0.020836580547290918,1,1,0.05,2.0,call
1343,-0.05937318644438861,-6.2299358446057855,0.09381980640357408,-0.060079400607975626,-0.0577433276481299,0,1,0.05,2.0,put
1266,-0.05451225927499192,-5.306261073826935,0.1382306477093207,-0.06633419756260038,-0.040350562367960946,0,1,0.07,,call
887,-0.06184952523841545,-4.745416481487245,0.08680947012401354,-0.0672225758601249,-0.051066996533154496,0,1,0.07,,put
986,-0.055538902395917716,-5.130272277222946,0.13691683569979715,-0.06754804264175623,-0.03474745460187597,0,1,0.07,2.0,call
830,-0.058839389250213626,-4.400463264596512,0.0891566265060241,-0.06422104827739658,-0.04684059305342049,2,1,0.07,2.0,put
567,-0.040202887244486465,-3.3326693548984845,0.14285714285714285,-0.05297130247545973,-0.026452286226515274,1,1,0.1,,call
373,-0.06514077436324979,-5.485409774837937,0.07238605898123325,-0.061454685662676416,-0.07330736743262359,0,1,0.1,,put
479,-0.04574930349690082,-3.1745307243345913,0.1440501043841336,-0.05146593305671263,-0.037842721319648664,1,1,0.1,2.0,call
354,-0.06274035495443617,-5.226032771108455,0.07344632768361582,-0.0586769402273047,-0.07277937957440803,1,1,0.1,2.0,put
3778,-0.03622774524756941,-4.475930105042967,0.14266807834833245,-0.0483086527967173,-0.020341944021790393,1,2,0.03,,call
2666,-0.06001682780373969,-7.2665888950485895,0.0986496624156039,-0.061675908043906304,-0.056815349889747825,0,2,0.03,,put
2286,-0.03896138414070471,-4.385889019320107,0.14348206474190725,-0.043992810251728416,-0.028657023465328165,0,2,0.03,2.0,call
2076,-0.057391896977003955,-7.231777463000509,0.09730250481695568,-0.06012309996666686,-0.050933509356391064,1,2,0.03,2.0,put
2205,-0.042608525417697385,-5.033095425893014,0.1328798185941043,-0.05736326529824176,-0.02402904251483976,1,2,0.05,,call
1554,-0.060332228354161736,-6.6325675699277555,0.09137709137709138,-0.06227208588616262,-0.05648602330510816,0,2,0.05,,put
1549,-0.04225273989857743,-4.7352993126215,0.13363460296965785,-0.05326696143374741,-0.021613846112822906,0,2,0.05,2.0,call
1352,-0.059591118559793196,-6.491138447891446,0.08801775147928995,-0.0615316370503819,-0.055085492089015975,0,2,0.05,2.0,put
1269,-0.049380157735853435,-5.146579859156839,0.12687155240346729,-0.06768819355405539,-0.02700010694582723,1,2,0.07,,call
894,-0.059226469531052414,-5.3975285699502,0.08612975391498881,-0.06292378262638511,-0.051905789602293716,1,2,0.07,,put
990,-0.05570165013555355,-4.568026079935223,0.1191919191919192,-0.07125520843679041,-0.028123492139242777,1,2,0.07,2.0,call
832,-0.05904340123622763,-5.375686218240711,0.08173076923076923,-0.06239058803505872,-0.05159655928844061,2,2,0.07,2.0,put
566,-0.03884833185637225,-3.7506953746610066,0.1254416961130742,-0.05898579009436689,-0.016297395477494335,1,2,0.1,,call
382,-0.05919043297045368,-4.3456812122494215,0.06806282722513089,-0.059908055536064965,-0.057661073404396836,1,2,0.1,,put
480,-0.04525980565284338,-3.2558293372665497,0.12083333333333333,-0.060961901415902936,-0.022702987881544616,1,2,0.1,2.0,call
362,-0.058859891776504934,-4.24888644892595,0.06353591160220995,-0.057138291552732805,-0.06301771873203006,1,2,0.1,2.0,put
3773,-0.03728751917551157,-5.201251504111215,0.1261595547309833,-0.04242044897096183,-0.0304878894403187,0,5,0.03,,call
2623,-0.059534392925142995,-7.816787618307075,0.09264201296225696,-0.06848067088374857,-0.04193532350204898,1,5,0.03,,put
2288,-0.045861137431703454,-5.436913367739685,0.11582167832167832,-0.040613157647775726,-0.05664436959120249,0,5,0.03,2.0,call
2048,-0.054031359344539565,-6.809748747427236,0.0966796875,-0.06547860632747238,-0.02691945859548816,2,5,0.03,2.0,put
2205,-0.04743401235451367,-4.2264228026292585,0.11700680272108843,-0.05114477311504318,-0.04270948705631372,0,5,0.05,,call
1527,-0.061221124252441896,-7.479998267620174,0.0825147347740668,-0.06706126064673414,-0.04943697552008541,1,5,0.05,,put
1554,-0.05320454125436632,-5.15655884779996,0.1048906048906049,-0.049485722332233494,-0.06018765678592686,0,5,0.05,2.0,call
1331,-0.05645357581892052,-6.870895471615426,0.08414725770097671,-0.063388597036766,-0.04048409767956418,2,5,0.05,2.0,put
1271,-0.05798584217410391,-4.952129409790618,0.10700236034618411,-0.06431607115584194,-0.05020077109305416,0,5,0.07,,call
868,-0.06146286907194292,-5.538886352983295,0.0748847926267281,-0.06980007873394059,-0.04413802913601866,2,5,0.07,,put
994,-0.0690079272092746,-5.771017591189274,0.0925553319919517,-0.06867759002720898,-0.06959222835303967,0,5,0.07,2.0,call
811,-0.05811855677120137,-5.202864427715872,0.07644882860665844,-0.06709397862882308,-0.03750427486243605,2,5,0.07,2.0,put
569,-0.05909691835326776,-3.661967309815336,0.09666080843585237,-0.06383215547753579,-0.05377861098608613,0,5,0.1,,call
362,-0.053424962341195224,-3.8017100236525088,0.06906077348066299,-0.05536760757951544,-0.04891588669628683,2,5,0.1,,put
483,-0.07122919998461041,-4.02657134659114,0.07867494824016563,-0.07049221725185885,-0.07229000846357103,0,5,0.1,2.0,call
344,-0.050758788558939893,-3.562152735622176,0.06686046511627906,-0.05182047377042378,-0.04801610176260651,2,5,0.1,2.0,put
