delta,dte,target,hold,n,hit20,avg_s20,hit30,avg_s30,avg_call,avg_put,cost,y2016,y2017,y2018,y2019,y2020,y2021,y2022
0.5,30,0.2,10,7946,0.2933551472438963,-0.09784850964998228,0.3419330480745029,-0.11206279315596288,-0.09902702409450877,-0.12533696083881007,5.768018070262484,-0.13082457131510802,-0.15262612528768163,-0.12229658971131394,-0.09266237456641342,-0.08361288613117147,-0.11784682971057885,-0.07846936434431091
0.5,30,0.2,20,7946,0.29914422350868364,-0.09930464060309468,0.3550213944122829,-0.11753531350388005,-0.10422991138644734,-0.13108404530189574,5.768018070262484,-0.137433698478709,-0.16426162743005035,-0.12962963700791189,-0.09607754290768125,-0.09319786045969196,-0.11792464252947724,-0.07876440926869084
0.5,30,0.3,10,7946,0.23659702995217718,-0.10166776147981617,0.2763654669015857,-0.11833807557686297,-0.10046513149161994,-0.13653788071725906,5.768018070262484,-0.13121680208656242,-0.1653656348332426,-0.11824414520663637,-0.09709144420718449,-0.08703537688000013,-0.13326771138317228,-0.08962122155681145
0.5,30,0.3,20,7946,0.24528064434935817,-0.10438505235108678,0.29385854517996474,-0.12557175318275463,-0.10740313482661724,-0.14407263989592572,5.768018070262484,-0.14064991837647764,-0.18136735744431895,-0.12847972748110245,-0.09986554247103846,-0.10045347679599982,-0.13105827723884594,-0.0910468453564703
0.5,45,0.2,10,7974,0.2891898670679709,-0.09237975006082069,0.33646852269877103,-0.10434947342078506,-0.09134404540090266,-0.11757198749259268,6.807836118111454,-0.12522717993627194,-0.14059772817433128,-0.11115966712183153,-0.07079247393160186,-0.08143120743969634,-0.10764063851824607,-0.08370162471188936
0.5,45,0.2,20,7974,0.29984951091045897,-0.0951054635556642,0.3614246300476549,-0.1129961069087204,-0.09936620816007838,-0.1268535153481592,6.807836118111454,-0.13620992860773556,-0.1563748211161348,-0.12065528982751621,-0.07510483005286286,-0.09625461244350111,-0.10982147971539966,-0.08682215915102673
0.5,45,0.3,10,7974,0.23150238274391774,-0.09430839287566986,0.26987710057687486,-0.10785958049099718,-0.09315799748834337,-0.1228065616924813,6.807836118111454,-0.1225462583104935,-0.1476817156532294,-0.11069131836677372,-0.0773418319868269,-0.08041146341348501,-0.11745072590718064,-0.08993009679198619
0.5,45,0.3,20,7974,0.24868322046651617,-0.09805064925255703,0.30285929270127915,-0.11860100868695889,-0.10284771361582357,-0.13461725709008585,6.807836118111454,-0.13324807487064128,-0.16664885082945385,-0.12269748724807043,-0.08090675412752855,-0.0991623033461139,-0.12183020189407695,-0.09724880019535086
0.5,60,0.2,10,7983,0.28435425278717275,-0.08781205769199131,0.32794688713516223,-0.09816771587377457,-0.08277740101817042,-0.11380287664753606,7.853734142347757,-0.11139581389839145,-0.1253192886495728,-0.10555932281967466,-0.07130761213989888,-0.06607564774468797,-0.10267312249372607,-0.09483143620922346
0.5,60,0.2,20,7983,0.3020167856695478,-0.09152768745281593,0.36540147814104973,-0.10650649799357781,-0.08926961687820419,-0.12401760221760512,7.853734142347757,-0.1248185594176593,-0.14004877632624502,-0.11517358585234953,-0.07474895933367023,-0.07718270817799122,-0.10473634906126099,-0.09773687765117076
0.5,60,0.3,10,7983,0.22410121508204936,-0.08759350501126086,0.2570462232243517,-0.09893520735688682,-0.08416215095422623,-0.11394328965686248,7.853734142347757,-0.1104351130812143,-0.12674626889478224,-0.10390943456332356,-0.070501958049055,-0.06584956056213517,-0.1082611989943156,-0.0967124798946893
0.5,60,0.3,20,7983,0.2495302517850432,-0.09264756623003581,0.30377051233871977,-0.10959014898057245,-0.09310153692141494,-0.12634107986794388,7.853734142347757,-0.12212963067679028,-0.14008067522945178,-0.11794546659467316,-0.07286010951779746,-0.0849036449687071,-0.11658577253260868,-0.10296352478801216
0.5,90,0.2,10,7992,0.2784034034034034,-0.0814038063253158,0.3148148148148148,-0.08824535772308088,-0.07645002518023589,-0.10023112954007879,9.380759667993377,-0.09613385272362886,-0.11089005561367964,-0.09663741971872358,-0.06129054624352783,-0.059841235903337724,-0.09325754364767956,-0.09095031369314223
0.5,90,0.2,20,7992,0.3053053053053053,-0.08650874668639709,0.37024524524524527,-0.09738332587480686,-0.08411818001586066,-0.11086264159625875,9.380759667993377,-0.1042805148807061,-0.12760433858262005,-0.10894884441966586,-0.06129404572961224,-0.07274180147492743,-0.09869179552358659,-0.09930828890136188
0.5,90,0.3,10,7992,0.20633133133133133,-0.08239923576182431,0.23135635635635635,-0.0894196329646972,-0.07737167080273888,-0.10166211318376081,9.380759667993377,-0.09537006364627074,-0.11074283625127762,-0.10049398887168316,-0.061708994493417726,-0.0541983215990018,-0.09851578754283828,-0.09573015353587704
0.5,90,0.3,20,7992,0.2436186186186186,-0.08941476945442416,0.2987987987987988,-0.099453602618419,-0.0863564172454018,-0.11276224608020338,9.380759667993377,-0.09938856991210719,-0.12060173886444744,-0.11909926586833725,-0.06511326398994101,-0.07008253810574738,-0.11196737335437233,-0.10347869070205444
0.6,30,0.2,10,7947,0.29784824462061155,-0.08963739812349052,0.34226752233547253,-0.10363201789163572,-0.08580421953777038,-0.12175385504098474,7.419826581526883,-0.12085702042870164,-0.1398729431070719,-0.11452085627063861,-0.08424181808909863,-0.07865677318106934,-0.10391659545265007,-0.07728904388174804
0.6,30,0.2,20,7947,0.30929910658109977,-0.09143397476768633,0.36416257707310934,-0.10955260859511493,-0.0908505532492011,-0.12856312209821838,7.419826581526883,-0.1285993756244975,-0.15509049395387192,-0.12081720337593796,-0.08838058636359766,-0.08812712048727434,-0.10497486151244578,-0.07538160275231302
0.6,30,0.3,10,7947,0.23228891405561847,-0.09271614571405078,0.2670190008808355,-0.10786312711547177,-0.08751053025173294,-0.1285514049729033,7.419826581526883,-0.1205450498075184,-0.142487165673664,-0.12097744608217738,-0.0847561240536048,-0.08094681806539596,-0.11324920675271176,-0.08630785680865392
0.6,30,0.3,20,7947,0.24927645652447464,-0.0961017875482194,0.2953315716622625,-0.11645493884662855,-0.09580204878341884,-0.1374484627220962,7.419826581526883,-0.12965859947816671,-0.16201464737422935,-0.13411503926412122,-0.08945980991934885,-0.09638062037967826,-0.11579141022280559,-0.0838175750041546
0.6,45,0.2,10,7970,0.2887076537013802,-0.08423106797804461,0.33237139272271016,-0.09373867595045896,-0.07703728676345852,-0.11070194832653224,8.61373628195452,-0.10810032555113991,-0.12282438331390681,-0.10458497946188876,-0.0648248424636619,-0.07124022154054414,-0.09647833982111811,-0.08016563391103705
0.6,45,0.2,20,7970,0.3099121706398996,-0.08660636431398651,0.3737766624843162,-0.102407275382339,-0.0823861921595613,-0.12274229567133124,8.61373628195452,-0.11685961895326816,-0.1410745308509886,-0.11365491720308463,-0.07016779260241932,-0.08399413733612951,-0.10118816497105507,-0.0826478310978391
0.6,45,0.3,10,7970,0.2205771643663739,-0.08674323892441926,0.25244667503136764,-0.0974033417339786,-0.07924029484568905,-0.11585119107726913,8.61373628195452,-0.10842824749706854,-0.12332843120001348,-0.11336294690646558,-0.07139193896522969,-0.07323690784706693,-0.10241881564077004,-0.08339035230316237
0.6,45,0.3,20,7970,0.25094102885821834,-0.09154297526044984,0.3043914680050188,-0.10999651283269761,-0.08760470160134942,-0.13273943491289342,8.61373628195452,-0.12126448580915186,-0.14755378567401864,-0.1281905191950794,-0.07470720634993944,-0.09103262755468353,-0.11294510217792084,-0.08840283066780878
0.6,60,0.2,10,7973,0.2788160040135457,-0.08091503909346756,0.31782265144863914,-0.08602817905631477,-0.06969211891573646,-0.10266614613113667,9.769476422774597,-0.09471364915537,-0.10702501569692821,-0.09039145772672268,-0.06487515322315003,-0.06057481404630329,-0.09331902200011881,-0.08374063474892558
0.6,60,0.2,20,7973,0.3080396337639533,-0.08460410071671859,0.3733851749655086,-0.09472635558413335,-0.07448926659431553,-0.11533744647173769,9.769476422774597,-0.10848870807324301,-0.11919439239625856,-0.10082048767124856,-0.06404496769139037,-0.07543766122187934,-0.09567539359658189,-0.09026210072009684
0.6,60,0.3,10,7973,0.20556879468205191,-0.08408457494520323,0.23253480496676282,-0.08995414138147531,-0.07113600957418843,-0.10912005132089686,9.769476422774597,-0.10179472277535874,-0.10746538999300119,-0.10120486118026731,-0.06347353155378523,-0.05747749132676961,-0.09801578073759995,-0.09064127009257217
0.6,60,0.3,20,7973,0.2441991722061959,-0.09046068358492529,0.2995108491157657,-0.10159648815285947,-0.07854242222904143,-0.12507661656083924,9.769476422774597,-0.11709886162426214,-0.12088615452533864,-0.11317328359283806,-0.06483116534373211,-0.07842768549271564,-0.10997410062053507,-0.09661866658948727
0.6,90,0.2,10,7945,0.26066708621774703,-0.0746259540275539,0.29150409062303334,-0.07630488508909442,-0.06358936947591556,-0.0893873193090887,11.616330751518122,-0.0861637767406132,-0.08774426341582885,-0.08185401883525778,-0.05694820823760815,-0.05159698654046016,-0.08383401484231634,-0.07798450198789877
0.6,90,0.2,20,7945,0.30333543108873506,-0.08020852081712725,0.3706733794839522,-0.08438198614799992,-0.06756571958034778,-0.10168350249148066,11.616330751518122,-0.09706945110503855,-0.09669711585020997,-0.0918778317966266,-0.05943416182203406,-0.06281164905494821,-0.09377033871963977,-0.08068923482576468
0.6,90,0.3,10,7945,0.1801132787916929,-0.07626853575409888,0.20037759597230964,-0.07731863064610361,-0.06274439608127574,-0.09231341896624955,11.616330751518122,-0.08554592016338326,-0.08401755371478496,-0.0865270195998772,-0.05581135330008115,-0.049065757850652245,-0.08797019438278725,-0.08395927646718554
0.6,90,0.3,20,7945,0.23398363750786658,-0.08364380232706203,0.2884833228445563,-0.08778859969713342,-0.06853517174137885,-0.10759760409798509,11.616330751518122,-0.09326054832702697,-0.09119843953651259,-0.10460211157702884,-0.06278683802194203,-0.06339489500671941,-0.10396798166203783,-0.08926793327848227
0.7,30,0.2,10,7922,0.29916687705124967,-0.07772126828465002,0.338803332491795,-0.0865859501193111,-0.06498305720407216,-0.10876359383096468,8.978027306937644,-0.0990544589794506,-0.10514661713915345,-0.09664751226111658,-0.06844954819105395,-0.06328031419585377,-0.0935028778379596,-0.07347014430687342
0.7,30,0.2,20,7922,0.3167129512749306,-0.08142402218996601,0.3740217116889674,-0.0932425086399361,-0.07071150767711668,-0.11637295296426314,8.978027306937644,-0.11075629810567957,-0.1189449335455676,-0.10321896395792868,-0.06947081429799598,-0.07115149175934744,-0.0985827033429016,-0.07271615216862133
0.7,30,0.3,10,7922,0.22734158040898764,-0.08007802013631449,0.2535975763696036,-0.09137507210195735,-0.06777458912851901,-0.11560345229443827,8.978027306937644,-0.10001332440567798,-0.10829830172728312,-0.10204751616585776,-0.076263005193511,-0.06668673198954128,-0.0963560350221379,-0.08413463888426043
0.7,30,0.3,20,7922,0.253092653370361,-0.08415357337406461,0.29676849280484724,-0.09972217281578889,-0.07614413245566257,-0.12392751330317363,8.978027306937644,-0.11015949595794808,-0.1221854210756043,-0.11524746978043614,-0.08020635723029235,-0.08063436103941855,-0.10054893332837045,-0.0841370593786505
0.7,45,0.2,10,7891,0.28171334431630973,-0.07469607315791192,0.31846407299455076,-0.07928889292989302,-0.05967356772529798,-0.09970059932329627,10.315464597633055,-0.09015119781427744,-0.09340942691370166,-0.09001157094809377,-0.05635068381188566,-0.05661473767323655,-0.08772253673765931,-0.07300549682595393
0.7,45,0.2,20,7891,0.3170700798377899,-0.07855828429752927,0.38436193131415536,-0.08736228699904021,-0.06257499911561841,-0.11315593748853836,10.315464597633055,-0.10069032294739988,-0.10944881470012771,-0.1008862197534867,-0.058305577382309653,-0.06628182473124673,-0.09646039151347968,-0.07165104384464674
0.7,45,0.3,10,7891,0.20669116715245217,-0.07682532783454493,0.23064250411861614,-0.0825184756107193,-0.06112179328694438,-0.10478386213020996,10.315464597633055,-0.09227785312029266,-0.09293407768081471,-0.09445963728851334,-0.060539379837984214,-0.05799922049907692,-0.08914648126345333,-0.0821656720866757
0.7,45,0.3,20,7891,0.2540869344823216,-0.08208330873535757,0.30705867443923457,-0.09306407674838246,-0.06673617212391536,-0.1204608929389321,10.315464597633055,-0.10420931295637667,-0.11118965338679936,-0.10800053677998352,-0.06507380861459539,-0.07160521652861387,-0.09953722821158108,-0.08414085771972736
0.7,60,0.2,10,7821,0.26518348037335376,-0.072336369788222,0.29804372842347526,-0.07181811255076351,-0.053562506149781974,-0.0912047675950961,11.539397763743985,-0.08439604910541272,-0.08055555275000757,-0.07912999269491164,-0.05354725635887557,-0.04483399452344509,-0.07864442100279197,-0.07203659424840367
0.7,60,0.2,20,7821,0.3119805651451221,-0.07717433677453756,0.38281549673954735,-0.07825069813694537,-0.05319822186620922,-0.10485533151910335,11.539397763743985,-0.09281562650891412,-0.08990476015625228,-0.09443178840346798,-0.05461701439683532,-0.054579206500358496,-0.08343760264011339,-0.06926380166774965
0.7,60,0.3,10,7821,0.18271320802966373,-0.07456774759473637,0.20355453266845672,-0.07379056644902864,-0.05204742788327954,-0.0968808280210923,11.539397763743985,-0.08805098122992687,-0.08077347658103777,-0.08599622917903613,-0.050644172617285696,-0.0416681429362739,-0.08096146798644913,-0.07708572822064542
0.7,60,0.3,20,7821,0.24216852064953331,-0.08038382979360897,0.29778800664876615,-0.08155929201819846,-0.05350200393107367,-0.11135490404428298,11.539397763743985,-0.09324871731257948,-0.09223228327282638,-0.09651794078454327,-0.05275241264677139,-0.05573587775980797,-0.09429318778838146,-0.07705795009955017
0.7,90,0.2,10,7652,0.23405645582854157,-0.06772307433315977,0.25692629377940407,-0.06575507412731793,-0.05287580028540458,-0.0800851330955429,13.32308393734616,-0.080764758477357,-0.07004597884206556,-0.07359336224366955,-0.04560126242159801,-0.03323392313579765,-0.07178733670065375,-0.07251370187352923
0.7,90,0.2,20,7652,0.30188186095138525,-0.07171151068746603,0.36461055933089387,-0.06985789679574884,-0.053318118035781854,-0.08826079806650172,13.32308393734616,-0.08582305700547263,-0.0751176735052337,-0.08253502898244992,-0.04457847098019224,-0.03804521908612769,-0.07618293835770006,-0.07386265527220164
0.7,90,0.3,10,7652,0.15263983272347098,-0.0667025643684263,0.1666231050705698,-0.06426995551972789,-0.04930156933816705,-0.08092445477751094,13.32308393734616,-0.08027480018777824,-0.065929094902076,-0.07417811585254336,-0.04333182826693925,-0.029020847194651256,-0.07047705405714617,-0.07306260452184847
0.7,90,0.3,20,7652,0.23013591217982227,-0.07080291953613833,0.27535284892838474,-0.06871860851272066,-0.04961755831514053,-0.08997129550781949,13.32308393734616,-0.08120301934713864,-0.07038863548672145,-0.08547152135748791,-0.04260464115885035,-0.036533763158971395,-0.07702698805672206,-0.07603557297616999
0.8,30,0.2,10,7724,0.290523045054376,-0.06949239556194117,0.32742102537545315,-0.07084517015817701,-0.0493920787192154,-0.09394805566854035,10.750343345013425,-0.08032701011153798,-0.07996502136614239,-0.08157913395371769,-0.055367126312130054,-0.043684642312883666,-0.07981994115495095,-0.0675288362263384
0.8,30,0.2,20,7724,0.3203003625064733,-0.0730400087449332,0.37998446400828584,-0.07528570548479836,-0.05235299378154597,-0.09998199759867998,10.750343345013425,-0.0887749845806127,-0.08836072732049838,-0.08587536502854537,-0.05773776856939492,-0.04866965723283616,-0.08501456910562176,-0.06428918397459958
0.8,30,0.3,10,7724,0.20585189021232522,-0.07169274987308395,0.22799067840497153,-0.07407953508367408,-0.05098049820623692,-0.09895494317567084,10.750343345013425,-0.08306763329696794,-0.083545946172388,-0.0858008938851308,-0.05970194408217688,-0.04593904987784018,-0.07938309265658403,-0.07325277777224476
0.8,30,0.3,20,7724,0.24689280165717245,-0.07526294897727859,0.28909891248058,-0.07838297421104305,-0.05532008628480045,-0.1032194534109897,10.750343345013425,-0.08696640594077197,-0.0927787731990437,-0.09221722047276322,-0.0632793629961103,-0.05233640338881142,-0.08342270700198445,-0.07091910628312315
0.8,45,0.2,10,7546,0.26875165650675853,-0.06603024992460493,0.2989663397826663,-0.06434089078393249,-0.045894458360518045,-0.08519337961040101,11.97191206356476,-0.07635732133727653,-0.07019481859363978,-0.07617904940246222,-0.045869501938689106,-0.036850350169362785,-0.07245394058014377,-0.06283432821219163
0.8,45,0.2,20,7546,0.32639809170421413,-0.06970998967229242,0.3962364166445799,-0.06786630474386725,-0.04405801734936179,-0.09478002092896037,11.97191206356476,-0.08426943409127573,-0.07557655081516532,-0.08186557739478069,-0.04565794518899401,-0.03826464298363293,-0.07912508599095876,-0.05937817325217141
0.8,45,0.3,10,7546,0.18526371587596077,-0.06628312216333443,0.20447919427511263,-0.0649065742527247,-0.04586984546387231,-0.08642635462273174,11.97191206356476,-0.07799319517863529,-0.07012194017108339,-0.07618024432600548,-0.0462289955751844,-0.0338631805860477,-0.06937893935298692,-0.06920565907442608
0.8,45,0.3,20,7546,0.2537768354094885,-0.07022671792284933,0.3045322024913862,-0.06929790263694602,-0.04431032589174373,-0.09754472852282683,11.97191206356476,-0.08259080189286327,-0.07839154524378245,-0.084526818975701,-0.050333724396477056,-0.03589821097821864,-0.0754133692615406,-0.06679360848590048
0.8,60,0.2,10,7300,0.24178082191780823,-0.06398866833592948,0.2650684931506849,-0.0617910447467912,-0.044294825801237676,-0.08294002952364031,13.069307195951719,-0.07430485937540592,-0.06745084924140075,-0.06775145014421663,-0.04301431157935367,-0.032285262900859174,-0.06458228482545925,-0.07034349811223921
0.8,60,0.2,20,7300,0.3165753424657534,-0.06729182853215664,0.38273972602739725,-0.06375931442234485,-0.03851452529586524,-0.09427457389595635,13.069307195951719,-0.07894528006634498,-0.06770855924319724,-0.07638707460766832,-0.0437284484467241,-0.0320005534517601,-0.06728543754587958,-0.06683601494971522
0.8,60,0.3,10,7300,0.15794520547945207,-0.06247373803305688,0.17095890410958905,-0.06027274051457662,-0.04251112218143014,-0.08174253332574763,13.069307195951719,-0.07105960280426156,-0.06615051748733503,-0.07040170906216686,-0.04072687282354312,-0.02847838652530113,-0.0615267597790264,-0.07072377570264725
0.8,60,0.3,20,7300,0.2380821917808219,-0.06659054005705205,0.2841095890410959,-0.06383732984137316,-0.038280630894399925,-0.09472961797848606,13.069307195951719,-0.0736580380891267,-0.06798725924598967,-0.07804411333748365,-0.04533323313823798,-0.031444602802745907,-0.07056326223092103,-0.06836396132800332
0.8,90,0.2,10,6910,0.20839363241678727,-0.05716264333659953,0.22301013024602026,-0.05445438518341104,-0.04305457578057549,-0.06993027792100322,14.552494015959182,-0.0628160695512757,-0.057087751797370696,-0.06550489187194442,-0.03826730589864973,-0.017370246876108848,-0.05865719262156599,-0.06760548919265473
0.8,90,0.2,20,6910,0.3005788712011577,-0.05907954312469899,0.3507959479015919,-0.054036275255178956,-0.038408202602231295,-0.0752522769904498,14.552494015959182,-0.06268461356283078,-0.0526038581047068,-0.07023020949362266,-0.032470509563382634,-0.014193610266482647,-0.062309485224594896,-0.06945474925451772
0.8,90,0.3,10,6910,0.12011577424023155,-0.05566660155746524,0.12778581765557165,-0.052625417001189875,-0.040982195600014294,-0.06843175543697207,14.552494015959182,-0.06134485627657741,-0.05497185250343914,-0.06071260772078193,-0.036479650701122066,-0.013477835419576607,-0.05760125651761377,-0.0690948224319737
0.8,90,0.3,20,6910,0.21678726483357452,-0.057506869988433386,0.25253256150506515,-0.051831304393059566,-0.03588363253697074,-0.07348118031096385,14.552494015959182,-0.05901518394576769,-0.052115122412976944,-0.06654779691772518,-0.028987721580521708,-0.007032896157107059,-0.06116174907270118,-0.0724846844881426
