signal,delta,dte,n,avg,win,avg_win,avg_loss,worst,hit30,yrs_pos,yrs,t,days
up200,0.5,45,136,0.06252858889657777,0.5514705882352942,0.34605850589096093,-0.2860737680637294,-0.5496265449454353,0.4117647058823529,6,7,2.09067978187372,6.661764705882353
up200,0.5,60,126,0.07929568246395484,0.5952380952380952,0.3096403301960421,-0.25944644655382054,-0.48046121277526155,0.3968253968253968,5,7,2.8032889464107136,7.2936507936507935
up200,0.5,90,111,0.06767053427586119,0.5765765765765766,0.2620053416538758,-0.1969555864090948,-0.4012351283902196,0.3153153153153153,5,7,2.5858550846550976,8.504504504504505
up200,0.6,45,131,0.05707747978885409,0.5725190839694656,0.31235402776017374,-0.28481075410130624,-0.5629497830602639,0.3893129770992366,6,7,1.9804921213368671,7.076335877862595
up200,0.6,60,123,0.07741292587535102,0.6178861788617886,0.28573746897876107,-0.25945229275995035,-0.5206705035186892,0.3821138211382114,6,7,2.872186302390217,7.617886178861789
up200,0.6,90,109,0.05862022538692694,0.5871559633027523,0.23090994033339615,-0.1864140358702737,-0.4096556149003463,0.27522935779816515,5,7,2.4759976664886607,8.596330275229358
up200,0.7,45,122,0.03371724015303343,0.5819672131147541,0.26379354605758115,-0.28658506806702316,-0.5856182564544944,0.3360655737704918,6,7,1.2154278246568795,7.557377049180328
up200,0.7,60,112,0.03733805474015199,0.5803571428571429,0.2342828093429207,-0.23503235056154942,-0.48192045599988653,0.2767857142857143,5,7,1.46805807307008,8.383928571428571
up200,0.7,90,102,0.03906248385769061,0.5784313725490197,0.18979574117797782,-0.16775756688409885,-0.42985204497393326,0.17647058823529413,5,7,1.8125323763784897,9.166666666666666
up200_50,0.5,45,125,0.06019740474559995,0.544,0.347355093072466,-0.28237667957417006,-0.5496265449454353,0.408,5,7,1.9270525911087486,6.704
up200_50,0.5,60,117,0.0733663310148977,0.5811965811965812,0.3087932898130113,-0.2533486322151375,-0.48046121277526155,0.38461538461538464,5,7,2.5051657390540014,7.222222222222222
up200_50,0.5,90,103,0.06006269414572256,0.5631067961165048,0.25702100032429986,-0.1937946782622215,-0.4012351283902196,0.30097087378640774,5,7,2.2237653226731955,8.427184466019417
up200_50,0.6,45,122,0.05024701686786322,0.5573770491803278,0.3127894593392448,-0.2803619847627654,-0.5629497830602639,0.38524590163934425,5,7,1.683755965684521,7.016393442622951
up200_50,0.6,60,114,0.07012996248382383,0.6052631578947368,0.2831674239980068,-0.25652747850459,-0.5206705035186892,0.3684210526315789,6,7,2.504165112179459,7.56140350877193
up200_50,0.6,90,100,0.05456478313035507,0.58,0.22510785073262862,-0.18094707212992747,-0.4096556149003463,0.26,5,7,2.2344056806291324,8.65
up200_50,0.7,45,113,0.035268712699399137,0.584070796460177,0.26325410903551416,-0.2848809927938688,-0.5856182564544944,0.336283185840708,5,7,1.2270714545645987,7.495575221238938
up200_50,0.7,60,104,0.03656774524759885,0.5769230769230769,0.23537061990333635,-0.2345270838284069,-0.48192045599988653,0.27884615384615385,4,7,1.380744072390686,8.26923076923077
up200_50,0.7,90,93,0.034938457262083104,0.5698924731182796,0.18017233733883653,-0.1574964338396152,-0.42985204497393326,0.16129032258064516,5,7,1.612958241530402,9.32258064516129
