signal,delta,dte,exit,n,avg,win,avg_win,avg_loss,worst,hit30,yrs_pos,yrs,t,days
rsi2<10,0.6,30,target30,50,-0.0012596488116742367,0.54,0.32643553219300947,-0.38594529607804207,-0.5985999745073388,0.44,2,7,-0.023816735847201315,5.14
rsi2<10,0.6,30,rsi70,53,0.01611440069811902,0.6226415094339622,0.20926306469635297,-0.30258089489896706,-0.5684698585636956,0.1509433962264151,3,7,0.4145664682126353,3.207547169811321
rsi2<10,0.6,60,target30,45,-0.0009420028639562039,0.5333333333333333,0.2796914815311318,-0.321665985029771,-0.5439606366271699,0.28888888888888886,3,7,-0.01905003320236268,7.888888888888889
rsi2<10,0.6,60,rsi70,50,-0.002816827473010133,0.64,0.12227888503011905,-0.22520920525635088,-0.4651575867572809,0.0,4,7,-0.09967001072903682,3.78
rsi2<10,0.8,30,target30,48,0.035392917729780225,0.5625,0.3190696465059335,-0.3293343049824168,-0.5592180982972774,0.4166666666666667,4,7,0.7193277514751403,6.770833333333333
rsi2<10,0.8,30,rsi70,53,0.028548069540056318,0.7358490566037735,0.14808189952045936,-0.3044390282624949,-0.5592180982972774,0.018867924528301886,3,7,0.9208319667918164,3.4339622641509435
rsi2<10,0.8,60,target30,45,0.020000102151763743,0.5777777777777777,0.22778697404012696,-0.2643398278007333,-0.424336380644589,0.24444444444444444,2,7,0.4936858002070557,8.577777777777778
rsi2<10,0.8,60,rsi70,49,-0.004321308782429552,0.7142857142857143,0.09052954104557548,-0.24144843335244212,-0.4100957902492943,0.0,3,7,-0.16926566910782861,3.877551020408163
rsi2<5,0.6,30,target30,29,-0.06093402079721607,0.4827586206896552,0.3199360135516995,-0.41641271952287057,-0.5684698585636956,0.3793103448275862,2,7,-0.8328949801579307,5.413793103448276
rsi2<5,0.6,30,rsi70,30,-0.008084031853518666,0.6333333333333333,0.19102196354440829,-0.3519943875408471,-0.5684698585636956,0.1,3,7,-0.15139690494416227,3.1666666666666665
rsi2<5,0.6,60,target30,28,-0.032004510443317424,0.4642857142857143,0.3018185554318987,-0.321317834201838,-0.5116291966334954,0.32142857142857145,2,7,-0.4976781959196613,7.142857142857143
rsi2<5,0.6,60,rsi70,29,-0.02070074054536265,0.5862068965517241,0.1328670583892808,-0.2382551223694409,-0.41950240735675115,0.0,4,7,-0.5223199911716603,3.5517241379310347
rsi2<5,0.8,30,target30,29,-0.015861172191170475,0.4827586206896552,0.32235301697396634,-0.33152774874529817,-0.4743492962778578,0.3448275862068966,3,7,-0.2449197432045642,6.137931034482759
rsi2<5,0.8,30,rsi70,30,-0.010079169206346291,0.6666666666666666,0.15358415391536454,-0.337405815449768,-0.4743492962778578,0.0,3,7,-0.21974483357082616,3.2333333333333334
rsi2<5,0.8,60,target30,26,-0.017428976414798784,0.5384615384615384,0.24047945736904083,-0.31832214916261165,-0.4447770900622249,0.2692307692307692,2,7,-0.2914538438640386,8.0
rsi2<5,0.8,60,rsi70,28,-0.03390600876437624,0.6785714285714286,0.0948307291938514,-0.3056835666761902,-0.4447770900622249,0.0,3,7,-0.8617312952167339,3.7142857142857144
below_bb,0.6,30,target30,24,0.02702120573271431,0.5833333333333334,0.3158122925394773,-0.37728631579675387,-0.5024223172374186,0.5,4,7,0.36406866704407914,4.291666666666667
below_bb,0.6,30,rsi70,25,0.01974489202556281,0.64,0.2217076597020552,-0.33930002828820144,-0.5024223172374186,0.2,2,7,0.3315155645234567,3.04
below_bb,0.6,60,target30,23,-0.03404535956225894,0.43478260869565216,0.27355329845120424,-0.2706597118803076,-0.46059998485222364,0.2608695652173913,2,7,-0.529340000384029,7.217391304347826
below_bb,0.6,60,rsi70,25,-0.0012055680400635494,0.56,0.15360428240344778,-0.19823628678635066,-0.394455867613105,0.0,4,7,-0.02831887393242858,3.64
below_bb,0.8,30,target30,23,0.04373990803750782,0.6521739130434783,0.2286795541080123,-0.3030219283446881,-0.4743492962778578,0.30434782608695654,3,7,0.7449832445146859,7.086956521739131
below_bb,0.8,30,rsi70,25,0.06338288997435212,0.76,0.1657984609122586,-0.2609330846623517,-0.4743492962778578,0.04,4,7,1.4506394145594945,3.64
below_bb,0.8,60,target30,23,0.025600538599832752,0.6521739130434783,0.18910588684542212,-0.2809719893606474,-0.5209805930060132,0.2608695652173913,3,7,0.46495819761127066,8.956521739130435
below_bb,0.8,60,rsi70,25,0.040953281688864945,0.72,0.10602627002804335,-0.12637725975473668,-0.3365349119907405,0.0,5,7,1.5083452439689133,3.96
3down,0.6,30,target30,52,0.015701370326058485,0.5384615384615384,0.35485701859795865,-0.37998021932449166,-0.5985999745073388,0.5192307692307693,3,7,0.29923967599442103,4.788461538461538
3down,0.6,30,rsi70,58,0.026167965454887046,0.6206896551724138,0.21578395191844618,-0.28411273966730055,-0.4904092272387095,0.1896551724137931,3,7,0.7188571496257701,2.7586206896551726
3down,0.6,60,target30,45,-0.002727725866736493,0.4888888888888889,0.31538330446082674,-0.3070078418322318,-0.5439606366271699,0.3111111111111111,3,7,-0.05486011710486278,7.177777777777778
3down,0.6,60,rsi70,54,0.004222222794865817,0.5925925925925926,0.13522717646886198,-0.18633043709458316,-0.3892141007067066,0.0,3,7,0.16042542916063968,3.4074074074074074
3down,0.8,30,target30,48,0.0013988367979668643,0.5,0.32051664515419565,-0.31771897155826195,-0.5592180982972774,0.3958333333333333,3,7,0.02884763891785868,6.458333333333333
3down,0.8,30,rsi70,57,0.027386074525868914,0.6842105263157895,0.14919104730186175,-0.2365246998221156,-0.5592180982972774,0.017543859649122806,3,7,0.9800078242942314,3.0526315789473686
3down,0.8,60,target30,43,-0.0032138017496395783,0.5116279069767442,0.21059222275096792,-0.22720106551218072,-0.424336380644589,0.18604651162790697,3,7,-0.08272822120884869,8.720930232558139
3down,0.8,60,rsi70,54,0.011156579550485353,0.6666666666666666,0.09549688760903259,-0.15752403656660915,-0.4100957902492943,0.0,3,7,0.5273525279359301,3.5925925925925926
every5_uptrend,0.6,30,target30,167,0.03008730831965365,0.5389221556886228,0.35576634911567945,-0.3505765055977791,-0.633001151074952,0.46706586826347307,4,7,1.0444702758839943,5.029940119760479
every5_uptrend,0.6,30,rsi70,252,0.00860759998301338,0.6150793650793651,0.1423644855343638,-0.20512762950625793,-0.5353050730908571,0.06746031746031746,3,7,0.6369407002333317,2.0198412698412698
every5_uptrend,0.6,60,target30,123,0.07741292587535102,0.6178861788617886,0.28573746897876107,-0.25945229275995035,-0.5206705035186892,0.3821138211382114,6,7,2.872186302390217,7.617886178861789
every5_uptrend,0.6,60,rsi70,235,0.013743053480375394,0.6510638297872341,0.09476034399785373,-0.13742335443638298,-0.49998172064931923,0.0,6,7,1.4059180968679008,2.404255319148936
every5_uptrend,0.8,30,target30,126,0.03229675693601946,0.5714285714285714,0.2735483923020601,-0.2893720902187014,-0.553986450356683,0.3492063492063492,5,7,1.1702098500098166,7.285714285714286
every5_uptrend,0.8,30,rsi70,242,0.007804667406458317,0.6528925619834711,0.098739039225452,-0.16323855577688695,-0.6012520115908945,0.004132231404958678,2,7,0.7140794662476265,2.21900826446281
every5_uptrend,0.8,60,target30,103,0.034516336384059806,0.5922330097087378,0.18797183290271702,-0.1883595037977995,-0.5041882842115225,0.18446601941747573,5,7,1.5316370147171463,9.029126213592233
every5_uptrend,0.8,60,rsi70,230,0.0034955608733241604,0.6478260869565218,0.06397420799180199,-0.10775528382609802,-0.4996684030538072,0.0,3,7,0.42840323540122505,2.473913043478261
