date,why,ret,days
2016-03-14,day10,0.0423118957136428,10
2016-04-05,target,0.3148610510936434,6
2016-04-19,stop,-0.32825333701174664,8
2016-05-03,day10,-0.25464064277720266,10
2016-05-24,target,0.34725956628991983,9
2016-06-08,stop,-0.3268372340797825,7
2016-06-22,stop,-0.46828629688499435,3
2016-06-29,target,0.46702254125811704,6
2016-07-14,day10,-0.04104324093642653,10
2016-08-04,day10,0.17393769417656735,10
2016-08-25,stop,-0.36235654280734797,10
2016-09-16,day10,0.12345834492044072,10
2016-10-07,day10,-0.2378666499274581,10
2016-10-28,target,0.3015257779379479,9
2016-11-11,target,0.3265618312669718,7
2016-11-28,target,0.42717013887200284,7
2016-12-12,day10,-0.17082850818663442,10
2017-01-04,day10,-0.16653365498602657,10
2017-01-26,day10,0.0831958821536094,10
2017-02-16,target,0.6539351237006787,8
2017-03-03,day10,-0.2764058021732261,10
2017-03-24,day10,0.03785282761341202,10
2017-04-17,day10,0.1559591283570263,10
2017-05-08,day10,-0.06136136702925832,10
2017-05-30,target,0.3318470183399278,3
2017-06-06,day10,-0.12963880833257402,10
2017-06-27,day10,0.21142674667089412,10
2017-07-19,day10,-0.027971609795527708,10
2017-08-09,stop,-0.33627587765689004,7
2017-08-23,day10,0.12253410642626306,10
2017-09-14,day10,-0.16175274763272507,10
2017-10-05,day10,0.12282985075579611,10
2017-10-26,day10,0.16920007803497605,10
2017-11-16,target,0.36015787336127225,7
2017-12-01,day10,0.011585173836914597,10
2017-12-22,target,0.44594192271524413,7
2018-01-09,target,0.4495717762526883,3
2018-01-17,target,0.3290686687107065,4
2018-01-24,target,0.3464441697533227,2
2018-01-31,stop,-0.34457979900278457,6
2018-02-14,target,0.4059250534626855,7
2018-03-01,target,0.46066204993978666,6
2018-03-15,stop,-0.3074245777760285,4
2018-03-22,stop,-0.394455867613105,6
2018-04-06,target,0.44818467878253854,7
2018-04-20,stop,-0.3725679392924569,8
2018-05-04,target,0.4576324140025969,4
2018-05-11,day10,-0.15268819528969124,10
2018-06-04,target,0.3123348789862612,5
2018-06-18,stop,-0.3016898539622972,9
2018-07-02,target,0.3555664075727294,4
2018-07-10,day10,0.15499757041836215,10
2018-07-31,day10,0.16634180133271315,10
2018-08-21,target,0.4324010037711128,6
2018-09-05,day10,-0.02659496182984178,10
2018-09-26,stop,-0.3342437436265313,10
2018-10-17,stop,-0.3165136926760056,4
2018-11-07,stop,-0.36005258048425404,3
2019-02-13,day10,0.15491479420415155,10
2019-03-07,target,0.3540536445784441,4
2019-03-14,target,0.3015869889267322,5
2019-03-28,target,0.3931559020648845,2
2019-04-04,day10,0.07958425217476273,10
2019-04-26,stop,-0.3249984752380203,10
2019-05-17,stop,-0.37296730370647735,6
2019-06-10,target,0.43386743791203,8
2019-06-24,day10,0.11594832218395945,10
2019-07-16,day10,0.02377171788062271,10
2019-08-06,day10,-0.06298577243958303,10
2019-08-27,target,0.5291848737425087,6
2019-09-11,day10,-0.25690019642304174,10
2019-10-02,target,0.4206976147140391,9
2019-10-16,target,0.329740268849366,8
2019-10-30,target,0.3078687324438225,3
2019-11-06,target,0.36001140810276766,7
2019-11-20,target,0.3316800433938074,5
2019-12-05,target,0.3362439337251646,5
2019-12-19,day10,0.16841766976235006,10
2020-01-13,target,0.3273853927450301,4
2020-01-21,stop,-0.3320435438706839,8
2020-02-04,target,0.30167722371891115,4
2020-02-11,stop,-0.5206705035186892,9
2020-02-26,stop,-0.43270650591678617,8
2020-05-29,target,0.539287411306058,5
2020-06-12,day10,-0.257394132079495,10
2020-07-06,day10,0.10371167121215352,10
2020-07-27,target,0.38006995467231475,8
2020-08-10,day10,0.25482487125553566,10
2020-08-31,target,0.3080763242793556,2
2020-09-08,stop,-0.3796117006782832,9
2020-09-22,target,0.30777565847978194,9
2020-10-06,target,0.3091023318854069,3
2020-10-13,day10,-0.298924278195818,10
2020-11-03,target,0.35799883196381055,4
2020-11-10,day10,0.1905691802373719,10
2020-12-02,day10,0.07975808947229601,10
2020-12-23,target,0.35809365888451894,9
2021-01-08,day10,0.04806116323952825,10
2021-02-01,day10,0.2407469154196593,10
2021-02-23,day10,-0.09897653159937347,10
2021-03-16,stop,-0.30015127991443014,5
2021-03-30,target,0.46031596607027825,3
2021-04-07,target,0.40967900703114446,6
2021-04-21,day10,-0.06890041204071551,10
2021-05-12,day10,0.13040551002950918,10
2021-06-03,day10,0.021995622853746344,10
2021-06-24,target,0.3791562255080434,6
2021-07-09,day10,0.1514591362355615,10
2021-07-30,day10,0.12404986088483505,10
2021-08-20,day10,0.24550085888788664,10
2021-09-13,stop,-0.3222566156669566,7
2021-09-27,stop,-0.30275369515458883,3
2021-10-04,target,0.40802107772874274,9
2021-10-18,target,0.3152849565951974,5
2021-11-01,target,0.3776085605314523,4
2021-11-08,day10,-0.09449635774237519,10
2021-11-30,day10,-0.01183381226325897,10
2021-12-21,target,0.3949995301175271,3
2021-12-29,stop,-0.30500559423793494,6
2022-01-12,stop,-0.3169328291559579,3
2022-01-20,stop,-0.3167898013125853,5
2022-02-03,day10,-0.28703063311851396,10
2022-03-25,day10,-0.26906425367328013,10
