ticker_raw,cik,filing_date,accepted
XOM,34088,2026-05-01,2026-05-01T10:31:52.000Z
XOM,34088,2026-01-30,2026-01-30T11:31:24.000Z
XOM,34088,2025-10-31,2025-10-31T10:31:49.000Z
XOM,34088,2025-08-01,2025-08-01T10:32:05.000Z
XOM,34088,2025-05-02,2025-05-02T10:31:37.000Z
XOM,34088,2025-01-31,2025-01-31T11:31:20.000Z
XOM,34088,2024-11-01,2024-11-01T10:32:12.000Z
XOM,34088,2024-08-02,2024-08-02T10:31:19.000Z
XOM,34088,2024-04-26,2024-04-26T10:31:49.000Z
XOM,34088,2024-02-02,2024-02-02T11:31:50.000Z
XOM,34088,2023-10-27,2023-10-27T10:31:48.000Z
XOM,34088,2023-07-28,2023-07-28T10:32:19.000Z
XOM,34088,2023-04-28,2023-04-28T10:32:24.000Z
XOM,34088,2023-01-31,2023-01-31T11:32:51.000Z
XOM,34088,2022-10-28,2022-10-28T10:32:12.000Z
XOM,34088,2022-07-29,2022-07-29T10:31:59.000Z
XOM,34088,2022-04-29,2022-04-29T10:02:06.000Z
XOM,34088,2022-02-01,2022-02-01T12:25:00.000Z
XOM,34088,2021-10-29,2021-10-29T11:30:10.000Z
XOM,34088,2021-07-30,2021-07-30T11:28:29.000Z
XOM,34088,2021-04-30,2021-04-30T11:28:42.000Z
XOM,34088,2021-02-02,2021-02-02T12:27:16.000Z
XOM,34088,2020-10-30,2020-10-30T11:28:31.000Z
XOM,34088,2020-07-31,2020-07-31T12:39:10.000Z
XOM,34088,2020-05-01,2020-05-01T11:33:38.000Z
XOM,34088,2020-01-31,2020-01-31T12:28:47.000Z
XOM,34088,2019-11-01,2019-11-01T11:28:11.000Z
XOM,34088,2019-08-02,2019-08-02T11:28:30.000Z
XOM,34088,2019-04-26,2019-04-26T11:58:29.000Z
XOM,34088,2019-02-26,2019-02-26T21:54:04.000Z
XOM,34088,2019-02-01,2019-02-01T12:58:33.000Z
XOM,34088,2018-11-02,2018-11-02T11:55:40.000Z
XOM,34088,2018-07-27,2018-07-27T12:01:05.000Z
XOM,34088,2018-04-27,2018-04-27T12:00:25.000Z
XOM,34088,2018-02-09,2018-02-09T20:24:11.000Z
XOM,34088,2018-02-02,2018-02-02T13:00:27.000Z
XOM,34088,2017-10-27,2017-10-27T12:00:26.000Z
XOM,34088,2017-07-28,2017-07-28T12:00:23.000Z
XOM,34088,2017-04-28,2017-04-28T12:00:37.000Z
XOM,34088,2017-02-23,2017-02-23T17:52:41.000Z
XOM,34088,2017-01-31,2017-01-31T13:00:27.000Z
XOM,34088,2016-10-28,2016-10-28T12:00:38.000Z
XOM,34088,2016-07-29,2016-07-29T12:00:31.000Z
XOM,34088,2016-04-29,2016-04-29T12:00:38.000Z
XOM,34088,2016-03-08,2016-03-08T18:48:51.000Z
XOM,34088,2016-02-19,2016-02-19T20:05:23.000Z
XOM,34088,2016-02-02,2016-02-02T13:00:40.000Z
XOM,34088,2015-10-30,2015-10-30T12:06:39.000Z
XOM,34088,2015-07-31,2015-07-31T12:00:32.000Z
XOM,34088,2015-04-30,2015-04-30T12:00:40.000Z
XOM,34088,2015-03-23,2015-03-23T16:21:46.000Z
XOM,34088,2015-03-10,2015-03-10T16:35:58.000Z
XOM,34088,2015-02-24,2015-02-24T16:08:51.000Z
XOM,34088,2015-02-02,2015-02-02T13:00:24.000Z
BLK,1364742,2024-07-15,2024-07-15T10:44:03.000Z
BLK,1364742,2024-04-12,2024-04-12T10:26:27.000Z
BLK,1364742,2024-01-12,2024-01-12T11:55:43.000Z
BLK,1364742,2023-10-13,2023-10-13T10:38:58.000Z
BLK,1364742,2023-07-14,2023-07-14T10:40:11.000Z
BLK,1364742,2023-04-14,2023-04-14T10:29:43.000Z
BLK,1364742,2023-01-13,2023-01-13T13:03:07.000Z
BLK,1364742,2022-10-13,2022-10-13T11:29:29.000Z
BLK,1364742,2022-07-15,2022-07-15T11:42:55.000Z
BLK,1364742,2022-04-13,2022-04-13T11:44:09.000Z
BLK,1364742,2022-01-14,2022-01-14T13:29:08.000Z
BLK,1364742,2021-10-13,2021-10-13T11:50:31.000Z
BLK,1364742,2021-07-14,2021-07-14T11:43:01.000Z
BLK,1364742,2021-04-15,2021-04-15T11:44:13.000Z
BLK,1364742,2021-01-14,2021-01-14T12:49:47.000Z
BLK,1364742,2020-10-13,2020-10-13T11:48:05.000Z
BLK,1364742,2020-07-17,2020-07-17T11:43:23.000Z
BLK,1364742,2020-04-16,2020-04-16T10:46:08.000Z
BLK,1364742,2020-01-15,2020-01-15T15:13:54.000Z
BLK,1364742,2019-10-15,2019-10-15T11:15:54.000Z
BLK,1364742,2019-07-19,2019-07-19T11:54:55.000Z
BLK,1364742,2019-04-16,2019-04-16T12:01:35.000Z
BLK,1364742,2019-01-16,2019-01-16T13:28:13.000Z
BLK,1364742,2018-10-16,2018-10-16T12:02:41.000Z
BLK,1364742,2018-07-16,2018-07-16T11:55:36.000Z
BLK,1364742,2018-04-12,2018-04-12T12:03:07.000Z
BLK,1364742,2018-01-12,2018-01-12T12:47:16.000Z
BLK,1364742,2017-10-11,2017-10-11T12:10:25.000Z
BLK,1364742,2017-07-17,2017-07-17T12:42:30.000Z
BLK,1364742,2017-04-19,2017-04-19T13:12:35.000Z
BLK,1364742,2017-01-13,2017-01-13T14:21:04.000Z
BLK,1364742,2016-10-18,2016-10-18T12:48:35.000Z
BLK,1364742,2016-07-14,2016-07-14T13:33:04.000Z
BLK,1364742,2016-04-14,2016-04-14T12:56:37.000Z
BLK,1364742,2016-01-15,2016-01-15T13:51:32.000Z
BLK,1364742,2015-10-14,2015-10-14T12:56:08.000Z
BLK,1364742,2015-07-15,2015-07-15T13:25:35.000Z
BLK,1364742,2015-04-16,2015-04-16T13:10:05.000Z
BLK,1364742,2015-01-15,2015-01-15T14:17:07.000Z
BLK,2012383,2026-07-15,2026-07-15T10:33:30.000Z
BLK,2012383,2026-04-14,2026-04-14T10:35:09.000Z
BLK,2012383,2026-01-15,2026-01-15T11:36:16.000Z
BLK,2012383,2025-10-14,2025-10-14T10:38:14.000Z
BLK,2012383,2025-07-15,2025-07-15T10:40:04.000Z
BLK,2012383,2025-04-11,2025-04-11T10:40:46.000Z
BLK,2012383,2025-01-15,2025-01-15T11:44:21.000Z
BLK,2012383,2024-10-11,2024-10-11T10:24:41.000Z
XRX,108772,2026-07-30,2026-07-30T10:44:32.000Z
XRX,108772,2026-04-30,2026-04-30T10:40:54.000Z
XRX,108772,2026-01-29,2026-01-29T11:35:35.000Z
XRX,108772,2025-10-30,2025-10-30T10:35:53.000Z
XRX,108772,2025-07-31,2025-07-31T10:32:51.000Z
XRX,108772,2025-05-01,2025-05-01T10:36:46.000Z
XRX,108772,2025-01-28,2025-01-28T11:35:40.000Z
XRX,108772,2024-10-29,2024-10-29T10:37:52.000Z
XRX,108772,2024-07-25,2024-07-25T10:44:19.000Z
XRX,108772,2024-04-23,2024-04-23T10:45:13.000Z
XRX,108772,2024-01-25,2024-01-25T11:45:29.000Z
XRX,108772,2023-10-24,2023-10-24T10:44:30.000Z
XRX,108772,2023-07-25,2023-07-25T10:45:34.000Z
XRX,108772,2023-04-25,2023-04-25T10:45:16.000Z
XRX,108772,2023-01-26,2023-01-26T11:45:31.000Z
XRX,108772,2022-10-25,2022-10-25T10:45:07.000Z
XRX,108772,2022-07-26,2022-07-26T10:44:05.000Z
XRX,108772,2022-04-21,2022-04-21T10:42:27.000Z
XRX,108772,2022-01-25,2022-01-25T11:46:47.000Z
XRX,108772,2021-10-26,2021-10-26T10:43:48.000Z
XRX,108772,2021-07-27,2021-07-27T10:45:21.000Z
XRX,108772,2021-04-20,2021-04-20T10:45:24.000Z
XRX,108772,2021-01-26,2021-01-26T11:46:00.000Z
XRX,108772,2020-10-27,2020-10-27T10:48:49.000Z
XRX,108772,2020-07-28,2020-07-28T10:45:21.000Z
XRX,108772,2020-04-28,2020-04-28T10:47:07.000Z
XRX,108772,2020-01-28,2020-01-28T11:44:50.000Z
XRX,108772,2019-12-03,2019-12-03T11:47:48.000Z
XRX,108772,2019-10-29,2019-10-29T10:50:22.000Z
XRX,108772,2019-07-30,2019-07-30T10:57:16.000Z
XRX,108772,2019-04-25,2019-04-25T10:44:51.000Z
XRX,108772,2019-01-29,2019-01-29T11:45:05.000Z
XRX,108772,2018-10-23,2018-10-23T10:34:10.000Z
XRX,108772,2018-07-26,2018-07-26T10:34:48.000Z
XRX,108772,2018-05-03,2018-05-03T00:36:25.000Z
XRX,108772,2018-01-31,2018-01-31T11:04:35.000Z
XRX,108772,2017-10-26,2017-10-26T10:47:18.000Z
XRX,108772,2017-08-01,2017-08-01T10:48:33.000Z
XRX,108772,2017-06-14,2017-06-14T20:52:03.000Z
XRX,108772,2017-04-25,2017-04-25T10:47:04.000Z
XRX,108772,2017-01-31,2017-01-31T11:49:45.000Z
XRX,108772,2016-10-28,2016-10-28T10:50:00.000Z
XRX,108772,2016-07-29,2016-07-29T10:51:11.000Z
XRX,108772,2016-04-25,2016-04-25T10:48:20.000Z
XRX,108772,2016-01-29,2016-01-29T11:48:31.000Z
XRX,108772,2015-10-26,2015-10-26T10:46:33.000Z
XRX,108772,2015-10-13,2015-10-13T11:38:58.000Z
XRX,108772,2015-07-24,2015-07-24T10:52:23.000Z
XRX,108772,2015-07-17,2015-07-17T12:02:58.000Z
XRX,108772,2015-04-24,2015-04-24T10:51:10.000Z
XRX,108772,2015-01-30,2015-01-30T11:53:00.000Z
XRX,108772,2015-01-23,2015-01-23T12:56:06.000Z
XRX,1770450,2026-07-30,2026-07-30T10:44:32.000Z
XRX,1770450,2026-04-30,2026-04-30T10:40:54.000Z
XRX,1770450,2026-01-29,2026-01-29T11:35:35.000Z
XRX,1770450,2025-10-30,2025-10-30T10:35:53.000Z
XRX,1770450,2025-07-31,2025-07-31T10:32:51.000Z
XRX,1770450,2025-05-01,2025-05-01T10:36:46.000Z
XRX,1770450,2025-01-28,2025-01-28T11:35:40.000Z
XRX,1770450,2024-10-29,2024-10-29T10:37:52.000Z
XRX,1770450,2024-07-25,2024-07-25T10:44:19.000Z
XRX,1770450,2024-04-23,2024-04-23T10:45:13.000Z
XRX,1770450,2024-01-25,2024-01-25T11:45:29.000Z
XRX,1770450,2023-10-24,2023-10-24T10:44:30.000Z
XRX,1770450,2023-07-25,2023-07-25T10:45:34.000Z
XRX,1770450,2023-04-25,2023-04-25T10:45:16.000Z
XRX,1770450,2023-01-26,2023-01-26T11:45:31.000Z
XRX,1770450,2022-10-25,2022-10-25T10:45:07.000Z
XRX,1770450,2022-07-26,2022-07-26T10:44:05.000Z
XRX,1770450,2022-04-21,2022-04-21T10:42:27.000Z
XRX,1770450,2022-01-25,2022-01-25T11:46:47.000Z
XRX,1770450,2021-10-26,2021-10-26T10:43:48.000Z
XRX,1770450,2021-07-27,2021-07-27T10:45:21.000Z
XRX,1770450,2021-04-20,2021-04-20T10:45:24.000Z
XRX,1770450,2021-01-26,2021-01-26T11:46:00.000Z
XRX,1770450,2020-10-27,2020-10-27T10:48:49.000Z
XRX,1770450,2020-07-28,2020-07-28T10:45:21.000Z
XRX,1770450,2020-04-28,2020-04-28T10:47:07.000Z
XRX,1770450,2020-01-28,2020-01-28T11:44:50.000Z
XRX,1770450,2019-12-03,2019-12-03T11:47:48.000Z
XRX,1770450,2019-10-29,2019-10-29T10:50:22.000Z
APA,6769,2021-02-25,2021-02-25T14:28:54.000Z
APA,6769,2020-11-05,2020-11-05T14:11:55.000Z
APA,6769,2020-07-30,2020-07-30T22:19:45.000Z
APA,6769,2020-05-07,2020-05-07T15:18:20.000Z
APA,6769,2020-02-27,2020-02-27T14:54:52.000Z
APA,6769,2019-10-31,2019-10-31T14:11:15.000Z
APA,6769,2019-08-01,2019-08-01T14:31:04.000Z
APA,6769,2019-05-02,2019-05-02T13:54:56.000Z
APA,6769,2019-02-28,2019-02-28T14:26:34.000Z
APA,6769,2018-11-01,2018-11-01T13:52:07.000Z
APA,6769,2018-08-02,2018-08-02T13:58:34.000Z
APA,6769,2018-05-03,2018-05-03T13:12:33.000Z
APA,6769,2018-02-22,2018-02-22T18:07:56.000Z
APA,6769,2017-11-02,2017-11-02T15:12:33.000Z
APA,6769,2017-08-03,2017-08-03T16:29:04.000Z
APA,6769,2017-05-04,2017-05-04T14:48:05.000Z
APA,6769,2017-02-23,2017-02-23T16:02:55.000Z
APA,6769,2016-11-03,2016-11-03T15:32:55.000Z
APA,6769,2016-08-04,2016-08-04T14:46:57.000Z
APA,6769,2016-05-05,2016-05-05T15:18:09.000Z
APA,6769,2016-02-25,2016-02-25T16:21:07.000Z
APA,6769,2015-11-05,2015-11-05T16:19:37.000Z
APA,6769,2015-08-06,2015-08-06T15:24:53.000Z
APA,6769,2015-05-07,2015-05-07T15:24:06.000Z
APA,6769,2015-02-12,2015-02-12T15:59:01.000Z
APA,1841666,2026-08-05,2026-08-05T20:33:08.000Z
APA,1841666,2026-07-08,2026-07-08T21:07:26.000Z
APA,1841666,2026-05-06,2026-05-06T20:49:17.000Z
APA,1841666,2026-04-14,2026-04-14T21:13:56.000Z
APA,1841666,2026-02-25,2026-02-25T22:08:36.000Z
APA,1841666,2026-01-20,2026-01-20T21:21:23.000Z
APA,1841666,2025-11-05,2025-11-05T22:22:23.000Z
APA,1841666,2025-10-08,2025-10-08T20:58:11.000Z
APA,1841666,2025-08-07,2025-08-07T13:47:04.000Z
APA,1841666,2025-05-08,2025-05-08T14:08:30.000Z
APA,1841666,2025-02-27,2025-02-27T14:48:27.000Z
APA,1841666,2024-11-07,2024-11-07T14:42:03.000Z
APA,1841666,2024-08-01,2024-08-01T13:41:31.000Z
APA,1841666,2024-05-02,2024-05-02T13:38:02.000Z
APA,1841666,2024-02-22,2024-02-22T14:21:33.000Z
APA,1841666,2023-11-02,2023-11-02T14:40:30.000Z
APA,1841666,2023-08-03,2023-08-03T13:40:38.000Z
APA,1841666,2023-05-04,2023-05-04T13:20:53.000Z
APA,1841666,2023-02-23,2023-02-23T15:16:05.000Z
APA,1841666,2022-11-03,2022-11-03T13:35:33.000Z
APA,1841666,2022-08-04,2022-08-04T13:52:35.000Z
APA,1841666,2022-05-05,2022-05-05T13:38:01.000Z
APA,1841666,2022-02-22,2022-02-22T14:37:03.000Z
APA,1841666,2021-11-04,2021-11-04T14:13:09.000Z
APA,1841666,2021-08-05,2021-08-05T13:59:34.000Z
APA,1841666,2021-05-06,2021-05-06T13:13:34.000Z
WRK,1636023,2018-08-02,2018-08-02T11:00:57.000Z
WRK,1636023,2018-04-27,2018-04-27T11:00:25.000Z
WRK,1636023,2018-01-30,2018-01-30T02:51:04.000Z
WRK,1636023,2017-11-02,2017-11-02T10:55:20.000Z
WRK,1636023,2017-08-03,2017-08-03T11:00:44.000Z
WRK,1636023,2017-04-26,2017-04-26T10:55:19.000Z
WRK,1636023,2017-01-24,2017-01-24T12:00:23.000Z
WRK,1636023,2016-11-07,2016-11-07T13:00:41.000Z
WRK,1636023,2016-08-04,2016-08-04T10:45:22.000Z
WRK,1636023,2016-04-29,2016-04-29T10:54:09.000Z
WRK,1636023,2016-04-26,2016-04-26T13:17:54.000Z
WRK,1636023,2016-01-29,2016-01-28T23:16:24.000Z
WRK,1636023,2015-11-05,2015-11-05T01:23:17.000Z
WRK,1636023,2015-07-30,2015-07-29T23:30:44.000Z
WRK,1732845,2024-05-02,2024-05-02T10:36:04.000Z
WRK,1732845,2024-02-01,2024-02-01T11:32:22.000Z
WRK,1732845,2023-11-09,2023-11-09T11:35:23.000Z
WRK,1732845,2023-08-03,2023-08-03T10:37:22.000Z
WRK,1732845,2023-05-04,2023-05-04T10:31:35.000Z
WRK,1732845,2023-02-01,2023-02-01T11:30:44.000Z
WRK,1732845,2022-11-10,2022-11-10T11:30:38.000Z
WRK,1732845,2022-08-04,2022-08-04T10:35:34.000Z
WRK,1732845,2022-05-05,2022-05-05T10:32:23.000Z
WRK,1732845,2022-02-03,2022-02-03T11:30:40.000Z
WRK,1732845,2021-11-09,2021-11-09T11:30:39.000Z
WRK,1732845,2021-08-05,2021-08-05T10:31:00.000Z
WRK,1732845,2021-05-05,2021-05-05T10:30:37.000Z
WRK,1732845,2021-01-28,2021-01-28T12:00:33.000Z
WRK,1732845,2020-11-05,2020-11-05T12:12:30.000Z
WRK,1732845,2020-08-04,2020-08-04T11:19:30.000Z
WRK,1732845,2020-05-05,2020-05-05T11:00:54.000Z
WRK,1732845,2020-01-30,2020-01-30T12:00:37.000Z
WRK,1732845,2019-11-07,2019-11-07T11:40:46.000Z
WRK,1732845,2019-08-01,2019-08-01T11:16:44.000Z
WRK,1732845,2019-04-30,2019-04-30T12:24:45.000Z
WRK,1732845,2019-01-31,2019-01-31T12:02:41.000Z
WRK,1732845,2018-11-05,2018-11-05T11:50:29.000Z
DIS,1001039,2019-02-05,2019-02-05T21:11:17.000Z
DIS,1001039,2018-11-08,2018-11-08T21:09:04.000Z
DIS,1001039,2018-08-07,2018-08-07T20:09:14.000Z
DIS,1001039,2018-05-08,2018-05-08T20:12:05.000Z
DIS,1001039,2018-02-06,2018-02-06T21:12:07.000Z
DIS,1001039,2017-11-09,2017-11-09T21:11:08.000Z
DIS,1001039,2017-08-08,2017-08-08T20:08:59.000Z
DIS,1001039,2017-05-09,2017-05-09T20:10:29.000Z
DIS,1001039,2017-02-07,2017-02-07T21:10:02.000Z
DIS,1001039,2016-11-10,2016-11-10T21:19:23.000Z
DIS,1001039,2016-08-09,2016-08-09T20:21:01.000Z
DIS,1001039,2016-05-10,2016-05-10T20:18:46.000Z
DIS,1001039,2016-02-09,2016-02-09T21:25:37.000Z
DIS,1001039,2015-11-05,2015-11-05T21:21:59.000Z
DIS,1001039,2015-08-04,2015-08-04T20:18:23.000Z
DIS,1001039,2015-05-05,2015-05-05T12:04:38.000Z
DIS,1001039,2015-02-03,2015-02-03T21:19:57.000Z
DIS,1744489,2026-08-05,2026-08-05T10:30:54.000Z
DIS,1744489,2026-05-06,2026-05-06T10:40:14.000Z
DIS,1744489,2026-02-02,2026-02-02T11:42:45.000Z
DIS,1744489,2025-11-13,2025-11-13T11:42:45.000Z
DIS,1744489,2025-08-06,2025-08-06T10:42:42.000Z
DIS,1744489,2025-05-07,2025-05-07T10:52:49.000Z
DIS,1744489,2025-02-05,2025-02-05T11:42:01.000Z
DIS,1744489,2024-11-14,2024-11-14T11:43:16.000Z
DIS,1744489,2024-08-07,2024-08-07T10:52:28.000Z
DIS,1744489,2024-05-07,2024-05-07T10:33:09.000Z
DIS,1744489,2024-02-07,2024-02-07T21:06:26.000Z
DIS,1744489,2023-11-08,2023-11-08T21:06:49.000Z
DIS,1744489,2023-08-09,2023-08-09T20:08:11.000Z
DIS,1744489,2023-05-10,2023-05-10T20:08:30.000Z
DIS,1744489,2023-02-08,2023-02-08T21:07:05.000Z
DIS,1744489,2022-11-08,2022-11-08T21:09:27.000Z
DIS,1744489,2022-08-10,2022-08-10T20:08:30.000Z
DIS,1744489,2022-05-11,2022-05-11T20:07:22.000Z
DIS,1744489,2022-02-09,2022-02-09T21:08:02.000Z
DIS,1744489,2021-11-10,2021-11-10T21:08:27.000Z
DIS,1744489,2021-08-12,2021-08-12T20:07:21.000Z
DIS,1744489,2021-05-13,2021-05-13T20:08:04.000Z
DIS,1744489,2021-02-11,2021-02-11T21:08:22.000Z
DIS,1744489,2020-11-12,2020-11-12T21:06:57.000Z
DIS,1744489,2020-08-04,2020-08-04T20:12:47.000Z
DIS,1744489,2020-05-05,2020-05-05T20:07:14.000Z
DIS,1744489,2020-02-04,2020-02-04T21:08:24.000Z
DIS,1744489,2019-11-07,2019-11-07T21:09:16.000Z
DIS,1744489,2019-08-06,2019-08-06T20:08:28.000Z
DIS,1744489,2019-05-08,2019-05-08T20:13:23.000Z
CI,701221,2018-11-01,2018-11-01T10:05:21.000Z
CI,701221,2018-08-02,2018-08-02T10:05:12.000Z
CI,701221,2018-05-03,2018-05-03T10:05:27.000Z
CI,701221,2018-02-01,2018-02-01T11:05:18.000Z
CI,701221,2018-01-09,2018-01-09T11:00:38.000Z
CI,701221,2017-11-02,2017-11-02T10:05:22.000Z
CI,701221,2017-08-04,2017-08-04T10:05:27.000Z
CI,701221,2017-05-05,2017-05-05T10:05:31.000Z
CI,701221,2017-02-02,2017-02-02T11:05:37.000Z
CI,701221,2017-01-10,2017-01-10T11:01:22.000Z
CI,701221,2016-11-03,2016-11-03T10:06:41.000Z
CI,701221,2016-07-29,2016-07-29T10:05:48.000Z
CI,701221,2016-05-06,2016-05-06T10:05:16.000Z
CI,701221,2016-02-04,2016-02-04T11:09:12.000Z
CI,701221,2015-11-06,2015-11-06T11:15:13.000Z
CI,701221,2015-07-30,2015-07-30T10:05:12.000Z
CI,701221,2015-07-24,2015-07-24T10:20:50.000Z
CI,701221,2015-04-30,2015-04-30T10:05:15.000Z
CI,701221,2015-02-05,2015-02-05T11:05:18.000Z
CI,1739940,2026-07-30,2026-07-30T10:16:02.000Z
CI,1739940,2026-04-30,2026-04-30T10:15:32.000Z
CI,1739940,2026-02-05,2026-02-05T11:15:54.000Z
CI,1739940,2025-10-30,2025-10-30T10:15:59.000Z
CI,1739940,2025-07-31,2025-07-31T10:15:52.000Z
CI,1739940,2025-05-02,2025-05-02T10:16:01.000Z
CI,1739940,2025-01-30,2025-01-30T11:15:27.000Z
CI,1739940,2024-10-31,2024-10-31T10:15:24.000Z
CI,1739940,2024-08-01,2024-08-01T10:15:16.000Z
CI,1739940,2024-05-02,2024-05-02T10:15:15.000Z
CI,1739940,2024-02-02,2024-02-02T11:15:28.000Z
CI,1739940,2023-11-02,2023-11-02T10:16:18.000Z
CI,1739940,2023-08-03,2023-08-03T10:15:27.000Z
CI,1739940,2023-05-05,2023-05-05T10:15:22.000Z
CI,1739940,2023-02-03,2023-02-03T11:15:14.000Z
CI,1739940,2022-11-03,2022-11-03T10:15:22.000Z
CI,1739940,2022-08-04,2022-08-04T10:16:00.000Z
CI,1739940,2022-05-06,2022-05-06T10:15:21.000Z
CI,1739940,2022-02-03,2022-02-03T11:15:46.000Z
CI,1739940,2021-11-04,2021-11-04T10:15:20.000Z
CI,1739940,2021-08-05,2021-08-05T10:15:23.000Z
CI,1739940,2021-05-07,2021-05-07T10:15:20.000Z
CI,1739940,2021-02-04,2021-02-04T11:15:26.000Z
CI,1739940,2020-11-05,2020-11-05T11:15:35.000Z
CI,1739940,2020-07-30,2020-07-30T10:18:55.000Z
CI,1739940,2020-04-30,2020-04-30T10:15:31.000Z
CI,1739940,2020-02-06,2020-02-06T11:15:44.000Z
CI,1739940,2019-10-31,2019-10-31T10:05:53.000Z
CI,1739940,2019-08-01,2019-08-01T10:05:28.000Z
CI,1739940,2019-05-02,2019-05-02T10:05:29.000Z
PARA,813828,2025-07-31,2025-07-31T20:08:45.000Z
PARA,813828,2025-05-08,2025-05-08T20:06:32.000Z
PARA,813828,2025-02-26,2025-02-26T21:12:38.000Z
PARA,813828,2024-11-08,2024-11-08T12:12:58.000Z
PARA,813828,2024-08-08,2024-08-08T20:12:09.000Z
PARA,813828,2024-04-29,2024-04-29T20:19:06.000Z
PARA,813828,2024-02-28,2024-02-28T21:06:05.000Z
PARA,813828,2023-11-02,2023-11-02T20:04:12.000Z
PARA,813828,2023-08-07,2023-08-07T20:13:37.000Z
PARA,813828,2023-05-04,2023-05-04T11:10:03.000Z
PARA,813828,2023-02-16,2023-02-16T12:20:06.000Z
PARA,813828,2022-11-02,2022-11-02T11:09:13.000Z
PARA,813828,2022-08-04,2022-08-04T11:06:10.000Z
PARA,813828,2022-05-03,2022-05-03T11:19:02.000Z
PARA,813828,2022-02-15,2022-02-15T21:07:04.000Z
PARA,813828,2021-11-04,2021-11-04T11:08:06.000Z
PARA,813828,2021-08-05,2021-08-05T11:11:04.000Z
PARA,813828,2021-05-06,2021-05-06T11:14:12.000Z
PARA,813828,2021-02-24,2021-02-24T21:04:14.000Z
PARA,813828,2020-11-06,2020-11-06T12:26:08.000Z
PARA,813828,2020-08-06,2020-08-06T11:08:59.000Z
PARA,813828,2020-05-07,2020-05-07T11:10:23.000Z
PARA,813828,2020-02-20,2020-02-20T12:14:56.000Z
PARA,813828,2019-11-12,2019-11-12T13:03:35.000Z
PARA,813828,2019-08-08,2019-08-08T20:09:23.000Z
PARA,813828,2019-05-02,2019-05-02T20:10:25.000Z
PARA,813828,2019-02-14,2019-02-14T21:09:23.000Z
PARA,813828,2018-11-01,2018-11-01T20:11:29.000Z
PARA,813828,2018-08-02,2018-08-02T20:10:40.000Z
PARA,813828,2018-05-03,2018-05-03T20:07:58.000Z
PARA,813828,2018-02-15,2018-02-15T21:10:56.000Z
PARA,813828,2017-11-02,2017-11-02T20:09:30.000Z
PARA,813828,2017-08-07,2017-08-07T20:08:46.000Z
PARA,813828,2017-05-04,2017-05-04T20:09:31.000Z
PARA,813828,2017-02-15,2017-02-15T21:08:56.000Z
PARA,813828,2016-11-03,2016-11-03T20:12:42.000Z
PARA,813828,2016-10-14,2016-10-14T16:20:00.000Z
PARA,813828,2016-07-28,2016-07-28T20:10:53.000Z
PARA,813828,2016-05-03,2016-05-03T20:08:51.000Z
PARA,813828,2016-02-11,2016-02-11T21:10:45.000Z
PARA,813828,2015-11-03,2015-11-03T21:12:33.000Z
PARA,813828,2015-08-05,2015-08-05T20:04:29.000Z
PARA,813828,2015-05-07,2015-05-07T20:07:24.000Z
PARA,813828,2015-02-12,2015-02-12T21:06:11.000Z
BBT,92230,2026-07-17,2026-07-17T10:30:36.000Z
BBT,92230,2026-04-17,2026-04-17T10:30:46.000Z
BBT,92230,2026-01-21,2026-01-21T11:31:41.000Z
BBT,92230,2025-10-17,2025-10-17T10:30:51.000Z
BBT,92230,2025-07-18,2025-07-18T10:03:50.000Z
BBT,92230,2025-04-17,2025-04-17T10:02:05.000Z
BBT,92230,2025-01-17,2025-01-17T11:00:41.000Z
BBT,92230,2024-10-17,2024-10-17T10:01:39.000Z
BBT,92230,2024-07-22,2024-07-22T10:02:40.000Z
BBT,92230,2024-04-22,2024-04-22T10:06:11.000Z
BBT,92230,2024-01-18,2024-01-18T11:07:04.000Z
BBT,92230,2023-10-19,2023-10-19T10:05:16.000Z
BBT,92230,2023-07-20,2023-07-20T10:04:33.000Z
BBT,92230,2023-04-20,2023-04-20T10:05:59.000Z
BBT,92230,2023-01-19,2023-01-19T11:07:59.000Z
BBT,92230,2022-10-18,2022-10-18T10:05:54.000Z
BBT,92230,2022-07-19,2022-07-19T10:02:38.000Z
BBT,92230,2022-04-19,2022-04-19T10:06:00.000Z
BBT,92230,2022-01-18,2022-01-18T11:06:37.000Z
BBT,92230,2021-10-15,2021-10-15T10:07:08.000Z
BBT,92230,2021-07-15,2021-07-15T10:11:10.000Z
BBT,92230,2021-04-15,2021-04-15T10:06:07.000Z
BBT,92230,2021-01-21,2021-01-21T11:07:28.000Z
BBT,92230,2020-10-15,2020-10-15T10:03:21.000Z
BBT,92230,2020-07-16,2020-07-16T10:02:24.000Z
BBT,92230,2020-04-20,2020-04-20T10:06:14.000Z
BBT,92230,2020-01-30,2020-01-30T11:09:50.000Z
BBT,92230,2019-10-17,2019-10-17T10:10:48.000Z
BBT,92230,2019-07-18,2019-07-18T10:04:24.000Z
BBT,92230,2019-04-18,2019-04-18T10:42:18.000Z
BBT,92230,2019-01-17,2019-01-17T11:07:33.000Z
BBT,92230,2018-10-18,2018-10-18T10:03:18.000Z
BBT,92230,2018-07-19,2018-07-19T10:11:29.000Z
BBT,92230,2018-04-19,2018-04-18T23:27:57.000Z
BBT,92230,2018-01-18,2018-01-17T23:42:31.000Z
BBT,92230,2017-10-19,2017-10-18T22:28:08.000Z
BBT,92230,2017-07-20,2017-07-19T22:32:08.000Z
BBT,92230,2017-04-20,2017-04-19T23:12:48.000Z
BBT,92230,2017-01-19,2017-01-18T23:08:32.000Z
BBT,92230,2016-10-19,2016-10-18T22:57:27.000Z
BBT,92230,2016-07-21,2016-07-20T23:10:47.000Z
BBT,92230,2016-04-21,2016-04-21T00:25:45.000Z
BBT,92230,2016-01-21,2016-01-21T00:07:10.000Z
BBT,92230,2015-10-15,2015-10-14T22:54:35.000Z
BBT,92230,2015-07-16,2015-07-16T00:13:20.000Z
BBT,92230,2015-04-23,2015-04-22T23:32:42.000Z
BBT,92230,2015-01-22,2015-01-21T23:43:55.000Z
XL,875159,2018-07-31,2018-07-31T20:33:26.000Z
XL,875159,2018-05-02,2018-05-02T20:33:06.000Z
XL,875159,2018-02-01,2018-02-01T21:15:08.000Z
XL,875159,2017-10-24,2017-10-24T20:17:30.000Z
XL,875159,2017-07-26,2017-07-26T20:12:16.000Z
XL,875159,2017-04-26,2017-04-26T20:22:29.000Z
XL,875159,2017-02-01,2017-02-01T21:13:07.000Z
XL,875159,2016-10-26,2016-10-26T20:09:53.000Z
XL,875159,2016-07-27,2016-07-27T20:18:38.000Z
XL,875159,2016-04-27,2016-04-27T20:13:04.000Z
XL,875159,2016-02-03,2016-02-03T22:07:35.000Z
XL,875159,2015-10-26,2015-10-26T20:08:56.000Z
XL,875159,2015-08-03,2015-08-03T20:18:47.000Z
XL,875159,2015-04-29,2015-04-29T20:15:26.000Z
XL,875159,2015-02-02,2015-02-02T21:10:37.000Z
