ticker_raw,cik,how
A,1090872.0,current_list
AABA,,
AAL,6201.0,current_list
AAP,1158449.0,current_list
AAPL,320193.0,current_list
ABBV,1551152.0,current_list
ABC,1140859.0,ticker_lookup
ABMD,815094.0,ticker_lookup
ABNB,1559720.0,current_list
ABT,1800.0,current_list
ACGL,947484.0,current_list
ACN,1467373.0,current_list
ADBE,796343.0,current_list
ADI,6281.0,current_list
ADM,7084.0,current_list
ADP,8670.0,current_list
ADS,,
ADSK,769397.0,current_list
ADT,1703056.0,current_list
AEE,1002910.0,current_list
AEP,4904.0,current_list
AES,874761.0,current_list
AET,,
AFL,4977.0,current_list
AGN,,
AIG,5272.0,current_list
AIV,922864.0,current_list
AIZ,1267238.0,current_list
AJG,354190.0,current_list
AKAM,1086222.0,current_list
ALB,915913.0,current_list
ALGN,1097149.0,current_list
ALK,766421.0,current_list
ALL,899051.0,current_list
ALLE,1579241.0,current_list
ALXN,,
AMAT,6951.0,current_list
AMCR,1748790.0,current_list
AMD,2488.0,current_list
AME,1037868.0,current_list
AMG,1004434.0,current_list
AMGN,318154.0,current_list
AMP,820027.0,current_list
AMT,1053507.0,current_list
AMTM,2011286.0,current_list
AMZN,1018724.0,current_list
AN,350698.0,current_list
ANDV,,
ANET,1596532.0,current_list
ANSS,1013462.0,ticker_lookup
ANTM,,
AON,315293.0,current_list
AOS,91142.0,current_list
APA,1841666.0,current_list
APC,2080921.0,current_list
APD,2969.0,current_list
APH,820313.0,current_list
APO,1858681.0,current_list
APP,1751008.0,current_list
APTV,1521332.0,current_list
ARE,1035443.0,current_list
ARES,1176948.0,current_list
ARG,,
ARNC,1790982.0,ticker_lookup
ATO,731802.0,current_list
ATVI,718877.0,ticker_lookup
AVB,915912.0,ticker_lookup
AVGO,1730168.0,current_list
AVY,8818.0,current_list
AWK,1410636.0,current_list
AXON,1069183.0,current_list
AXP,4962.0,current_list
AYI,1144215.0,current_list
AZO,866787.0,current_list
BA,12927.0,current_list
BAC,70858.0,current_list
BALL,9389.0,current_list
BAX,10456.0,current_list
BBBY,886158.0,ticker_lookup
BBT,1108134.0,current_list
BBWI,701985.0,current_list
BBY,764478.0,current_list
BCR,,
BDX,10795.0,current_list
BEN,38777.0,current_list
BF.B,14693.0,current_list
BG,1996862.0,current_list
BHF,1685040.0,current_list
BHGE,,
BIIB,875045.0,current_list
BIO,12208.0,current_list
BK,1390777.0,ticker_lookup
BKNG,1075531.0,current_list
BKR,1701605.0,current_list
BLDR,1316835.0,current_list
BLK,2012383.0,current_list
BLL,,
BMY,14272.0,current_list
BNY,1390777.0,current_list
BR,1383312.0,current_list
BRCM,,
BRK.B,1067983.0,current_list
BRO,79282.0,current_list
BSX,885725.0,current_list
BWA,908255.0,current_list
BX,1393818.0,current_list
BXLT,,
BXP,1037540.0,current_list
C,831001.0,current_list
CA,,
CAG,23217.0,current_list
CAH,721371.0,current_list
CAM,,
CARR,1783180.0,current_list
CASY,726958.0,current_list
CAT,18230.0,current_list
CB,896159.0,current_list
CBOE,1374310.0,current_list
CBRE,1138118.0,current_list
CBS,,
CCE,,
CCEP,1650107.0,current_list
CCI,1051470.0,current_list
CCL,815097.0,current_list
CDAY,1725057.0,ticker_lookup
CDNS,813672.0,current_list
CDW,1402057.0,current_list
CE,1306830.0,current_list
CEG,1868275.0,current_list
CELG,,
CERN,,
CF,1324404.0,current_list
CFG,759944.0,current_list
CHD,313927.0,current_list
CHK,895126.0,ticker_lookup
CHRW,1043277.0,current_list
CHTR,1091667.0,current_list
CI,1739940.0,current_list
CIEN,936395.0,current_list
CINF,20286.0,current_list
CL,21665.0,current_list
CLX,21076.0,current_list
CMA,28412.0,ticker_lookup
CMCSA,1166691.0,current_list
CME,1156375.0,current_list
CMG,1058090.0,current_list
CMI,26172.0,current_list
CMS,811156.0,current_list
CNC,1071739.0,current_list
CNP,1130310.0,current_list
CNX,1070412.0,current_list
COF,927628.0,current_list
COG,,
COHR,820318.0,current_list
COIN,1679788.0,current_list
COL,,
COO,711404.0,current_list
COP,1163165.0,current_list
COR,1140859.0,current_list
COST,909832.0,current_list
COTY,1024305.0,current_list
CPAY,1175454.0,current_list
CPB,16732.0,current_list
CPGX,,
CPRI,1530721.0,current_list
CPRT,900075.0,current_list
CPT,906345.0,current_list
CRH,849395.0,current_list
CRL,1100682.0,current_list
CRM,1108524.0,current_list
CRWD,1535527.0,current_list
CSCO,858877.0,current_list
CSGP,1057352.0,current_list
CSRA,,
CSX,277948.0,current_list
CTAS,723254.0,current_list
CTL,,
CTLT,1596783.0,ticker_lookup
CTRA,858470.0,ticker_lookup
CTSH,1058290.0,current_list
CTVA,1755672.0,current_list
CTXS,877890.0,ticker_lookup
CVC,,
CVNA,1690820.0,current_list
CVS,64803.0,current_list
CVX,93410.0,current_list
CXO,,
CZR,1590895.0,current_list
D,715957.0,current_list
DAL,27904.0,current_list
DASH,1792789.0,current_list
DAY,,
DD,1666700.0,current_list
DDOG,1561550.0,current_list
DE,315189.0,current_list
DECK,910521.0,current_list
DELL,1571996.0,current_list
DFS,1393612.0,ticker_lookup
DG,29534.0,current_list
DGX,1022079.0,current_list
DHI,882184.0,current_list
DHR,313616.0,current_list
DIS,1744489.0,current_list
DISCA,,
DISCK,,
DISH,1001082.0,ticker_lookup
DLR,1297996.0,current_list
DLTR,935703.0,current_list
DNB,1799208.0,ticker_lookup
DO,949039.0,ticker_lookup
DOC,765880.0,current_list
DOV,29905.0,current_list
DOW,1751788.0,current_list
DPZ,1286681.0,current_list
DRE,783280.0,ticker_lookup
DRI,940944.0,current_list
DTE,936340.0,current_list
DUK,1326160.0,current_list
DVA,927066.0,current_list
DVN,1090012.0,current_list
DWDP,,
DXC,1688568.0,current_list
DXCM,1093557.0,current_list
EA,712515.0,ticker_lookup
EBAY,1065088.0,current_list
ECHO,1415404.0,current_list
ECL,31462.0,current_list
ED,1047862.0,current_list
EFX,33185.0,current_list
EG,1095073.0,current_list
EIX,827052.0,current_list
EL,1001250.0,current_list
ELV,1156039.0,current_list
EMC,,
EME,105634.0,current_list
EMN,915389.0,current_list
EMR,32604.0,current_list
ENDP,,
ENPH,1463101.0,current_list
EOG,821189.0,current_list
EPAM,1352010.0,current_list
EQIX,1101239.0,current_list
EQR,906107.0,ticker_lookup
EQT,33213.0,current_list
ERIE,922621.0,current_list
ES,72741.0,current_list
ESRX,,
ESS,920522.0,current_list
ESV,,
ETFC,,
ETN,1551182.0,current_list
ETR,65984.0,current_list
ETSY,1370637.0,current_list
EVHC,,
EVRG,1711269.0,current_list
EW,1099800.0,current_list
EXC,1109357.0,current_list
EXE,895126.0,current_list
EXPD,746515.0,current_list
EXPE,1324424.0,current_list
EXR,1289490.0,current_list
F,37996.0,current_list
FANG,1539838.0,current_list
FAST,815556.0,current_list
FB,,
FBHS,1519751.0,ticker_lookup
FCX,831259.0,current_list
FDS,1013237.0,current_list
FDX,1048911.0,current_list
FDXF,2082247.0,current_list
FE,1031296.0,current_list
FERG,2011641.0,current_list
FFIV,1048695.0,current_list
FI,,
FICO,814547.0,current_list
FIS,1136893.0,current_list
FISV,798354.0,current_list
FITB,35527.0,current_list
FIX,1035983.0,current_list
FL,850209.0,ticker_lookup
FLEX,866374.0,current_list
FLIR,,
FLR,1124198.0,current_list
FLS,30625.0,current_list
FLT,1175454.0,ticker_lookup
FMC,37785.0,current_list
FOSL,883569.0,current_list
FOX,1754301.0,current_list
FOXA,1754301.0,current_list
FRC,1132979.0,ticker_lookup
FRT,34903.0,current_list
FSLR,1274494.0,current_list
FTI,1681459.0,current_list
FTNT,1262039.0,current_list
FTR,,
FTV,1659166.0,current_list
GAS,,
GD,40533.0,current_list
GDDY,1609711.0,current_list
GE,40545.0,current_list
GEHC,1932393.0,current_list
GEN,849399.0,current_list
GEV,1996810.0,current_list
GGP,,
GILD,882095.0,current_list
GIS,40704.0,current_list
GL,320335.0,current_list
GLW,24741.0,current_list
GM,1467858.0,current_list
GMCR,,
GME,1326380.0,current_list
GNRC,1474735.0,current_list
GOOG,1652044.0,current_list
GOOGL,1652044.0,current_list
GPC,40987.0,current_list
GPN,1123360.0,current_list
GPS,39911.0,ticker_lookup
GRMN,1121788.0,current_list
GS,886982.0,current_list
GT,42582.0,current_list
GWW,277135.0,current_list
HAL,45012.0,current_list
HAR,,
HAS,46080.0,current_list
HBAN,49196.0,current_list
HBI,1359841.0,ticker_lookup
HCA,860730.0,current_list
HCP,1720671.0,ticker_lookup
HD,354950.0,current_list
HES,4447.0,ticker_lookup
HFC,,
HIG,874766.0,current_list
HII,1501585.0,current_list
HLT,1585689.0,current_list
HOG,793952.0,current_list
HOLX,859737.0,ticker_lookup
HON,773840.0,current_list
HONA,2089271.0,current_list
HOOD,1783879.0,current_list
HOT,,
HP,46765.0,current_list
HPE,1645590.0,current_list
HPQ,47217.0,current_list
HRB,12659.0,current_list
HRL,48465.0,current_list
HRS,,
HSIC,1000228.0,current_list
HST,1070750.0,current_list
HSY,47111.0,current_list
HUBB,48898.0,current_list
HUM,49071.0,current_list
HWM,4281.0,current_list
IBKR,1381197.0,current_list
IBM,51143.0,current_list
ICE,1571949.0,current_list
IDXX,874716.0,current_list
IEX,832101.0,current_list
IFF,51253.0,current_list
ILMN,1110803.0,current_list
INCY,879169.0,current_list
INFO,,
INTC,50863.0,current_list
INTU,896878.0,current_list
INVH,1687229.0,current_list
IP,51434.0,current_list
IPG,51644.0,ticker_lookup
IPGP,1111928.0,current_list
IQV,1478242.0,current_list
IR,1699150.0,current_list
IRM,1020569.0,current_list
ISRG,1035267.0,current_list
IT,749251.0,current_list
ITW,49826.0,current_list
IVZ,914208.0,current_list
J,52988.0,current_list
JBHT,728535.0,current_list
JBL,898293.0,current_list
JCI,833444.0,current_list
JEC,,
JEF,96223.0,current_list
JKHY,779152.0,current_list
JNJ,200406.0,current_list
JNPR,1043604.0,ticker_lookup
JPM,19617.0,current_list
JWN,72333.0,ticker_lookup
K,55067.0,ticker_lookup
KDP,1418135.0,current_list
KEY,91576.0,current_list
KEYS,1601046.0,current_list
KHC,1637459.0,current_list
KIM,879101.0,current_list
KKR,1404912.0,current_list
KLAC,319201.0,current_list
KMB,55785.0,current_list
KMI,1506307.0,current_list
KMX,1170010.0,current_list
KO,21344.0,current_list
KORS,,
KR,56873.0,current_list
KSS,885639.0,current_list
KSU,,
KVUE,1944048.0,current_list
L,60086.0,current_list
LB,1995807.0,current_list
LDOS,1336920.0,current_list
LEG,58492.0,ticker_lookup
LEN,920760.0,current_list
LH,920148.0,current_list
LHX,202058.0,current_list
LII,1069202.0,current_list
LIN,1707925.0,current_list
LITE,1633978.0,current_list
LKQ,1065696.0,current_list
LLL,1546383.0,ticker_lookup
LLTC,,
LLY,59478.0,current_list
LM,,
LMT,936468.0,current_list
LNC,59558.0,current_list
LNT,352541.0,current_list
LOW,60667.0,current_list
LRCX,707549.0,current_list
LULU,1397187.0,current_list
LUMN,18926.0,current_list
LUV,92380.0,current_list
LVLT,,
LVS,1300514.0,current_list
LW,1679273.0,current_list
LYB,1489393.0,current_list
LYV,1335258.0,current_list
M,794367.0,current_list
MA,1141391.0,current_list
MAA,912595.0,current_list
MAC,912242.0,current_list
MAR,1048286.0,current_list
MAS,62996.0,current_list
MAT,63276.0,current_list
MCD,63908.0,current_list
MCHP,827054.0,current_list
MCK,927653.0,current_list
MCO,1059556.0,current_list
MDLZ,1103982.0,current_list
MDT,1613103.0,current_list
MET,1099219.0,current_list
META,1326801.0,current_list
MGM,789570.0,current_list
MHK,851968.0,current_list
MJN,,
MKC,63754.0,current_list
MKTX,1278021.0,current_list
MLM,916076.0,current_list
MMC,62709.0,ticker_lookup
MMM,66740.0,current_list
MNK,,
MNST,865752.0,current_list
MO,764180.0,current_list
MOH,1179929.0,current_list
MON,1828325.0,ticker_lookup
MOS,1285785.0,current_list
MPC,1510295.0,current_list
MPWR,1280452.0,current_list
MRK,310158.0,current_list
MRNA,1682852.0,current_list
MRO,101778.0,ticker_lookup
MRSH,62709.0,current_list
MRVL,1835632.0,current_list
MS,895421.0,current_list
MSCI,1408198.0,current_list
MSFT,789019.0,current_list
MSI,68505.0,current_list
MTB,36270.0,current_list
MTCH,891103.0,current_list
MTD,1037646.0,current_list
MU,723125.0,current_list
MUR,717423.0,current_list
MXIM,,
MYL,,
NAVI,1593538.0,current_list
NBL,,
NCLH,1513761.0,current_list
NDAQ,1120193.0,current_list
NDSN,72331.0,current_list
NEE,753308.0,current_list
NEM,1164727.0,current_list
NFLX,1065280.0,current_list
NFX,,
NI,1111711.0,current_list
NKE,320187.0,current_list
NKTR,906709.0,current_list
NLOK,849399.0,ticker_lookup
NLSN,1492633.0,ticker_lookup
NOC,1133421.0,current_list
NOV,1021860.0,current_list
NOW,1373715.0,current_list
NRG,1013871.0,current_list
NSC,702165.0,current_list
NTAP,1002047.0,current_list
NTRS,73124.0,current_list
NUE,73309.0,current_list
NVDA,1045810.0,current_list
NVR,906163.0,current_list
NWL,814453.0,current_list
NWS,1564708.0,current_list
NWSA,1564708.0,current_list
NXPI,1413447.0,current_list
O,726728.0,current_list
ODFL,878927.0,current_list
OGN,1821825.0,current_list
OI,812074.0,current_list
OKE,1039684.0,current_list
OMC,29989.0,current_list
ON,1097864.0,current_list
ORCL,1341439.0,current_list
ORLY,898173.0,current_list
OTIS,1781335.0,current_list
OXY,797468.0,current_list
PANW,1327567.0,current_list
PARA,1826011.0,current_list
PAYC,1590955.0,current_list
PAYX,723531.0,current_list
PBCT,,
PBI,78814.0,current_list
PCAR,75362.0,current_list
PCG,1004980.0,current_list
PCL,,
PCP,,
PDCO,891024.0,ticker_lookup
PEAK,765880.0,ticker_lookup
PEG,788784.0,current_list
PENN,921738.0,current_list
PEP,77476.0,current_list
PFE,78003.0,current_list
PFG,1126328.0,current_list
PG,80424.0,current_list
PGR,80661.0,current_list
PH,76334.0,current_list
PHM,822416.0,current_list
PKG,75677.0,current_list
PKI,31791.0,ticker_lookup
PLD,1045609.0,current_list
PLTR,1321655.0,current_list
PM,1413329.0,current_list
PNC,713676.0,current_list
PNR,77360.0,current_list
PNW,764622.0,current_list
PODD,1145197.0,current_list
POM,1877971.0,current_list
POOL,945841.0,current_list
PPG,79879.0,current_list
PPL,922224.0,current_list
PRGO,1585364.0,current_list
PRU,1137774.0,current_list
PSA,1393311.0,current_list
PSKY,2041610.0,current_list
PSX,1534701.0,current_list
PTC,857005.0,current_list
PVH,78239.0,current_list
PWR,1050915.0,current_list
PX,1841968.0,ticker_lookup
PXD,1038357.0,ticker_lookup
PYPL,1633917.0,current_list
Q,2058873.0,current_list
QCOM,804328.0,current_list
QRVO,1604778.0,current_list
R,85961.0,current_list
RAI,,
RCL,884887.0,current_list
RDDT,1713445.0,current_list
RE,1095073.0,ticker_lookup
REG,910606.0,current_list
REGN,872589.0,current_list
RF,1281761.0,current_list
RHI,315213.0,current_list
RHT,,
RIG,1451505.0,current_list
RJF,720005.0,current_list
RL,1037038.0,current_list
RMD,943819.0,current_list
ROK,1024478.0,current_list
ROL,84839.0,current_list
ROP,882835.0,current_list
ROST,745732.0,current_list
RRC,315852.0,current_list
RSG,1060391.0,current_list
RTN,,
RTX,101829.0,current_list
RVTY,31791.0,current_list
SATS,1415404.0,ticker_lookup
SBAC,1034054.0,current_list
SBNY,1288784.0,ticker_lookup
SBUX,829224.0,current_list
SCG,,
SCHW,316709.0,current_list
SE,1703399.0,current_list
SEDG,1419612.0,current_list
SEE,1012100.0,ticker_lookup
SHW,89800.0,current_list
SIG,832988.0,current_list
SIVB,719739.0,ticker_lookup
SJM,91419.0,current_list
SLB,87347.0,current_list
SLG,1040971.0,current_list
SMCI,1375365.0,current_list
SNA,91440.0,current_list
SNDK,2023554.0,current_list
SNI,,
SNPS,883241.0,current_list
SO,92122.0,current_list
SOLS,2064953.0,current_list
SOLV,1964738.0,current_list
SPG,1063761.0,current_list
SPGI,64040.0,current_list
SPLS,,
SRCL,861878.0,ticker_lookup
SRE,1032208.0,current_list
STE,1757898.0,current_list
STI,1881551.0,current_list
STJ,,
STLD,1022671.0,current_list
STT,93751.0,current_list
STX,1137789.0,current_list
STZ,16918.0,current_list
SW,2005951.0,current_list
SWK,93556.0,current_list
SWKS,4127.0,current_list
SWN,7332.0,ticker_lookup
SYF,1601712.0,current_list
SYK,310764.0,current_list
SYMC,,
SYY,96021.0,current_list
T,732717.0,current_list
TAP,24545.0,current_list
TDC,816761.0,current_list
TDG,1260221.0,current_list
TDY,1094285.0,current_list
TE,1992243.0,current_list
TECH,842023.0,current_list
TEL,1385157.0,current_list
TER,97210.0,current_list
TFC,92230.0,current_list
TFX,96943.0,current_list
TGNA,39899.0,ticker_lookup
TGT,27419.0,current_list
THC,70318.0,current_list
TIF,,
TJX,109198.0,current_list
TKO,1973266.0,current_list
TMK,,
TMO,97745.0,current_list
TMUS,1283699.0,current_list
TPL,1811074.0,current_list
TPR,1116132.0,current_list
TRGP,1389170.0,current_list
TRIP,1526520.0,current_list
TRMB,864749.0,current_list
TROW,1113169.0,current_list
TRV,86312.0,current_list
TSCO,916365.0,current_list
TSLA,1318605.0,current_list
TSN,100493.0,current_list
TSS,,
TT,1466258.0,current_list
TTD,1671933.0,current_list
TTWO,946581.0,current_list
TWC,,
TWTR,1418091.0,ticker_lookup
TWX,,
TXN,97476.0,current_list
TXT,217346.0,current_list
TYL,860731.0,current_list
UA,1336917.0,current_list
UAA,1336917.0,current_list
UAL,100517.0,current_list
UBER,1543151.0,current_list
UDR,74208.0,current_list
UHS,352915.0,current_list
ULTA,1403568.0,current_list
UNH,731766.0,current_list
UNM,5513.0,current_list
UNP,100885.0,current_list
UPS,1090727.0,current_list
URBN,912615.0,current_list
URI,1067701.0,current_list
USB,36104.0,current_list
UTX,,
V,1403161.0,current_list
VAR,,
VEEV,1393052.0,current_list
VFC,103379.0,current_list
VIAB,,
VIAC,,
VICI,1705696.0,current_list
VLO,1035002.0,current_list
VLTO,1967680.0,current_list
VMC,1396009.0,current_list
VMRK,906107.0,current_list
VNO,899689.0,current_list
VNT,1786842.0,current_list
VRSK,1442145.0,current_list
VRSN,1014473.0,current_list
VRT,1674101.0,current_list
VRTX,875320.0,current_list
VST,1692819.0,current_list
VTR,740260.0,current_list
VTRS,1792044.0,current_list
VZ,732712.0,current_list
WAB,943452.0,current_list
WAT,1000697.0,current_list
WBA,1618921.0,ticker_lookup
WBD,1437107.0,current_list
WCG,,
WDAY,1327811.0,current_list
WDC,106040.0,current_list
WEC,783325.0,current_list
WELL,766704.0,current_list
WFC,72971.0,current_list
WFM,,
WHR,106640.0,current_list
WLTW,,
WM,823768.0,current_list
WMB,107263.0,current_list
WMT,104169.0,current_list
WRB,11544.0,current_list
WRK,1732845.0,ticker_lookup
WSM,719955.0,current_list
WST,105770.0,current_list
WTW,1140536.0,current_list
WU,1365135.0,current_list
WY,106535.0,current_list
WYND,,
WYNN,1174922.0,current_list
XEC,,
XEL,72903.0,current_list
XL,1772720.0,ticker_lookup
XLNX,,
XOM,2115436.0,current_list
XRAY,818479.0,current_list
XRX,1770450.0,current_list
XYL,1524472.0,current_list
XYZ,1512673.0,current_list
YUM,1041061.0,current_list
ZBH,1136869.0,current_list
ZBRA,877212.0,current_list
ZION,109380.0,current_list
ZTS,1555280.0,current_list
