ticker_raw,start,end,ticker,reused_ticker
FOSL,2015-12-28,2016-01-05,FOSL,False
PCP,2015-12-28,2016-02-01,PCP,False
BRCM,2015-12-28,2016-02-01,BRCM,False
PCL,2015-12-28,2016-02-22,PCL,False
GMCR,2015-12-28,2016-03-03,GMCR,False
CNX,2015-12-28,2016-03-04,CNX,False
POM,2015-12-28,2016-03-24,POM,False
ESV,2015-12-28,2016-03-30,ESV,False
CAM,2015-12-28,2016-04-04,CAM,False
THC,2015-12-28,2016-04-18,THC,False
GME,2015-12-28,2016-04-25,GME,False
ADT,2015-12-28,2016-05-02,ADT,False
SNDK,2015-12-28,2016-05-12,SNDK,False
TWC,2015-12-28,2016-05-18,TWC,False
ARG,2015-12-28,2016-05-23,ARG,False
CCEP,2016-01-04,2016-05-31,CCEP,False
CCE,2015-12-28,2016-05-31,CCE,False
BXLT,2015-12-28,2016-06-03,BXLT,False
CVC,2015-12-28,2016-06-21,CVC,False
CPGX,2015-12-28,2016-07-01,CPGX,False
GAS,2015-12-28,2016-07-01,GAS,False
TE,2015-12-28,2016-07-01,TE,False
EMC,2015-12-28,2016-09-07,EMC,False
HOT,2015-12-28,2016-09-23,HOT,False
DO,2015-12-28,2016-10-03,DO,False
LM,2015-12-28,2016-12-02,LM,False
OI,2015-12-28,2016-12-02,OI,False
STJ,2015-12-28,2017-01-05,STJ,False
SE,2015-12-28,2017-02-27,SE,False
PBI,2015-12-28,2017-03-01,PBI,False
ENDP,2015-12-28,2017-03-02,ENDP,False
LLTC,2015-12-28,2017-03-13,LLTC,False
HAR,2015-12-28,2017-03-13,HAR,False
FTR,2015-12-28,2017-03-20,FTR,False
FSLR,2015-12-28,2017-03-20,FSLR,False
URBN,2015-12-28,2017-03-20,URBN,False
SWN,2015-12-28,2017-04-04,SWN,False
DNB,2015-12-28,2017-04-05,DNB,False
TGNA,2015-12-28,2017-06-02,TGNA,False
MJN,2015-12-28,2017-06-15,MJN,False
TDC,2015-12-28,2017-06-19,TDC,False
AABA,2015-12-28,2017-06-19,AABA,False
R,2015-12-28,2017-06-19,R,False
RAI,2015-12-28,2017-07-25,RAI,False
MUR,2015-12-28,2017-07-26,MUR,False
RIG,2015-12-28,2017-07-26,RIG,False
MNK,2015-12-28,2017-07-26,MNK,False
BBBY,2015-12-28,2017-07-26,BBBY,False
AN,2015-12-28,2017-08-08,AN,False
WFM,2015-12-28,2017-08-28,WFM,False
DOW,2015-12-28,2017-09-01,DOW,False
DD,2015-12-28,2017-09-01,DD,False
SPLS,2015-12-28,2017-09-13,SPLS,False
LVLT,2015-12-28,2017-10-13,LVLT,False
BCR,2015-12-28,2017-12-29,BCR,False
SNI,2015-12-28,2018-03-07,SNI,False
CHK,2015-12-28,2018-03-19,CHK,False
SIG,2015-12-28,2018-03-19,SIG,False
PDCO,2015-12-28,2018-03-19,PDCO,False
CSRA,2015-12-28,2018-04-04,CSRA,False
WYND,2015-12-28,2018-05-31,WYND,False
NAVI,2015-12-28,2018-06-05,NAVI,False
MON,2015-12-28,2018-06-07,MON,False
TWX,2015-12-28,2018-06-15,TWX,False
RRC,2015-12-28,2018-06-18,RRC,False
AYI,2016-05-03,2018-06-18,AYI,False
KDP,2015-12-28,2018-07-02,KDP,False
GGP,2015-12-28,2018-08-28,GGP,False
XL,2015-12-28,2018-09-12,XL,False
KORS,2015-12-28,2018-09-19,KORS,False
ANDV,2015-12-28,2018-10-01,ANDV,False
EVHC,2016-12-02,2018-10-11,EVHC,False
PX,2015-12-28,2018-10-31,PX,False
CA,2015-12-28,2018-11-06,CA,False
EQT,2015-12-28,2018-11-13,EQT,False
COL,2015-12-28,2018-11-27,COL,False
AET,2015-12-28,2018-11-29,AET,False
SRCL,2015-12-28,2018-12-03,SRCL,False
ESRX,2015-12-28,2018-12-21,ESRX,False
SCG,2015-12-28,2019-01-02,SCG,False
PCG,2015-12-28,2019-01-18,PCG,False
NFX,2015-12-28,2019-02-15,NFX,False
GT,2015-12-28,2019-02-27,GT,False
BHF,2017-08-07,2019-04-02,BHF,False
HRS,2015-12-28,2019-06-01,HRS,False
DWDP,2017-09-01,2019-06-03,DWDP,False
FLR,2015-12-28,2019-06-03,FLR,False
MAT,2015-12-28,2019-06-07,MAT,False
LLL,2015-12-28,2019-07-01,LLL,False
RHT,2015-12-28,2019-07-15,RHT,False
TMK,2015-12-28,2019-08-08,TMK,False
FL,2016-04-04,2019-08-09,FL,False
APC,2015-12-28,2019-08-09,APC,False
TSS,2015-12-28,2019-09-23,TSS,False
JEF,2015-12-28,2019-09-26,JEF,False
NKTR,2018-03-19,2019-10-03,NKTR,False
BHGE,2015-12-28,2019-10-18,BHGE,False
SYMC,2015-12-28,2019-11-05,SYMC,False
HCP,2015-12-28,2019-11-05,HCP,False
CELG,2015-12-28,2019-11-21,CELG,False
CBS,2015-12-28,2019-12-05,CBS,False
VIAB,2015-12-28,2019-12-05,VIAB,False
BBT,2015-12-28,2019-12-09,BBT,False
STI,2015-12-28,2019-12-09,STI,False
JEC,2015-12-28,2019-12-10,JEC,False
TRIP,2015-12-28,2019-12-23,TRIP,False
MAC,2015-12-28,2019-12-23,MAC,False
AMG,2015-12-28,2019-12-23,AMG,False
WCG,2018-09-17,2020-01-28,WCG,False
XEC,2015-12-28,2020-03-03,XEC,False
UTX,2015-12-28,2020-04-03,UTX,False
ARNC,2015-12-28,2020-04-06,ARNC,False
RTN,2015-12-28,2020-04-06,RTN,False
M,2015-12-28,2020-04-06,M,False
AGN,2015-12-28,2020-05-12,AGN,False
CPRI,2016-01-04,2020-05-12,CPRI,False
HP,2015-12-28,2020-05-22,HP,False
JWN,2015-12-28,2020-06-22,JWN,False
ADS,2015-12-28,2020-06-22,ADS,False
HOG,2015-12-28,2020-06-22,HOG,False
CTL,2015-12-28,2020-09-18,CTL,False
COTY,2016-10-03,2020-09-21,COTY,False
KSS,2015-12-28,2020-09-21,KSS,False
HRB,2015-12-28,2020-09-21,HRB,False
ETFC,2015-12-28,2020-10-07,ETFC,False
NBL,2015-12-28,2020-10-12,NBL,False
MYL,2015-12-28,2020-11-17,MYL,False
AIV,2015-12-28,2020-12-21,AIV,False
TIF,2015-12-28,2021-01-07,TIF,False
CXO,2016-02-22,2021-01-21,CXO,False
FTI,2015-12-28,2021-02-12,FTI,False
XRX,2015-12-28,2021-03-22,XRX,False
SLG,2015-12-28,2021-03-22,SLG,False
VNT,2020-10-12,2021-03-22,VNT,False
FLS,2015-12-28,2021-03-22,FLS,False
VAR,2015-12-28,2021-04-20,VAR,False
FLIR,2015-12-28,2021-05-14,FLIR,False
HFC,2018-06-18,2021-06-04,HFC,False
ALXN,2015-12-28,2021-07-21,ALXN,False
LB,2015-12-28,2021-08-03,LB,False
MXIM,2018-12-03,2021-08-30,MXIM,False
NOV,2015-12-28,2021-09-20,NOV,False
PRGO,2015-12-28,2021-09-20,PRGO,False
UNM,2015-12-28,2021-09-20,UNM,False
COG,2015-12-28,2021-10-04,COG,False
KSU,2015-12-28,2021-12-14,KSU,False
LEG,2015-12-28,2021-12-20,LEG,False
WU,2015-12-28,2021-12-20,WU,False
HBI,2015-12-28,2021-12-20,HBI,False
WLTW,2016-01-05,2022-01-10,WLTW,False
GPS,2015-12-28,2022-02-02,GPS,False
XLNX,2015-12-28,2022-02-15,XLNX,False
VIAC,2019-12-05,2022-02-17,VIAC,False
INFO,2017-06-02,2022-03-02,INFO,False
PBCT,2015-12-28,2022-04-04,PBCT,False
DISCK,2015-12-28,2022-04-11,DISCK,False
DISCA,2015-12-28,2022-04-11,DISCA,False
BLL,2015-12-28,2022-05-10,BLL,False
CERN,2015-12-28,2022-06-08,CERN,False
FB,2015-12-28,2022-06-09,FB,False
IPGP,2018-03-07,2022-06-21,IPGP,False
UA,2016-04-08,2022-06-21,UA,False
UAA,2015-12-28,2022-06-21,UAA,False
ANTM,2015-12-28,2022-06-28,ANTM,False
PENN,2021-03-22,2022-09-19,PENN,False
PVH,2015-12-28,2022-09-19,PVH,False
CTXS,2015-12-28,2022-10-03,CTXS,False
DRE,2017-07-26,2022-10-03,DRE,False
NLSN,2015-12-28,2022-10-12,NLSN,False
TWTR,2018-06-07,2022-11-01,TWTR,False
NLOK,2019-11-05,2022-11-08,NLOK,False
FBHS,2016-06-24,2022-12-19,FBHS,False
ABMD,2018-05-31,2022-12-22,ABMD,False
VNO,2015-12-28,2023-01-04,VNO,False
SBNY,2021-12-20,2023-03-15,SBNY,False
SIVB,2018-03-19,2023-03-15,SIVB,False
LUMN,2020-09-18,2023-03-20,LUMN,False
FRC,2019-01-02,2023-05-04,FRC,False
PKI,2015-12-28,2023-05-16,PKI,False
FISV,2015-12-28,2023-06-07,FISV,False
DISH,2017-03-13,2023-06-20,DISH,False
RE,2017-06-19,2023-07-10,RE,False
AAP,2015-12-28,2023-08-25,AAP,False
ABC,2015-12-28,2023-08-30,ABC,False
NWL,2015-12-28,2023-09-18,NWL,False
LNC,2015-12-28,2023-09-18,LNC,False
DXC,2017-04-04,2023-10-02,DXC,False
ATVI,2015-12-28,2023-10-18,ATVI,False
OGN,2021-06-04,2023-10-18,OGN,False
SEE,2015-12-28,2023-12-18,SEE,False
ALK,2016-05-13,2023-12-18,ALK,False
SEDG,2021-12-20,2023-12-18,SEDG,False
CDAY,2021-09-20,2024-02-01,CDAY,False
PEAK,2019-11-05,2024-03-04,PEAK,False
ZION,2015-12-28,2024-03-18,ZION,False
WHR,2015-12-28,2024-03-18,WHR,False
FLT,2018-06-20,2024-03-25,FLT,False
VFC,2015-12-28,2024-04-01,VFC,False
XRAY,2015-12-28,2024-04-02,XRAY,False
PXD,2015-12-28,2024-05-08,PXD,False
ILMN,2015-12-28,2024-06-24,ILMN,False
CMA,2015-12-28,2024-06-24,CMA,False
RHI,2015-12-28,2024-06-24,RHI,False
WRK,2015-12-28,2024-07-08,WRK,False
BIO,2020-06-22,2024-09-23,BIO,False
ETSY,2020-09-21,2024-09-23,ETSY,False
AAL,2015-12-28,2024-09-23,AAL,False
BBWI,2021-08-03,2024-10-01,BBWI,False
MRO,2015-12-28,2024-11-26,MRO,False
QRVO,2015-12-28,2024-12-23,QRVO,False
CTLT,2020-09-21,2024-12-23,CTLT,False
AMTM,2024-09-30,2024-12-23,AMTM,False
FMC,2015-12-28,2025-03-24,FMC,False
TFX,2019-01-18,2025-03-24,TFX,False
BWA,2015-12-28,2025-03-24,BWA,False
CE,2018-12-24,2025-03-24,CE,False
DFS,2015-12-28,2025-05-19,DFS,False
JNPR,2015-12-28,2025-07-09,JNPR,False
ANSS,2017-06-19,2025-07-18,ANSS,False
HES,2015-12-28,2025-07-23,HES,False
PARA,2022-02-17,2025-08-08,PARA,False
WBA,2015-12-28,2025-08-28,WBA,False
MKTX,2019-07-01,2025-09-22,MKTX,False
CZR,2021-03-22,2025-09-22,CZR,False
ENPH,2021-01-07,2025-09-22,ENPH,False
KMX,2015-12-28,2025-10-31,KMX,False
EMN,2015-12-28,2025-11-04,EMN,False
FI,2023-06-07,2025-11-11,FI,False
IPG,2015-12-28,2025-11-28,IPG,False
K,2015-12-28,2025-12-11,K,False
LKQ,2016-05-23,2025-12-22,LKQ,False
MHK,2015-12-28,2025-12-22,MHK,False
SOLS,2025-10-30,2025-12-22,SOLS,False
MMC,2015-12-28,2026-01-14,MMC,False
DAY,2024-02-01,2026-02-09,DAY,False
MTCH,2021-09-20,2026-03-23,MTCH,False
LW,2018-12-03,2026-03-23,LW,False
MOH,2022-03-02,2026-03-23,MOH,False
PAYC,2020-01-28,2026-03-23,PAYC,False
HOLX,2016-03-30,2026-04-09,HOLX,False
CTRA,2021-10-04,2026-05-07,CTRA,False
BK,2015-12-28,2026-05-21,BK,False
EPAM,2021-12-14,2026-06-02,EPAM,False
CPB,2015-12-28,2026-06-22,CPB,False
POOL,2020-10-07,2026-06-22,POOL,False
SATS,2026-03-23,2026-06-24,SATS,False
CAG,2015-12-28,2026-06-30,CAG,False
EA,2015-12-28,2026-08-05,EA,False
EQR,2015-12-28,2026-08-18,EQR,False
AVB,2015-12-28,2026-08-18,AVB,False
CL,2015-12-28,,CL,False
MCO,2015-12-28,,MCO,False
TEL,2015-12-28,,TEL,False
MLM,2015-12-28,,MLM,False
ADI,2015-12-28,,ADI,False
EOG,2015-12-28,,EOG,False
HPQ,2015-12-28,,HPQ,False
CF,2015-12-28,,CF,False
URI,2015-12-28,,URI,False
CBRE,2015-12-28,,CBRE,False
NVDA,2015-12-28,,NVDA,False
PLD,2015-12-28,,PLD,False
ZTS,2015-12-28,,ZTS,False
PAYX,2015-12-28,,PAYX,False
PPG,2015-12-28,,PPG,False
AEP,2015-12-28,,AEP,False
AAPL,2015-12-28,,AAPL,False
NI,2015-12-28,,NI,False
KO,2015-12-28,,KO,False
SYY,2015-12-28,,SYY,False
ITW,2015-12-28,,ITW,False
GD,2015-12-28,,GD,False
CINF,2015-12-28,,CINF,False
HAL,2015-12-28,,HAL,False
NTRS,2015-12-28,,NTRS,False
RF,2015-12-28,,RF,False
WAT,2015-12-28,,WAT,False
WMB,2015-12-28,,WMB,False
FOX,2015-12-28,,FOX,False
OXY,2015-12-28,,OXY,False
AEE,2015-12-28,,AEE,False
C,2015-12-28,,C,False
MO,2015-12-28,,MO,False
O,2015-12-28,,O,False
UHS,2015-12-28,,UHS,False
AMZN,2015-12-28,,AMZN,False
AFL,2015-12-28,,AFL,False
CCL,2015-12-28,,CCL,False
SBUX,2015-12-28,,SBUX,False
TSCO,2015-12-28,,TSCO,False
APD,2015-12-28,,APD,False
LUV,2015-12-28,,LUV,False
V,2015-12-28,,V,False
ALLE,2015-12-28,,ALLE,False
GOOGL,2015-12-28,,GOOGL,False
TAP,2015-12-28,,TAP,False
PM,2015-12-28,,PM,False
XEL,2015-12-28,,XEL,False
GIS,2015-12-28,,GIS,False
NFLX,2015-12-28,,NFLX,False
SJM,2015-12-28,,SJM,False
BXP,2015-12-28,,BXP,False
DTE,2015-12-28,,DTE,False
SYF,2015-12-28,,SYF,False
PEG,2015-12-28,,PEG,False
MDLZ,2015-12-28,,MDLZ,False
FDX,2015-12-28,,FDX,False
LH,2015-12-28,,LH,False
APA,2015-12-28,,APA,False
DGX,2015-12-28,,DGX,False
DLTR,2015-12-28,,DLTR,False
MET,2015-12-28,,MET,False
FOXA,2015-12-28,,FOXA,False
GS,2015-12-28,,GS,False
QCOM,2015-12-28,,QCOM,False
DUK,2015-12-28,,DUK,False
HUM,2015-12-28,,HUM,False
MA,2015-12-28,,MA,False
SLB,2015-12-28,,SLB,False
ROK,2015-12-28,,ROK,False
WYNN,2015-12-28,,WYNN,False
DHI,2015-12-28,,DHI,False
PYPL,2015-12-28,,PYPL,False
MTB,2015-12-28,,MTB,False
NEM,2015-12-28,,NEM,False
LLY,2015-12-28,,LLY,False
T,2015-12-28,,T,False
ADP,2015-12-28,,ADP,False
VRSK,2015-12-28,,VRSK,False
ROST,2015-12-28,,ROST,False
AZO,2015-12-28,,AZO,False
CRM,2015-12-28,,CRM,False
XOM,2015-12-28,,XOM,False
GRMN,2015-12-28,,GRMN,False
TJX,2015-12-28,,TJX,False
BAC,2015-12-28,,BAC,False
ACN,2015-12-28,,ACN,False
NWSA,2015-12-28,,NWSA,False
CCI,2015-12-28,,CCI,False
JNJ,2015-12-28,,JNJ,False
NKE,2015-12-28,,NKE,False
TSN,2015-12-28,,TSN,False
VMC,2015-12-28,,VMC,False
SPGI,2015-12-28,,SPGI,False
VRTX,2015-12-28,,VRTX,False
DHR,2015-12-28,,DHR,False
VLO,2015-12-28,,VLO,False
PSA,2015-12-28,,PSA,False
FIS,2015-12-28,,FIS,False
ABBV,2015-12-28,,ABBV,False
CSX,2015-12-28,,CSX,False
GILD,2015-12-28,,GILD,False
COP,2015-12-28,,COP,False
CTAS,2015-12-28,,CTAS,False
CLX,2015-12-28,,CLX,False
WDC,2015-12-28,,WDC,False
EXC,2015-12-28,,EXC,False
AVGO,2015-12-28,,AVGO,False
RSG,2015-12-28,,RSG,False
GE,2015-12-28,,GE,False
ECL,2015-12-28,,ECL,False
KR,2015-12-28,,KR,False
SWK,2015-12-28,,SWK,False
MCK,2015-12-28,,MCK,False
IRM,2015-12-28,,IRM,False
CI,2015-12-28,,CI,False
AME,2015-12-28,,AME,False
IP,2015-12-28,,IP,False
XYL,2015-12-28,,XYL,False
PWR,2015-12-28,,PWR,False
FITB,2015-12-28,,FITB,False
DOV,2015-12-28,,DOV,False
MS,2015-12-28,,MS,False
MPC,2015-12-28,,MPC,False
SRE,2015-12-28,,SRE,False
A,2015-12-28,,A,False
VZ,2015-12-28,,VZ,False
MCHP,2015-12-28,,MCHP,False
MU,2015-12-28,,MU,False
PPL,2015-12-28,,PPL,False
IFF,2015-12-28,,IFF,False
LYB,2015-12-28,,LYB,False
DE,2015-12-28,,DE,False
MSFT,2015-12-28,,MSFT,False
WMT,2015-12-28,,WMT,False
SYK,2015-12-28,,SYK,False
FE,2015-12-28,,FE,False
AVY,2015-12-28,,AVY,False
GPC,2015-12-28,,GPC,False
ETN,2015-12-28,,ETN,False
PGR,2015-12-28,,PGR,False
KHC,2015-12-28,,KHC,False
HPE,2015-12-28,,HPE,False
LRCX,2015-12-28,,LRCX,False
ES,2015-12-28,,ES,False
KLAC,2015-12-28,,KLAC,False
WELL,2015-12-28,,WELL,False
USB,2015-12-28,,USB,False
DG,2015-12-28,,DG,False
BBY,2015-12-28,,BBY,False
FCX,2015-12-28,,FCX,False
PH,2015-12-28,,PH,False
AXP,2015-12-28,,AXP,False
MKC,2015-12-28,,MKC,False
ADBE,2015-12-28,,ADBE,False
OMC,2015-12-28,,OMC,False
RCL,2015-12-28,,RCL,False
CME,2015-12-28,,CME,False
PRU,2015-12-28,,PRU,False
TROW,2015-12-28,,TROW,False
BIIB,2015-12-28,,BIIB,False
UNH,2015-12-28,,UNH,False
PG,2015-12-28,,PG,False
PFG,2015-12-28,,PFG,False
AIG,2015-12-28,,AIG,False
ZBH,2015-12-28,,ZBH,False
JBHT,2015-12-28,,JBHT,False
BA,2015-12-28,,BA,False
ED,2015-12-28,,ED,False
HSY,2015-12-28,,HSY,False
AMP,2015-12-28,,AMP,False
BDX,2015-12-28,,BDX,False
MAS,2015-12-28,,MAS,False
AMT,2015-12-28,,AMT,False
DVN,2015-12-28,,DVN,False
DRI,2015-12-28,,DRI,False
HCA,2015-12-28,,HCA,False
NEE,2015-12-28,,NEE,False
BMY,2015-12-28,,BMY,False
NTAP,2015-12-28,,NTAP,False
COST,2015-12-28,,COST,False
DIS,2015-12-28,,DIS,False
KEY,2015-12-28,,KEY,False
ABT,2015-12-28,,ABT,False
ALL,2015-12-28,,ALL,False
JCI,2015-12-28,,JCI,False
HON,2015-12-28,,HON,False
ESS,2015-12-28,,ESS,False
NOC,2015-12-28,,NOC,False
KIM,2015-12-28,,KIM,False
UPS,2015-12-28,,UPS,False
AKAM,2015-12-28,,AKAM,False
INTC,2015-12-28,,INTC,False
EIX,2015-12-28,,EIX,False
HIG,2015-12-28,,HIG,False
ISRG,2015-12-28,,ISRG,False
ORLY,2015-12-28,,ORLY,False
GM,2015-12-28,,GM,False
TPR,2015-12-28,,TPR,False
EFX,2015-12-28,,EFX,False
MMM,2015-12-28,,MMM,False
HAS,2015-12-28,,HAS,False
CVS,2015-12-28,,CVS,False
BEN,2015-12-28,,BEN,False
TXT,2015-12-28,,TXT,False
CVX,2015-12-28,,CVX,False
TMO,2015-12-28,,TMO,False
EQIX,2015-12-28,,EQIX,False
AON,2015-12-28,,AON,False
CAT,2015-12-28,,CAT,False
EXPD,2015-12-28,,EXPD,False
COF,2015-12-28,,COF,False
DAL,2015-12-28,,DAL,False
SO,2015-12-28,,SO,False
VRSN,2015-12-28,,VRSN,False
HSIC,2015-12-28,,HSIC,False
ROP,2015-12-28,,ROP,False
NWS,2015-12-28,,NWS,False
HST,2015-12-28,,HST,False
NDAQ,2015-12-28,,NDAQ,False
ADSK,2015-12-28,,ADSK,False
HD,2015-12-28,,HD,False
IVZ,2015-12-28,,IVZ,False
MRK,2015-12-28,,MRK,False
YUM,2015-12-28,,YUM,False
NRG,2015-12-28,,NRG,False
UNP,2015-12-28,,UNP,False
CMG,2015-12-28,,CMG,False
BAX,2015-12-28,,BAX,False
WM,2015-12-28,,WM,False
WEC,2015-12-28,,WEC,False
SNA,2015-12-28,,SNA,False
ICE,2015-12-28,,ICE,False
L,2015-12-28,,L,False
LMT,2015-12-28,,LMT,False
RL,2015-12-28,,RL,False
D,2015-12-28,,D,False
PSX,2015-12-28,,PSX,False
JPM,2015-12-28,,JPM,False
SHW,2015-12-28,,SHW,False
EMR,2015-12-28,,EMR,False
IR,2015-12-28,,IR,False
VTR,2015-12-28,,VTR,False
BF.B,2015-12-28,,BF.B,False
INTU,2015-12-28,,INTU,False
EW,2015-12-28,,EW,False
ORCL,2015-12-28,,ORCL,False
LEN,2015-12-28,,LEN,False
APTV,2015-12-28,,APTV,False
CTSH,2015-12-28,,CTSH,False
TRV,2015-12-28,,TRV,False
NUE,2015-12-28,,NUE,False
CAH,2015-12-28,,CAH,False
EXPE,2015-12-28,,EXPE,False
CB,2015-12-28,,CB,False
BSX,2015-12-28,,BSX,False
KMI,2015-12-28,,KMI,False
GOOG,2015-12-28,,GOOG,False
REGN,2015-12-28,,REGN,False
HBAN,2015-12-28,,HBAN,False
EL,2015-12-28,,EL,False
DVA,2015-12-28,,DVA,False
MAR,2015-12-28,,MAR,False
GWW,2015-12-28,,GWW,False
BLK,2015-12-28,,BLK,False
AES,2015-12-28,,AES,False
STX,2015-12-28,,STX,False
CMCSA,2015-12-28,,CMCSA,False
CNP,2015-12-28,,CNP,False
MCD,2015-12-28,,MCD,False
PFE,2015-12-28,,PFE,False
BRK.B,2015-12-28,,BRK.B,False
MNST,2015-12-28,,MNST,False
PCAR,2015-12-28,,PCAR,False
SPG,2015-12-28,,SPG,False
TGT,2015-12-28,,TGT,False
CSCO,2015-12-28,,CSCO,False
AIZ,2015-12-28,,AIZ,False
CMS,2015-12-28,,CMS,False
F,2015-12-28,,F,False
STT,2015-12-28,,STT,False
KMB,2015-12-28,,KMB,False
UAL,2015-12-28,,UAL,False
CMI,2015-12-28,,CMI,False
TXN,2015-12-28,,TXN,False
BKNG,2015-12-28,,BKNG,False
MSI,2015-12-28,,MSI,False
STZ,2015-12-28,,STZ,False
LOW,2015-12-28,,LOW,False
PNC,2015-12-28,,PNC,False
ADM,2015-12-28,,ADM,False
ETR,2015-12-28,,ETR,False
PEP,2015-12-28,,PEP,False
OKE,2015-12-28,,OKE,False
MDT,2015-12-28,,MDT,False
GLW,2015-12-28,,GLW,False
SCHW,2015-12-28,,SCHW,False
HRL,2015-12-28,,HRL,False
PNW,2015-12-28,,PNW,False
SWKS,2015-12-28,,SWKS,False
NSC,2015-12-28,,NSC,False
IBM,2015-12-28,,IBM,False
PNR,2015-12-28,,PNR,False
MOS,2015-12-28,,MOS,False
EBAY,2015-12-28,,EBAY,False
FFIV,2015-12-28,,FFIV,False
PHM,2015-12-28,,PHM,False
APH,2015-12-28,,APH,False
AMGN,2015-12-28,,AMGN,False
WFC,2015-12-28,,WFC,False
CHRW,2015-12-28,,CHRW,False
FAST,2015-12-28,,FAST,False
AMAT,2015-12-28,,AMAT,False
WY,2015-12-28,,WY,False
CHD,2015-12-29,,CHD,False
EXR,2016-01-19,,EXR,False
CFG,2016-02-01,,CFG,False
FRT,2016-02-01,,FRT,False
AWK,2016-03-04,,AWK,False
UDR,2016-03-07,,UDR,False
CNC,2016-03-30,,CNC,False
ULTA,2016-04-18,,ULTA,False
GPN,2016-04-25,,GPN,False
DLR,2016-05-18,,DLR,False
AJG,2016-05-31,,AJG,False
TDG,2016-06-03,,TDG,False
LNT,2016-07-01,,LNT,False
ALB,2016-07-01,,ALB,False
FTV,2016-07-05,,FTV,False
MTD,2016-09-06,,MTD,False
CHTR,2016-09-08,,CHTR,False
COO,2016-09-23,,COO,False
MAA,2016-12-02,,MAA,False
IDXX,2017-01-05,,IDXX,False
INCY,2017-02-28,,INCY,False
CBOE,2017-03-01,,CBOE,False
REG,2017-03-02,,REG,False
SNPS,2017-03-16,,SNPS,False
ARE,2017-03-20,,ARE,False
AMD,2017-03-20,,AMD,False
RJF,2017-03-20,,RJF,False
IT,2017-04-05,,IT,False
ALGN,2017-06-19,,ALGN,False
HLT,2017-06-19,,HLT,False
PKG,2017-07-26,,PKG,False
RMD,2017-07-26,,RMD,False
AOS,2017-07-26,,AOS,False
MGM,2017-07-26,,MGM,False
IQV,2017-08-29,,IQV,False
SBAC,2017-09-01,,SBAC,False
CDNS,2017-09-18,,CDNS,False
NCLH,2017-10-13,,NCLH,False
HII,2018-01-03,,HII,False
TTWO,2018-03-19,,TTWO,False
MSCI,2018-04-04,,MSCI,False
EVRG,2018-06-05,,EVRG,False
BR,2018-06-18,,BR,False
CPRT,2018-07-02,,CPRT,False
ANET,2018-08-28,,ANET,False
ROL,2018-10-01,,ROL,False
FTNT,2018-10-11,,FTNT,False
KEYS,2018-11-06,,KEYS,False
LIN,2018-11-06,,LIN,False
JKHY,2018-11-13,,JKHY,False
FANG,2018-12-03,,FANG,False
ATO,2019-02-15,,ATO,False
WAB,2019-02-27,,WAB,False
DOW,2019-04-02,,DOW,False
LHX,2019-06-01,,LHX,False
CTVA,2019-06-03,,CTVA,False
DD,2019-06-03,,DD,False
AMCR,2019-06-07,,AMCR,False
TMUS,2019-07-15,,TMUS,False
GL,2019-08-08,,GL,False
LDOS,2019-08-09,,LDOS,False
IEX,2019-08-09,,IEX,False
CDW,2019-09-23,,CDW,False
NVR,2019-09-26,,NVR,False
LVS,2019-10-03,,LVS,False
BKR,2019-10-18,,BKR,False
NOW,2019-11-21,,NOW,False
WRB,2019-12-05,,WRB,False
ODFL,2019-12-09,,ODFL,False
TFC,2019-12-09,,TFC,False
J,2019-12-10,,J,False
STE,2019-12-23,,STE,False
ZBRA,2019-12-23,,ZBRA,False
LYV,2019-12-23,,LYV,False
TT,2020-03-03,,TT,False
OTIS,2020-04-03,,OTIS,False
RTX,2020-04-03,,RTX,False
CARR,2020-04-03,,CARR,False
HWM,2020-04-06,,HWM,False
DPZ,2020-05-12,,DPZ,False
DXCM,2020-05-12,,DXCM,False
WST,2020-05-22,,WST,False
TDY,2020-06-22,,TDY,False
TYL,2020-06-22,,TYL,False
TER,2020-09-21,,TER,False
VTRS,2020-11-17,,VTRS,False
TSLA,2020-12-21,,TSLA,False
TRMB,2021-01-21,,TRMB,False
MPWR,2021-02-12,,MPWR,False
NXPI,2021-03-22,,NXPI,False
GNRC,2021-03-22,,GNRC,False
PTC,2021-04-20,,PTC,False
CRL,2021-05-14,,CRL,False
MRNA,2021-07-21,,MRNA,False
TECH,2021-08-30,,TECH,False
BRO,2021-09-20,,BRO,False
FDS,2021-12-20,,FDS,False
WTW,2022-01-10,,WTW,False
CEG,2022-02-02,,CEG,False
NDSN,2022-02-15,,NDSN,False
CPT,2022-04-04,,CPT,False
WBD,2022-04-11,,WBD,False
BALL,2022-05-10,,BALL,False
VICI,2022-06-08,,VICI,False
META,2022-06-09,,META,False
KDP,2022-06-21,,KDP,False
ON,2022-06-21,,ON,False
ELV,2022-06-28,,ELV,False
CSGP,2022-09-19,,CSGP,False
INVH,2022-09-19,,INVH,False
EQT,2022-10-03,,EQT,False
PCG,2022-10-03,,PCG,False
TRGP,2022-10-12,,TRGP,False
ACGL,2022-11-01,,ACGL,False
GEN,2022-11-08,,GEN,False
FSLR,2022-12-19,,FSLR,False
STLD,2022-12-22,,STLD,False
GEHC,2023-01-04,,GEHC,False
PODD,2023-03-15,,PODD,False
BG,2023-03-15,,BG,False
FICO,2023-03-20,,FICO,False
AXON,2023-05-04,,AXON,False
RVTY,2023-05-16,,RVTY,False
PANW,2023-06-20,,PANW,False
EG,2023-07-10,,EG,False
KVUE,2023-08-25,,KVUE,False
COR,2023-08-30,,COR,False
BX,2023-09-18,,BX,False
ABNB,2023-09-18,,ABNB,False
VLTO,2023-10-02,,VLTO,False
LULU,2023-10-18,,LULU,False
HUBB,2023-10-18,,HUBB,False
BLDR,2023-12-18,,BLDR,False
UBER,2023-12-18,,UBER,False
JBL,2023-12-18,,JBL,False
DOC,2024-03-04,,DOC,False
SMCI,2024-03-18,,SMCI,False
DECK,2024-03-18,,DECK,False
CPAY,2024-03-25,,CPAY,False
SOLV,2024-04-01,,SOLV,False
GEV,2024-04-02,,GEV,False
VST,2024-05-08,,VST,False
KKR,2024-06-24,,KKR,False
CRWD,2024-06-24,,CRWD,False
GDDY,2024-06-24,,GDDY,False
SW,2024-07-08,,SW,False
PLTR,2024-09-23,,PLTR,False
ERIE,2024-09-23,,ERIE,False
DELL,2024-09-23,,DELL,False
TPL,2024-11-26,,TPL,False
APO,2024-12-23,,APO,False
WDAY,2024-12-23,,WDAY,False
LII,2024-12-23,,LII,False
TKO,2025-03-24,,TKO,False
DASH,2025-03-24,,DASH,False
EXE,2025-03-24,,EXE,False
WSM,2025-03-24,,WSM,False
COIN,2025-05-19,,COIN,False
DDOG,2025-07-09,,DDOG,False
TTD,2025-07-18,,TTD,False
XYZ,2025-07-23,,XYZ,False
PSKY,2025-08-08,,PSKY,False
IBKR,2025-08-28,,IBKR,False
APP,2025-09-22,,APP,False
HOOD,2025-09-22,,HOOD,False
EME,2025-09-22,,EME,False
Q,2025-11-03,,Q,False
FISV,2025-11-11,,FISV,False
SNDK,2025-11-28,,SNDK,False
ARES,2025-12-11,,ARES,False
CVNA,2025-12-22,,CVNA,False
CRH,2025-12-22,,CRH,False
FIX,2025-12-22,,FIX,False
MRSH,2026-01-14,,MRSH,False
CIEN,2026-02-09,,CIEN,False
VRT,2026-03-23,,VRT,False
COHR,2026-03-23,,COHR,False
LITE,2026-03-23,,LITE,False
CASY,2026-04-09,,CASY,False
VEEV,2026-05-07,,VEEV,False
BNY,2026-05-21,,BNY,False
FDXF,2026-06-01,,FDXF,False
FLEX,2026-06-22,,FLEX,False
MRVL,2026-06-22,,MRVL,False
ECHO,2026-06-24,,ECHO,False
HONA,2026-06-29,,HONA,False
FERG,2026-08-05,,FERG,False
RDDT,2026-08-18,,RDDT,False
VMRK,2026-08-18,,VMRK,False
