strategy,N,delta,dte,stop,hold,n,per_year,avg,win,hit_target,avg_win,avg_loss,t,yrs_pos,yrs,days
pullback_call,50,0.6,30,0.1,5,1295,213,-0.047032671393256606,0.39536679536679536,0.38687258687258685,0.21665406755706984,-0.21945618396358504,-1.4484995306473183,0,7,1.7806949806949808
pullback_call,50,0.6,30,0.1,10,1294,213,-0.046706975736844895,0.3956723338485317,0.3941267387944359,0.21880566552493652,-0.2205464544146353,-1.4426967681094092,0,7,1.8160741885625966
pullback_call,50,0.6,30,0.2,5,1212,199,-0.05287566580283084,0.46534653465346537,0.4414191419141914,0.2095062165730532,-0.281245081944804,-1.7994551296665688,0,7,2.3853135313531353
pullback_call,50,0.6,30,0.2,10,1209,199,-0.05509051546660355,0.4747725392886683,0.4706368899917287,0.21424733346088196,-0.2985549647333385,-2.080670833636567,0,7,2.6137303556658393
pullback_call,50,0.6,45,0.1,5,1302,214,-0.04236678418783378,0.4001536098310292,0.3817204301075269,0.19620741366208647,-0.20151807366262053,-2.0569710861699506,0,7,1.9723502304147464
pullback_call,50,0.6,45,0.1,10,1297,213,-0.04365587182181337,0.3962991518889746,0.39244410177332306,0.2009525158762725,-0.20422893858658497,-2.1637079767102665,0,7,2.0416345412490364
pullback_call,50,0.6,45,0.2,5,1218,200,-0.04429063651118008,0.47044334975369456,0.43349753694581283,0.192112826439067,-0.25430487569023674,-1.9368003100295403,0,7,2.671592775041051
pullback_call,50,0.6,45,0.2,10,1208,199,-0.046767224861434864,0.48923841059602646,0.48013245033112584,0.1998603570488073,-0.28300207236379005,-2.256265526981512,0,7,3.052980132450331
breakout_call,50,0.6,30,0.1,5,773,127,-0.047125195526256144,0.36093143596377747,0.34928848641655885,0.2580909470264109,-0.2195043529598475,-5.415322384220943,0,7,1.630012936610608
breakout_call,50,0.6,30,0.1,10,771,127,-0.046697129754331816,0.36057068741893644,0.35927367055771725,0.2626980077766319,-0.22116335335191378,-5.107426344574528,0,7,1.6835278858625162
breakout_call,50,0.6,30,0.2,5,763,126,-0.04594636614327994,0.4325032765399738,0.41284403669724773,0.2564152171601799,-0.27638360053159805,-5.034927333422031,0,7,2.239842726081258
breakout_call,50,0.6,30,0.2,10,760,125,-0.046394228958138266,0.4473684210526316,0.44473684210526315,0.2598207086509554,-0.29428251178454745,-4.905882077836807,0,7,2.473684210526316
breakout_call,50,0.6,45,0.1,5,786,117,-0.03877445032096401,0.37404580152671757,0.361323155216285,0.22559778409732179,-0.196752980644086,-4.958516919210649,0,7,1.7557251908396947
breakout_call,50,0.6,45,0.1,10,784,117,-0.03830972431862108,0.375,0.3737244897959184,0.22950952495756918,-0.19900127388433525,-4.84616565298181,0,7,1.8265306122448979
breakout_call,50,0.6,45,0.2,5,774,115,-0.03295122979375802,0.45348837209302323,0.4263565891472868,0.2281729747474835,-0.24962876122159672,-4.14255870945213,0,7,2.4392764857881137
breakout_call,50,0.6,45,0.2,10,770,115,-0.03535781634703909,0.4714285714285714,0.4649350649350649,0.23211816743412547,-0.273917477557267,-4.259944289708491,0,7,2.8363636363636364
trend_call,50,0.6,30,0.1,5,10726,1765,-0.0507496346240038,0.3693828081297781,0.35567779228044005,0.2148772030590875,-0.20634004427811495,-9.953444835283985,0,7,1.8344210330039157
trend_call,50,0.6,30,0.1,10,10570,1739,-0.051430291350155165,0.3675496688741722,0.36707663197729423,0.22082895869702915,-0.20965425341946126,-10.014555637114071,0,7,1.891674550614948
trend_call,50,0.6,30,0.2,5,8959,1474,-0.05262134656062752,0.4517245228262083,0.4200245563120884,0.21143472809348304,-0.2701773184916506,-8.45463225681054,0,7,2.4939167317781004
trend_call,50,0.6,30,0.2,10,8456,1392,-0.055284230677046874,0.4636944181646168,0.4601466414380322,0.22195134348346274,-0.2949844922610288,-8.572974383629882,0,7,2.756622516556291
trend_call,50,0.6,45,0.1,5,10446,1553,-0.04411755873114602,0.37296572850852,0.3535324526134406,0.19622918078019186,-0.187078001042012,-9.450287601859491,0,7,1.9965537047673751
trend_call,50,0.6,45,0.1,10,10184,1514,-0.044350524950860684,0.37225058915946585,0.3708758837391987,0.20446538551544508,-0.1918964527746938,-9.351917216555103,0,7,2.0981932443047917
trend_call,50,0.6,45,0.2,5,8587,1277,-0.044700062519456796,0.4562711074880634,0.4142308140211948,0.1921797468395303,-0.24347819339727034,-7.9170505032114695,0,7,2.75684173751019
trend_call,50,0.6,45,0.2,10,7834,1165,-0.04586661970969759,0.48161858565228494,0.4738320142966556,0.20299467419139675,-0.27707904568576974,-7.8961209362101865,0,7,3.194536635179985
bear_put,50,0.6,30,0.1,5,360,53,-0.04168061381001832,0.36944444444444446,0.35555555555555557,0.24547164935534216,-0.2099240102901635,-1.0202342165660694,2,5,1.788888888888889
bear_put,50,0.6,30,0.1,10,360,53,-0.04398454757770797,0.3611111111111111,0.3611111111111111,0.2522433206766792,-0.21141769050410075,-1.258162004037863,2,5,1.8333333333333333
bear_put,50,0.6,30,0.2,5,342,50,-0.04086160889324421,0.4473684210526316,0.4239766081871345,0.23437284227112734,-0.2636704503120212,-1.3268931055770785,1,5,2.461988304093567
bear_put,50,0.6,30,0.2,10,340,50,-0.040774481171322305,0.4676470588235294,0.4647058823529412,0.2403465431488745,-0.287726099220556,-1.2849512086042867,2,5,2.735294117647059
bear_put,50,0.6,45,0.1,5,362,53,-0.04660922722862182,0.356353591160221,0.3287292817679558,0.1969823564945304,-0.1814732371010966,-1.7045315616547736,0,5,2.0607734806629834
bear_put,50,0.6,45,0.1,10,362,53,-0.047907230786929725,0.3453038674033149,0.3453038674033149,0.20934420070105259,-0.18358836553797522,-1.9238074971685946,0,5,2.143646408839779
bear_put,50,0.6,45,0.2,5,342,50,-0.032617852050946125,0.4415204678362573,0.39766081871345027,0.19420224788940893,-0.21193636038075558,-1.5792786765252367,1,5,2.9649122807017543
bear_put,50,0.6,45,0.2,10,339,50,-0.033567289291312634,0.4749262536873156,0.471976401179941,0.20792908940355945,-0.2519994070995958,-1.8036556668492945,1,5,3.5162241887905603
credit_uptrend,50,0.25,35,0.5,20,3457,514,0.01534261180215157,0.7905698582586057,0.6742840613248481,0.10721314852701815,-0.33241663593892923,2.3658524024328873,5,7,13.264969626844085
credit_uptrend,50,0.25,35,1.0,20,3419,508,0.018951397447892194,0.7964317051769523,0.6773910500146242,0.1069485037658753,-0.32631678771618267,2.8589251122076322,5,7,13.852588476162621
credit_uptrend,50,0.3,35,0.5,20,3659,544,-0.0017103023959997223,0.7671494943973763,0.6919923476359661,0.11436144017272439,-0.3850201628553039,1.037938919744857,4,7,12.186936321399289
credit_uptrend,50,0.3,35,1.0,20,3592,534,0.0037808186171241266,0.7758908685968819,0.6973830734966593,0.1140470946711012,-0.3789241768529059,1.6269344959306455,4,7,13.054287305122495
credit_pullback,50,0.25,35,0.5,20,1723,256,0.014930673972413225,0.7899013348810214,0.689495066744051,0.10848453392748836,-0.3377751526172191,3.219351413963192,4,7,13.066744051073709
credit_pullback,50,0.25,35,1.0,20,1723,256,0.01923249576747515,0.7951247823563552,0.6918165989553106,0.10822816156508182,-0.32714268077434616,3.3448731553607187,4,7,13.67382472431805
credit_pullback,50,0.3,35,0.5,20,1780,265,-0.00210379903114909,0.7691011235955056,0.6938202247191011,0.11550752840208314,-0.39481088989967333,1.3144009774932588,3,7,11.970786516853932
credit_pullback,50,0.3,35,1.0,20,1778,264,0.004535176165562006,0.7784026996625422,0.6996625421822272,0.11525657469968152,-0.3853844563311845,1.9480822037133836,4,7,12.91676040494938
debit_pullback,50,0.6,35,0.2,10,1183,195,-0.08284434643184647,0.44040574809805577,0.4260355029585799,0.16975413493246247,-0.2816416406777754,-6.356183363650746,0,7,3.4792899408284024
debit_pullback,50,0.6,35,0.3,10,1105,182,-0.07326892171317738,0.5285067873303168,0.5031674208144796,0.17020536897622715,-0.3461844414110895,-4.947496859752378,0,7,4.761990950226244
pullback_call,100,0.6,30,0.1,5,2546,419,-0.05431063248549171,0.3758837391987431,0.3652788688138256,0.21393430995841214,-0.21586532721098953,-2.5281175056699103,0,7,1.7937941869599372
pullback_call,100,0.6,30,0.1,10,2543,418,-0.05472934211503294,0.37554069996067635,0.37475422729060165,0.21745257707826585,-0.21841557185659485,-2.5689535907957173,0,7,1.8340542666142352
pullback_call,100,0.6,30,0.2,5,2388,393,-0.06197604932602112,0.4463986599664992,0.42085427135678394,0.2111223018617496,-0.28218999967864106,-2.673005021315466,0,7,2.4166666666666665
pullback_call,100,0.6,30,0.2,10,2375,391,-0.06345053687366041,0.4593684210526316,0.45642105263157895,0.21748461611605407,-0.30215789817566857,-2.8775292582243925,0,7,2.6442105263157893
pullback_call,100,0.6,45,0.1,5,2564,422,-0.05128803830923554,0.37324492979719187,0.35530421216848673,0.19431667608566952,-0.19755046001173968,-3.424886004784492,0,7,1.9742589703588143
pullback_call,100,0.6,45,0.1,10,2555,420,-0.051677132403047735,0.37338551859099806,0.3706457925636008,0.20032758610310056,-0.20184109333675512,-3.487268027228981,0,7,2.057142857142857
pullback_call,100,0.6,45,0.2,5,2399,395,-0.05580389907636567,0.4460191746561067,0.4080867027928303,0.19257958823939936,-0.2557815750943255,-2.91143286045188,0,7,2.6982075864943726
pullback_call,100,0.6,45,0.2,10,2370,390,-0.05728997899619806,0.4679324894514768,0.4611814345991561,0.2016913461891218,-0.2850538882987514,-3.1034351178360886,0,7,3.070464135021097
breakout_call,100,0.6,30,0.1,5,1432,236,-0.05384275286276442,0.34567039106145253,0.33589385474860334,0.2597358766178599,-0.21950062009105584,-7.772679818977973,0,7,1.6592178770949721
breakout_call,100,0.6,30,0.1,10,1430,236,-0.054316146662122776,0.34475524475524477,0.34405594405594403,0.2645060009837143,-0.2220635519869869,-7.514291489797075,0,7,1.7076923076923076
breakout_call,100,0.6,30,0.2,5,1413,233,-0.055592941188864896,0.41118188251946214,0.39065817409766457,0.2562353390565326,-0.2733480263121533,-7.3753866750221935,0,7,2.273177636234961
breakout_call,100,0.6,30,0.2,10,1407,232,-0.05917257603452334,0.4214641080312722,0.417910447761194,0.26281560023334505,-0.29374135800853557,-7.525659084281804,0,7,2.521677327647477
breakout_call,100,0.6,45,0.1,5,1465,218,-0.045371903635794,0.35017064846416385,0.33583617747440275,0.23553479141869949,-0.1967428433027637,-7.7487646963443275,0,7,1.8068259385665528
breakout_call,100,0.6,45,0.1,10,1462,218,-0.04564025825593144,0.35020519835841313,0.3488372093023256,0.24040441510542743,-0.19980328221489535,-7.676952575612342,0,7,1.8878248974008207
breakout_call,100,0.6,45,0.2,5,1440,215,-0.04500560926432252,0.4215277777777778,0.39305555555555555,0.2322956728481843,-0.2470726899873617,-7.1316657957766605,0,7,2.5243055555555554
breakout_call,100,0.6,45,0.2,10,1431,213,-0.0497111096985123,0.43745632424877706,0.4304682040531097,0.23775673362770175,-0.2732575319621272,-7.358923670573163,0,7,2.9545772187281623
trend_call,100,0.6,30,0.1,5,20654,3399,-0.06031540207044722,0.3489396727026242,0.3362060617798005,0.2128237787641228,-0.20670597813014427,-13.080593246223652,0,7,1.8273942093541202
trend_call,100,0.6,30,0.1,10,20342,3348,-0.060652107580390566,0.3480483728246977,0.3474093009536919,0.2186237345784758,-0.20974522796078374,-13.143290277896023,0,7,1.881329269491692
trend_call,100,0.6,30,0.2,5,17075,2810,-0.06327391572205764,0.4332064421669107,0.40152269399707174,0.20937563287147962,-0.27166291251337765,-11.062155058669171,0,7,2.5240409956076135
trend_call,100,0.6,30,0.2,10,16107,2651,-0.06524234727349743,0.4460172595765816,0.44266467995281555,0.2202644955529387,-0.2951068725301507,-11.157416955907903,0,7,2.794126777177625
trend_call,100,0.6,45,0.1,5,20048,2981,-0.054138132467708454,0.34836392657621706,0.3284118116520351,0.19560530801779755,-0.1876507004676146,-12.861090911077062,0,7,1.99780526735834
trend_call,100,0.6,45,0.1,10,19553,2907,-0.05432925045910669,0.34823300772260013,0.34690328849792873,0.20395511663292176,-0.19232817195389812,-12.852477915852916,0,7,2.091750626502327
trend_call,100,0.6,45,0.2,5,16308,2425,-0.05501556804238488,0.4359210203581064,0.3910963944076527,0.19032148753189299,-0.24461238596580498,-10.509953342796711,0,7,2.802550895266127
trend_call,100,0.6,45,0.2,10,14897,2215,-0.05662969319730236,0.4588172115190978,0.4517016849030006,0.20287942815403168,-0.2766426979648995,-10.50730791378803,0,7,3.2444116265019805
bear_put,100,0.6,30,0.1,5,739,107,-0.06168631034067282,0.3342354533152909,0.32070365358592695,0.2318704928775511,-0.20906137211892753,-1.68465067690859,0,5,1.7374830852503382
bear_put,100,0.6,30,0.1,10,739,107,-0.06336901538747931,0.3274695534506089,0.3274695534506089,0.23905213665219385,-0.21062438519351737,-1.8463394833937896,0,5,1.7780784844384303
bear_put,100,0.6,30,0.2,5,688,100,-0.06770165317194164,0.4127906976744186,0.38953488372093026,0.2210009738839261,-0.2706510246666605,-2.0163806226620813,0,5,2.433139534883721
bear_put,100,0.6,30,0.2,10,684,99,-0.07136380691669424,0.41812865497076024,0.4166666666666667,0.231706686291697,-0.28914813118202065,-1.9519497845835956,0,5,2.6973684210526314
bear_put,100,0.6,45,0.1,5,726,105,-0.06045903381823542,0.3236914600550964,0.29614325068870523,0.19172180415846002,-0.18115658356268233,-2.229628324111527,0,5,2.0234159779614327
bear_put,100,0.6,45,0.1,10,726,105,-0.06412719447284888,0.30991735537190085,0.3085399449035813,0.2043356652323071,-0.18469434703504464,-2.4509893262533793,0,5,2.12396694214876
bear_put,100,0.6,45,0.2,5,679,99,-0.057310091840285037,0.4050073637702504,0.35640648011782033,0.1852591507994994,-0.22242529413221754,-2.294222250865343,0,5,2.8880706921944035
bear_put,100,0.6,45,0.2,10,673,98,-0.06349700713347727,0.41901931649331353,0.4160475482912333,0.20306276846267968,-0.255747280069836,-2.3415361282006995,0,5,3.4383358098068353
credit_uptrend,100,0.25,35,0.5,20,6509,968,0.011525983806040262,0.7812259947764634,0.6613919188815486,0.10621182588769623,-0.32706579325810925,2.069005377847359,4,7,13.645874942387463
credit_uptrend,100,0.25,35,1.0,20,6440,957,0.01423449268348718,0.7864906832298136,0.6644409937888198,0.10602946813677719,-0.3243973723353867,2.131958751334489,4,7,14.212422360248448
credit_uptrend,100,0.3,35,0.5,20,6866,1021,-0.005499561955979121,0.7553160501019517,0.6769589280512671,0.113447105849233,-0.37311423373060965,0.3481563175495468,4,7,12.59131954558695
credit_uptrend,100,0.3,35,1.0,20,6751,1004,-0.002435406281723754,0.7641830839875574,0.68256554584506,0.11315602195825562,-0.3774896064641474,0.7830063680349983,3,7,13.406458302473707
credit_pullback,100,0.25,35,0.5,20,3288,489,0.010301146297580709,0.7813260340632603,0.6715328467153284,0.10733708120160136,-0.3368928881988386,2.9545607028153404,4,7,13.41940389294404
credit_pullback,100,0.25,35,1.0,20,3288,489,0.0132335949381929,0.7861922141119222,0.6736618004866181,0.1071143171261306,-0.33246678519830136,3.05194652319168,4,7,14.017944038929441
credit_pullback,100,0.3,35,0.5,20,3397,505,-0.008770914688209555,0.7530173682661172,0.6758904916102443,0.11462948817560359,-0.38545138070925256,0.6817287468970816,3,7,12.364733588460407
credit_pullback,100,0.3,35,1.0,20,3394,505,-0.0035851624606640154,0.7631113730111962,0.6812021213906895,0.11439498128361439,-0.38411887640547226,1.2766443441200048,4,7,13.293164407778432
debit_pullback,100,0.6,35,0.2,10,2305,379,-0.10800998093617978,0.3878524945770065,0.3752711496746204,0.16662086736645873,-0.2820142179188579,-9.416371226812357,0,7,3.5028199566160523
debit_pullback,100,0.6,35,0.3,10,2154,354,-0.10162893767061579,0.4763231197771588,0.4507892293407614,0.16582439723089587,-0.34489766250124604,-7.539144592835349,0,7,4.8844011142061285
