strategy,N,delta,width,dte,target,stop,hold,n,per_year,avg,win,hit_target,avg_win,avg_loss,t,yrs_pos,yrs,days
credit_uptrend,20,0.2,0.03,35,0.08,1.0,20,1525,227,0.022303811342376228,0.8268852459016394,0.7488524590163934,0.08975175132961898,-0.3023215792069105,3.9129172821733325,5,7,12.771147540983607
credit_uptrend,20,0.2,0.03,35,0.1,1.0,20,1375,204,0.02665463709382528,0.7978181818181819,0.6734545454545454,0.1046421756383971,-0.2833175722663026,3.260054693952278,5,7,14.429818181818181
credit_uptrend,20,0.2,0.03,35,0.15,1.0,20,1151,171,0.03817245606180629,0.7845351867940921,0.36142484795829716,0.12635683527257136,-0.2855287407972215,3.7744014844635188,5,7,17.883579496090356
credit_uptrend,20,0.2,0.05,35,0.08,1.0,20,1519,226,0.03153377280465075,0.8426596445029625,0.7537853851217906,0.08774010973545669,-0.27202787812965984,5.184667822659591,6,7,12.799868334430547
credit_uptrend,20,0.2,0.05,35,0.1,1.0,20,1366,203,0.035258201235305105,0.8184480234260615,0.6610541727672035,0.1018717060896701,-0.2674812232654268,5.0528403220130444,5,7,14.585651537335286
credit_uptrend,20,0.2,0.05,35,0.15,1.0,20,1131,168,0.04792598125604854,0.8054818744473917,0.27939876215738285,0.12083466747382908,-0.2567520606907316,5.64341730594867,5,7,18.25994694960212
credit_uptrend,20,0.2,0.08,35,0.08,1.0,20,1453,216,0.03546010658228686,0.8520302821748107,0.7205781142463867,0.08399673979699775,-0.24664483200838014,5.9074302009250035,6,7,13.532002752924983
credit_uptrend,20,0.2,0.08,35,0.1,1.0,20,1293,192,0.04114517515794305,0.8329466357308585,0.5661252900232019,0.09553339459688975,-0.23257497594367196,5.536909074530657,6,7,15.62877030162413
credit_uptrend,20,0.2,0.08,35,0.15,1.0,20,1117,166,0.05061450530159765,0.8290062667860341,0.1700984780662489,0.10909628463888581,-0.2359152707107243,6.1356970843555585,6,7,18.680393912264996
credit_uptrend,20,0.25,0.03,35,0.08,1.0,20,1606,239,0.005457885242108314,0.8088418430884184,0.7534246575342466,0.09688231954344308,-0.3839202792084945,1.518157078381918,3,7,12.028642590286426
credit_uptrend,20,0.25,0.03,35,0.1,1.0,20,1478,220,0.013515820171196026,0.7882273342354533,0.7070365358592693,0.11262199017080089,-0.3577339806311823,1.6750985889156544,4,7,13.234100135317997
credit_uptrend,20,0.25,0.03,35,0.15,1.0,20,1244,185,0.026898352084969143,0.7556270096463023,0.5401929260450161,0.14328715849569892,-0.33537144270339503,2.5051937877406534,5,7,16.186495176848876
credit_uptrend,20,0.25,0.05,35,0.08,1.0,20,1645,245,0.020650853653670483,0.8322188449848025,0.7762917933130699,0.09521851638006959,-0.35191531522384917,2.9520180917493186,5,7,11.719148936170212
credit_uptrend,20,0.25,0.05,35,0.1,1.0,20,1495,222,0.027140170421316275,0.8127090301003345,0.7204013377926421,0.10954928317448233,-0.33302915330205335,3.0518144057030927,5,7,13.109698996655519
credit_uptrend,20,0.25,0.05,35,0.15,1.0,20,1240,184,0.04081133211662959,0.785483870967742,0.5088709677419355,0.13797608862542163,-0.3176677316695955,3.771947681652727,5,7,16.350806451612904
credit_uptrend,20,0.25,0.08,35,0.08,1.0,20,1605,239,0.029105115460543958,0.8423676012461059,0.7713395638629283,0.09030604443315128,-0.30055088442377914,4.215674163669895,5,7,12.082242990654205
credit_uptrend,20,0.25,0.08,35,0.1,1.0,20,1435,213,0.03520193686117481,0.821602787456446,0.6961672473867596,0.105717798661978,-0.2921138153559392,4.4830557404948,5,7,13.708710801393728
credit_uptrend,20,0.25,0.08,35,0.15,1.0,20,1185,176,0.0502303248478967,0.8067510548523207,0.39662447257383965,0.127761248110304,-0.2762875722395985,6.427450229313372,6,7,17.356962025316456
credit_uptrend,20,0.3,0.03,35,0.08,1.0,20,1641,244,-0.012671727626811059,0.7830591102985984,0.7452772699573431,0.10362490556208945,-0.4348219356712663,-0.12325355989948655,3,7,11.597806215722121
credit_uptrend,20,0.3,0.03,35,0.1,1.0,20,1533,228,-0.007045973417615198,0.7625570776255708,0.7071102413568167,0.12058224838700464,-0.4191934631678931,-0.0452660228737009,3,7,12.669928245270711
credit_uptrend,20,0.3,0.03,35,0.15,1.0,20,1314,195,-0.0002575375338503316,0.7229832572298326,0.5745814307458144,0.1539717984736198,-0.4050030325810785,1.207229265662362,3,7,15.154490106544902
credit_uptrend,20,0.3,0.05,35,0.08,1.0,20,1700,253,0.007084220678271559,0.81,0.77,0.10113036939506818,-0.39634738923770635,1.3078590090158124,4,7,11.169411764705883
credit_uptrend,20,0.3,0.05,35,0.1,1.0,20,1582,235,0.01384126717367845,0.7926675094816688,0.7383059418457648,0.11730651793045052,-0.38415083236310726,2.062556662938214,4,7,12.27623261694058
credit_uptrend,20,0.3,0.05,35,0.15,1.0,20,1321,196,0.02582511566054639,0.7501892505677517,0.595003785011355,0.15244052746571748,-0.35672327793373587,2.57793762209457,5,7,15.103709311127933
credit_uptrend,20,0.3,0.08,35,0.08,1.0,20,1691,251,0.022829397911120597,0.826729745712596,0.7841513897102307,0.09713085553578997,-0.3341239964506932,3.401150661621042,5,7,11.287403903015967
credit_uptrend,20,0.3,0.08,35,0.1,1.0,20,1536,228,0.026394839177751064,0.8020833333333334,0.7259114583333334,0.11400618645527015,-0.33101304110669755,3.7917159572342816,5,7,12.671223958333334
credit_uptrend,20,0.3,0.08,35,0.15,1.0,20,1273,189,0.041922689245827656,0.7737627651217597,0.5420267085624509,0.14379255887192033,-0.30892284076012083,4.802747414032129,5,7,15.791044776119403
credit_pullback,20,0.2,0.03,35,0.08,1.0,20,748,123,0.013820912014296605,0.81951871657754,0.7526737967914439,0.09058968748267386,-0.337367590688056,1.9986511948200127,4,7,12.717914438502675
credit_pullback,20,0.2,0.03,35,0.1,1.0,20,715,118,0.02146372841334602,0.8027972027972028,0.676923076923077,0.10464851481871941,-0.3195938958486849,2.5457853982752914,4,7,14.275524475524476
credit_pullback,20,0.2,0.03,35,0.15,1.0,20,658,109,0.03972764670757384,0.7933130699088146,0.3844984802431611,0.12892937171670504,-0.3051856899944002,3.681253926411916,5,7,17.24468085106383
credit_pullback,20,0.2,0.05,35,0.08,1.0,20,748,123,0.02133267487800577,0.839572192513369,0.7580213903743316,0.08793135315861372,-0.33012925756083283,3.0868856064545924,4,7,12.772727272727273
credit_pullback,20,0.2,0.05,35,0.1,1.0,20,709,117,0.03139553968476338,0.8293370944992948,0.6685472496473907,0.10193978961145436,-0.3142712849560224,3.4635805164781472,5,7,14.581100141043724
credit_pullback,20,0.2,0.05,35,0.15,1.0,20,649,107,0.046208311346196046,0.8197226502311248,0.2835130970724191,0.1217164219660813,-0.3000875063243122,4.790574480172327,5,7,17.64869029275809
credit_pullback,20,0.2,0.08,35,0.08,1.0,20,723,119,0.029462953343393126,0.8506224066390041,0.706777316735823,0.08419617293209243,-0.2851251779374486,3.8305568840898996,5,7,13.715076071922544
credit_pullback,20,0.2,0.08,35,0.1,1.0,20,687,113,0.03898574681222727,0.8471615720524017,0.5473071324599709,0.09461638240705166,-0.27233184853573217,4.441667929289831,5,7,15.534206695778748
credit_pullback,20,0.2,0.08,35,0.15,1.0,20,639,105,0.04594811586393168,0.838810641627543,0.1705790297339593,0.1077679989968901,-0.2789093092269087,5.1416525969665035,6,7,18.115805946791863
credit_pullback,20,0.25,0.03,35,0.08,1.0,20,774,128,0.0024911438520584315,0.813953488372093,0.7648578811369509,0.09644040024973102,-0.4114111745432823,0.7127950650134184,4,7,11.925064599483203
credit_pullback,20,0.25,0.03,35,0.1,1.0,20,741,122,0.008726525185388856,0.796221322537112,0.7112010796221323,0.11187702513125809,-0.3969987746016968,1.228726394648344,4,7,13.132253711201079
credit_pullback,20,0.25,0.03,35,0.15,1.0,20,685,113,0.018060168987762693,0.7591240875912408,0.5430656934306569,0.1420517200676021,-0.37508377346050864,1.606275429090718,4,7,15.772262773722627
credit_pullback,20,0.25,0.05,35,0.08,1.0,20,783,129,0.015051924283632227,0.8301404853128991,0.7816091954022989,0.09557120093825457,-0.3814445137883718,2.366210270791718,4,7,11.680715197956577
credit_pullback,20,0.25,0.05,35,0.1,1.0,20,740,122,0.022214780613364914,0.8040540540540541,0.7216216216216216,0.11057602951893239,-0.3428889909061675,2.6943243653507625,4,7,13.136486486486486
credit_pullback,20,0.25,0.05,35,0.15,1.0,20,683,113,0.03458414322538132,0.7745241581259151,0.5095168374816984,0.13935908330764193,-0.3276769241178596,3.2252666937326833,4,7,16.020497803806734
credit_pullback,20,0.25,0.08,35,0.08,1.0,20,763,126,0.023839911090082322,0.8414154652686763,0.7693315858453473,0.09082632227431417,-0.33453738874555794,3.190320734044805,4,7,12.192660550458715
credit_pullback,20,0.25,0.08,35,0.1,1.0,20,726,120,0.029953074926848875,0.8223140495867769,0.6900826446280992,0.10508638578303421,-0.320473382738328,3.4446945779612648,4,7,13.764462809917354
credit_pullback,20,0.25,0.08,35,0.15,1.0,20,667,110,0.04268718254310338,0.7961019490254873,0.3823088455772114,0.12853282705034696,-0.2949723525187214,4.064047506778867,5,7,16.90104947526237
credit_pullback,20,0.3,0.03,35,0.08,1.0,20,779,129,-0.014476110150787733,0.7894736842105263,0.7432605905006419,0.10267606564912303,-0.456491988168856,-0.3525200123676319,3,7,11.602053915275995
credit_pullback,20,0.3,0.03,35,0.1,1.0,20,749,124,-0.0075385382118958785,0.7770360480640854,0.7036048064085447,0.11935235483843594,-0.45242106685824,0.19056393030511642,3,7,12.599465954606142
credit_pullback,20,0.3,0.03,35,0.15,1.0,20,708,117,0.00025160151139809055,0.7330508474576272,0.596045197740113,0.153846748192525,-0.4237690427838406,0.7554398396790756,3,7,14.769774011299434
credit_pullback,20,0.3,0.05,35,0.08,1.0,20,795,131,0.004334838239284067,0.8125786163522013,0.7761006289308177,0.10165165758807934,-0.42043992729667373,1.5572698762178554,4,7,11.182389937106919
credit_pullback,20,0.3,0.05,35,0.1,1.0,20,759,125,0.00990250331149563,0.7905138339920948,0.7299077733860343,0.11793256816471998,-0.4003382492956854,1.8081942608318207,4,7,12.396574440052701
credit_pullback,20,0.3,0.05,35,0.15,1.0,20,705,116,0.020993505294309402,0.7475177304964539,0.5900709219858156,0.15292363281766422,-0.3718154054673177,2.22699462384171,4,7,14.933333333333334
credit_pullback,20,0.3,0.08,35,0.08,1.0,20,783,129,0.016648736535540425,0.8212005108556832,0.7803320561941252,0.09772074667585735,-0.35838221684736454,2.53865492823017,4,7,11.425287356321839
credit_pullback,20,0.3,0.08,35,0.1,1.0,20,756,125,0.023012122033054413,0.8029100529100529,0.7248677248677249,0.11321411815574664,-0.34693795665933874,3.101144853704156,4,7,12.752645502645503
credit_pullback,20,0.3,0.08,35,0.15,1.0,20,689,114,0.0377294380535353,0.7692307692307693,0.5239477503628447,0.14370112432076368,-0.3177452057542561,3.4269551136169083,4,7,15.708272859216255
credit_uptrend,30,0.2,0.03,35,0.08,1.0,20,2187,325,0.016587014985122543,0.8212162780064015,0.7302240512117055,0.08822126694225832,-0.31414593235424987,3.1027683086952083,4,7,13.162780064014632
credit_uptrend,30,0.2,0.03,35,0.1,1.0,20,1988,296,0.020806026547099774,0.7937625754527163,0.6463782696177063,0.10242452591518814,-0.2948655224794773,3.0641854784992173,4,7,14.761066398390343
credit_uptrend,30,0.2,0.03,35,0.15,1.0,20,1684,250,0.032763699665369204,0.7773159144893111,0.32957244655581946,0.12394472963196457,-0.2872254912897872,3.878029326113904,5,7,18.106294536817103
credit_uptrend,30,0.2,0.05,35,0.08,1.0,20,2179,324,0.02728741815002366,0.8366223038090868,0.7351996328591097,0.08679401718673656,-0.27915475711530857,4.845819987116004,5,7,13.181734740706746
credit_uptrend,30,0.2,0.05,35,0.1,1.0,20,1972,293,0.03210256270082109,0.815922920892495,0.6374239350912779,0.09997087600959347,-0.2703908337363389,4.987974987395089,5,7,14.901115618661258
credit_uptrend,30,0.2,0.05,35,0.15,1.0,20,1661,247,0.04540780102059565,0.8037326911499096,0.25285972305839854,0.11847159380173927,-0.25564208590170917,5.669402976075886,5,7,18.410596026490065
credit_uptrend,30,0.2,0.08,35,0.08,1.0,20,2091,311,0.032971870318332826,0.8479196556671449,0.697274031563845,0.08298557325205334,-0.24764298823067496,5.84994587492204,5,7,13.910569105691057
credit_uptrend,30,0.2,0.08,35,0.1,1.0,20,1872,278,0.038184143579252094,0.8253205128205128,0.5411324786324786,0.09413408318878658,-0.227793261641458,6.1091183797200745,6,7,15.961538461538462
credit_uptrend,30,0.2,0.08,35,0.15,1.0,20,1639,244,0.04847423139926497,0.8230628431970713,0.14582062233068943,0.10654404381420367,-0.22352638300265276,6.229472053058319,6,7,18.769981696156194
credit_uptrend,30,0.25,0.03,35,0.08,1.0,20,2297,342,-0.0027312850355902846,0.7866782760121898,0.7326948193295603,0.09607179480280843,-0.36858613189621825,0.3030539603172168,3,7,12.434044405746626
credit_uptrend,30,0.25,0.03,35,0.1,1.0,20,2130,317,0.005377788890664685,0.7699530516431925,0.6854460093896714,0.1118081906001381,-0.35229815128051656,0.9633507947069686,3,7,13.626291079812207
credit_uptrend,30,0.25,0.03,35,0.15,1.0,20,1805,268,0.018314485920838515,0.7368421052631579,0.5013850415512465,0.14095838579275335,-0.3265404545223893,2.354248795201554,5,7,16.511911357340722
credit_uptrend,30,0.25,0.05,35,0.08,1.0,20,2357,350,0.015161518372274448,0.817988969028426,0.7590156979210861,0.09400121307115472,-0.34081724364046845,2.391015725011042,4,7,12.080186677980484
credit_uptrend,30,0.25,0.05,35,0.1,1.0,20,2150,320,0.022219135863971215,0.8,0.6995348837209302,0.10844576902893845,-0.32429910956533636,2.5974098170988116,5,7,13.450697674418604
credit_uptrend,30,0.25,0.05,35,0.15,1.0,20,1799,267,0.03571269505963882,0.7709838799332963,0.47693162868260147,0.13617703894139108,-0.3041508292427767,4.090244494250528,5,7,16.698721511951085
credit_uptrend,30,0.25,0.08,35,0.08,1.0,20,2298,342,0.024390278533123384,0.8298520452567449,0.7489120974760661,0.08938975514886476,-0.29425754127720777,2.7640461252572317,5,7,12.477371627502176
credit_uptrend,30,0.25,0.08,35,0.1,1.0,20,2063,307,0.032015473818329795,0.814348036839554,0.6703829374697043,0.10416839290771202,-0.2861391300403634,4.406927661310793,5,7,14.139117789626757
credit_uptrend,30,0.25,0.08,35,0.15,1.0,20,1726,257,0.04586329504574723,0.7931633835457705,0.3551564310544612,0.12544329743523439,-0.261024094450613,6.100732158726116,5,7,17.628041714947855
credit_uptrend,30,0.3,0.03,35,0.08,1.0,20,2347,349,-0.02315077654153131,0.7635279079676183,0.7234767788666383,0.1025207168304202,-0.4303900462025388,-1.0365070303445931,3,7,12.017895185342992
credit_uptrend,30,0.3,0.03,35,0.1,1.0,20,2197,327,-0.01646153120362556,0.7496586253982703,0.6859353664087392,0.11876271753869694,-0.4228745561645838,-0.9543298106455024,3,7,13.07419208010924
credit_uptrend,30,0.3,0.03,35,0.15,1.0,20,1901,283,-0.00943569458278954,0.7106785902156759,0.5507627564439769,0.15164766126281104,-0.40655907733353114,0.48307770323286997,3,7,15.435560231457128
credit_uptrend,30,0.3,0.05,35,0.08,1.0,20,2429,361,0.0002335418874613677,0.7933305887196377,0.7533964594483327,0.09990271680405227,-0.38389145824107995,0.6821574648590384,3,7,11.52573075339646
credit_uptrend,30,0.3,0.05,35,0.1,1.0,20,2265,337,0.006167438740173692,0.7774834437086092,0.7161147902869757,0.11587193850078042,-0.37867244986227344,1.2081988076305523,3,7,12.683443708609271
credit_uptrend,30,0.3,0.05,35,0.15,1.0,20,1916,285,0.018704757737870975,0.7353862212943633,0.5683716075156576,0.15094905719309348,-0.3502699312371954,2.3276656749453095,5,7,15.430584551148225
credit_uptrend,30,0.3,0.08,35,0.08,1.0,20,2418,359,0.017478701169505742,0.815550041356493,0.7650951199338296,0.09562390411887074,-0.3295986416596559,2.5278073372839245,5,7,11.658808933002481
credit_uptrend,30,0.3,0.08,35,0.1,1.0,20,2202,327,0.0199362618082315,0.790644868301544,0.706630336058129,0.11191488218217177,-0.3289412503290888,2.734001538744812,5,7,13.099455040871934
credit_uptrend,30,0.3,0.08,35,0.15,1.0,20,1844,274,0.03612538396532303,0.7603036876355749,0.5092190889370932,0.1415930125259713,-0.2999328324938335,4.766635923843264,5,7,16.15184381778742
credit_pullback,30,0.2,0.03,35,0.08,1.0,20,1106,182,0.012585857322374243,0.8137432188065099,0.744122965641953,0.08946296694311721,-0.324923404427229,1.9534675188414887,4,7,12.97739602169982
credit_pullback,30,0.2,0.03,35,0.1,1.0,20,1060,175,0.020150999279299475,0.7981132075471699,0.6632075471698113,0.10384544804265078,-0.31226920566809585,1.90561664175882,4,7,14.495283018867925
credit_pullback,30,0.2,0.03,35,0.15,1.0,20,974,161,0.0365071695656743,0.7864476386036962,0.3542094455852156,0.1267566884217463,-0.29745964900317196,2.958036549882496,4,7,17.470225872689937
credit_pullback,30,0.2,0.05,35,0.08,1.0,20,1103,182,0.02149508433869273,0.8359020852221215,0.7452402538531279,0.087250850166779,-0.3153205606251714,3.148679396366595,4,7,13.048050770625567
credit_pullback,30,0.2,0.05,35,0.1,1.0,20,1049,173,0.030061989401354468,0.8245948522402288,0.657769304099142,0.10083114824808609,-0.3044479690818305,2.7676415192856823,4,7,14.739752144899905
credit_pullback,30,0.2,0.05,35,0.15,1.0,20,961,159,0.045559088563209164,0.8147762747138397,0.2611862643080125,0.11999976325709044,-0.28374626898090977,3.867623584503574,5,7,17.807492195629553
credit_pullback,30,0.2,0.08,35,0.08,1.0,20,1070,177,0.028063191932180664,0.8476635514018691,0.688785046728972,0.08307220292579158,-0.27991935727278916,3.223506031617119,4,7,13.929906542056075
credit_pullback,30,0.2,0.08,35,0.1,1.0,20,1017,168,0.037216118038832596,0.8426745329400197,0.5270403146509341,0.09329365130886096,-0.26503825939773545,3.5960746370059633,4,7,15.757128810226156
credit_pullback,30,0.2,0.08,35,0.15,1.0,20,949,157,0.04637750057096682,0.8356164383561644,0.15806111696522657,0.1056828115779517,-0.25703612283896227,4.3603556409107,5,7,18.238145416227606
credit_pullback,30,0.25,0.03,35,0.08,1.0,20,1141,188,-0.002363833465980166,0.796669588080631,0.7484662576687117,0.09587477068385733,-0.3889391199257303,0.4353971369655503,4,7,12.255039439088518
credit_pullback,30,0.25,0.03,35,0.1,1.0,20,1095,181,0.005137958853845839,0.7817351598173516,0.6968036529680365,0.11153318754342673,-0.37752723340784,1.0359462162711226,4,7,13.39269406392694
credit_pullback,30,0.25,0.03,35,0.15,1.0,20,1017,168,0.016196619214909832,0.7472959685349065,0.5309734513274337,0.14190978460317422,-0.35701434053150005,1.1791697897744324,4,7,16.024582104228124
credit_pullback,30,0.25,0.05,35,0.08,1.0,20,1156,191,0.01348995656147191,0.8192041522491349,0.7681660899653979,0.09469492559592703,-0.35622689764828286,2.2393424631377785,4,7,11.947231833910035
credit_pullback,30,0.25,0.05,35,0.1,1.0,20,1094,181,0.021381565876307712,0.7979890310786106,0.7138939670932358,0.10955987845203086,-0.32852601084463007,2.5980247974224597,4,7,13.344606946983546
credit_pullback,30,0.25,0.05,35,0.15,1.0,20,1009,166,0.033725869873433505,0.7700693756194251,0.4975222993062438,0.1382477420521781,-0.31784770018234376,2.3735864327083647,4,7,16.243805748265608
credit_pullback,30,0.25,0.08,35,0.08,1.0,20,1126,186,0.023118573451131202,0.8330373001776199,0.7468916518650088,0.08930087547803447,-0.3088546848442446,3.4391252678486794,4,7,12.434280639431616
credit_pullback,30,0.25,0.08,35,0.1,1.0,20,1070,177,0.02871912043208384,0.8158878504672897,0.6719626168224299,0.10354134043224648,-0.30454515538496707,3.2608747827849642,4,7,13.991588785046728
credit_pullback,30,0.25,0.08,35,0.15,1.0,20,987,163,0.04313417714131322,0.795339412360689,0.3606889564336373,0.126166382359957,-0.2811458283145842,3.4261329692464275,5,7,17.109422492401215
credit_pullback,30,0.3,0.03,35,0.08,1.0,20,1148,189,-0.02186645151843427,0.7752613240418118,0.7282229965156795,0.10202933476179729,-0.4509218981698198,-0.8972771476607709,3,7,11.981707317073171
credit_pullback,30,0.3,0.03,35,0.1,1.0,20,1110,183,-0.01324083845509857,0.7666666666666667,0.69009009009009,0.11802658976366022,-0.44621983618441535,-0.19891486567329644,3,7,12.890990990990991
credit_pullback,30,0.3,0.03,35,0.15,1.0,20,1045,172,-0.005313678271288552,0.724401913875598,0.5779904306220096,0.15209471403439198,-0.4204988802761672,-0.24518098011723333,4,7,15.053588516746412
credit_pullback,30,0.3,0.05,35,0.08,1.0,20,1170,193,0.0003562360646845777,0.7982905982905983,0.7632478632478632,0.10094968909063233,-0.39944923255759285,1.160455059833601,4,7,11.491452991452991
credit_pullback,30,0.3,0.05,35,0.1,1.0,20,1125,186,0.007451889660985155,0.7795555555555556,0.7182222222222222,0.11739264365512557,-0.3829045526582907,1.659031395463689,4,7,12.639111111111111
credit_pullback,30,0.3,0.05,35,0.15,1.0,20,1038,171,0.018491697728914264,0.7408477842003853,0.5732177263969171,0.15157666530048397,-0.3633827054895078,1.1969056615626268,4,7,15.141618497109826
credit_pullback,30,0.3,0.08,35,0.08,1.0,20,1152,190,0.01517573188962396,0.8125,0.7638888888888888,0.09624150969437945,-0.3377431891580558,2.524144436328306,4,7,11.690104166666666
credit_pullback,30,0.3,0.08,35,0.1,1.0,20,1114,184,0.02086316483326391,0.7935368043087971,0.7073608617594255,0.11200564187241485,-0.3309706766628471,2.6860900860995094,4,7,13.01705565529623
credit_pullback,30,0.3,0.08,35,0.15,1.0,20,1020,168,0.03628232301536944,0.7637254901960784,0.503921568627451,0.14200252256846993,-0.30686782470073587,2.6902055996338308,4,7,15.902941176470588
credit_uptrend,50,0.2,0.03,35,0.08,1.0,20,3498,520,0.013069482241978922,0.8158947970268725,0.7175528873642081,0.0876601716273459,-0.31852214938705126,2.9897077387805084,4,7,13.490280160091482
credit_uptrend,50,0.2,0.03,35,0.1,1.0,20,3187,474,0.017167982716612927,0.7897709444618763,0.6256667712582366,0.10083593779050276,-0.2980898659674899,2.35985271424853,4,7,15.111703796673988
credit_uptrend,50,0.2,0.03,35,0.15,1.0,20,2697,401,0.029201533963180894,0.7771598071931776,0.28439006303299963,0.12043772272531746,-0.290048969618519,3.6440094875607527,5,7,18.270300333704117
credit_uptrend,50,0.2,0.05,35,0.08,1.0,20,3498,520,0.025174130691223862,0.8401943967981704,0.7244139508290451,0.08566722130990849,-0.2940165216037746,4.2795295464263665,5,7,13.475986277873071
credit_uptrend,50,0.2,0.05,35,0.1,1.0,20,3162,470,0.029893606671238394,0.8194180898165718,0.6144845034788109,0.09808814809644904,-0.2806372489222956,4.278828804662692,5,7,15.263124604680582
credit_uptrend,50,0.2,0.05,35,0.15,1.0,20,2669,397,0.04287308940146824,0.8104158860996628,0.21805919820157363,0.11480414935080974,-0.26583104288112236,4.683333510076349,5,7,18.471337579617835
credit_uptrend,50,0.2,0.08,35,0.08,1.0,20,3349,498,0.03109527414345693,0.848014332636608,0.6757240967452971,0.08192740497337989,-0.25364486699457306,5.058315433801798,5,7,14.284562555986861
credit_uptrend,50,0.2,0.08,35,0.1,1.0,20,2990,445,0.037153773060273794,0.8327759197324415,0.5030100334448161,0.09205922035319143,-0.23737346340431442,5.639090534244582,5,7,16.27959866220736
credit_uptrend,50,0.2,0.08,35,0.15,1.0,20,2644,393,0.04500363373234488,0.8290468986384266,0.12178517397881997,0.10237377648282917,-0.23445270606556967,5.026049195771393,5,7,18.763993948562785
credit_uptrend,50,0.25,0.03,35,0.08,1.0,20,3652,543,-0.004164837400342699,0.786144578313253,0.7223439211391018,0.09457116172703708,-0.3680557918223034,0.925572748505162,4,7,12.768072289156626
credit_uptrend,50,0.25,0.03,35,0.1,1.0,20,3384,503,0.0025826867192433557,0.7659574468085106,0.6669621749408984,0.1097132497350203,-0.34891404661859693,1.3291178220995659,4,7,13.977541371158392
credit_uptrend,50,0.25,0.03,35,0.15,1.0,20,2886,429,0.01341311415542438,0.7338877338877339,0.47435897435897434,0.13734278707858122,-0.3292540493579518,1.9558403640799775,4,7,16.771656271656273
credit_uptrend,50,0.25,0.05,35,0.08,1.0,20,3748,557,0.013537813673322935,0.8169690501600854,0.7491995731056563,0.09239007443578981,-0.33945286243000095,2.172963197806289,4,7,12.4076840981857
credit_uptrend,50,0.25,0.05,35,0.1,1.0,20,3419,508,0.018951397447892194,0.7964317051769523,0.6773910500146242,0.1069485037658753,-0.32631678771618267,2.8589251122076322,5,7,13.852588476162621
credit_uptrend,50,0.25,0.05,35,0.15,1.0,20,2865,426,0.03213234209990218,0.7731239092495636,0.443630017452007,0.13261735859949858,-0.31134653374362564,4.0291166718854345,5,7,16.971727748691098
credit_uptrend,50,0.25,0.08,35,0.08,1.0,20,3656,544,0.024168210181012822,0.8287746170678337,0.7355032822757112,0.0885090985388358,-0.28825629578726225,3.8795811271017464,5,7,12.832877461706783
credit_uptrend,50,0.25,0.08,35,0.1,1.0,20,3292,489,0.02975166313055315,0.8140947752126367,0.6403402187120292,0.10186267007238131,-0.2870639083515772,3.735510148112963,5,7,14.536148238153098
credit_uptrend,50,0.25,0.08,35,0.15,1.0,20,2753,409,0.043190594553655016,0.7940428623320015,0.316382128586996,0.12219613345988312,-0.26248393296672495,4.75861552305737,5,7,17.828913912095896
credit_uptrend,50,0.3,0.03,35,0.08,1.0,20,3728,554,-0.025293496866045703,0.7569742489270386,0.7097639484978541,0.10101878918367896,-0.4196002128310048,-1.1451151778744693,3,7,12.337714592274677
credit_uptrend,50,0.3,0.03,35,0.1,1.0,20,3494,519,-0.0214176174470443,0.7381224957069261,0.6674298797939324,0.11723049437685074,-0.41306436486634907,-1.1343319085881054,3,7,13.41242129364625
credit_uptrend,50,0.3,0.03,35,0.15,1.0,20,3042,452,-0.014260161502463732,0.7011834319526628,0.5282708744247205,0.1489487851494105,-0.39808009888774243,0.07122943188757828,3,7,15.724523339907956
credit_uptrend,50,0.3,0.05,35,0.08,1.0,20,3875,576,-0.0005204031224708546,0.7938064516129032,0.744,0.09833571777979362,-0.38205293498616666,0.9194158362271854,3,7,11.879483870967741
credit_uptrend,50,0.3,0.05,35,0.1,1.0,20,3592,534,0.0037808186171241266,0.7758908685968819,0.6973830734966593,0.1140470946711012,-0.3789241768529059,1.6269344959306455,4,7,13.054287305122495
credit_uptrend,50,0.3,0.05,35,0.15,1.0,20,3056,454,0.015269029786929638,0.7352748691099477,0.5471204188481675,0.14708446422355917,-0.35175610178569305,2.1741457954304972,4,7,15.768651832460733
credit_uptrend,50,0.3,0.08,35,0.08,1.0,20,3850,572,0.015537990402485892,0.8168831168831169,0.7516883116883117,0.09378510071992058,-0.33451487154393245,2.5869021097211404,5,7,12.017402597402597
credit_uptrend,50,0.3,0.08,35,0.1,1.0,20,3504,521,0.02109365792008197,0.797945205479452,0.6943493150684932,0.10939856752208571,-0.3286238027700065,3.352081507896326,5,7,13.433504566210045
credit_uptrend,50,0.3,0.08,35,0.15,1.0,20,2946,438,0.0331552184831851,0.7620502376103191,0.46877121520706044,0.13760066681075575,-0.3022954703514302,4.534231934397199,5,7,16.463000678886626
credit_pullback,50,0.2,0.03,35,0.08,1.0,20,1745,259,0.011138677468996933,0.8126074498567335,0.7260744985673352,0.08825272156591119,-0.3242837597378264,2.624990924477066,4,7,13.34269340974212
credit_pullback,50,0.2,0.03,35,0.1,1.0,20,1670,248,0.018539638282411258,0.7988023952095809,0.6419161676646706,0.10184174816197211,-0.31317682314843703,2.475689236949192,4,7,14.877245508982035
credit_pullback,50,0.2,0.03,35,0.15,1.0,20,1545,230,0.031667851828295054,0.7864077669902912,0.30097087378640774,0.12237293726450976,-0.30330685578568933,3.2046500049551563,4,7,17.733333333333334
credit_pullback,50,0.2,0.05,35,0.08,1.0,20,1746,260,0.020408873071765712,0.8356242840778924,0.7290950744558992,0.08601900939714846,-0.3142945846161134,3.778021339678834,4,7,13.352233676975946
credit_pullback,50,0.2,0.05,35,0.1,1.0,20,1653,246,0.027872299636303523,0.8239564428312159,0.6261343012704175,0.09888722458457569,-0.3056529685690299,3.39277535467219,4,7,15.143980641258318
credit_pullback,50,0.2,0.05,35,0.15,1.0,20,1529,227,0.04164489732071202,0.8181818181818182,0.2197514715500327,0.1160246305035985,-0.29427223701788363,4.285237084423192,5,7,17.99869195552649
credit_pullback,50,0.2,0.08,35,0.08,1.0,20,1688,251,0.02675686458099691,0.8483412322274881,0.6682464454976303,0.08155165435730656,-0.28095348428047534,3.748876356757093,4,7,14.274289099526067
credit_pullback,50,0.2,0.08,35,0.1,1.0,20,1613,240,0.03478500826679614,0.842529448233106,0.49659020458772474,0.09154210521614857,-0.270088093528342,4.483072514032656,4,7,16.121512709237447
credit_pullback,50,0.2,0.08,35,0.15,1.0,20,1515,225,0.04429810092076389,0.8402640264026403,0.13267326732673268,0.10233448009258166,-0.26225920482912835,5.054205260508891,5,7,18.34851485148515
credit_pullback,50,0.25,0.03,35,0.08,1.0,20,1795,267,-0.0053738438748390654,0.7916434540389972,0.7337047353760445,0.09488063438769655,-0.3873084648160271,0.6703111353870617,4,7,12.580501392757661
credit_pullback,50,0.25,0.03,35,0.1,1.0,20,1725,256,0.0029398389905701794,0.7773913043478261,0.6753623188405797,0.10978528545242695,-0.3711587085429805,1.638202453770848,4,7,13.753043478260869
credit_pullback,50,0.25,0.03,35,0.15,1.0,20,1606,239,0.01354472434013928,0.7471980074719801,0.5012453300124533,0.13857500274970666,-0.3569153598363565,1.6554802583889165,4,7,16.357409713574096
credit_pullback,50,0.25,0.05,35,0.08,1.0,20,1819,270,0.010812450164100198,0.8141836173721825,0.7570093457943925,0.09357013354660929,-0.35287932754953766,2.5581680271109892,4,7,12.229246838922485
credit_pullback,50,0.25,0.05,35,0.1,1.0,20,1723,256,0.01923249576747515,0.7951247823563552,0.6918165989553106,0.1082281615650818,-0.3271426807743462,3.3448731553607187,4,7,13.67382472431805
credit_pullback,50,0.25,0.05,35,0.15,1.0,20,1597,237,0.03161181735563018,0.7695679398872887,0.4664996869129618,0.13544400157947029,-0.31609868512692973,3.4907557617888605,4,7,16.570444583594238
credit_pullback,50,0.25,0.08,35,0.08,1.0,20,1776,264,0.021932036281379515,0.8333333333333334,0.7353603603603603,0.0881335025621075,-0.31019735387278136,4.033815572010074,4,7,12.701013513513514
credit_pullback,50,0.25,0.08,35,0.1,1.0,20,1686,251,0.027361292492714333,0.8167259786476868,0.6453143534994069,0.10136866074193514,-0.3035093116604579,3.829597071410669,4,7,14.351720047449584
credit_pullback,50,0.25,0.08,35,0.15,1.0,20,1562,232,0.04204554551773302,0.8015364916773368,0.3201024327784891,0.12245126576785716,-0.28374073847306125,4.235864251043916,5,7,17.35595390524968
credit_pullback,50,0.3,0.03,35,0.08,1.0,20,1811,269,-0.025952305165831368,0.7647708448371066,0.7117614577581447,0.10109837778030668,-0.4399880601785401,-0.7394273862585528,3,7,12.307012700165654
credit_pullback,50,0.3,0.03,35,0.1,1.0,20,1751,260,-0.017597482272822394,0.7538549400342661,0.6699029126213593,0.11726668520277247,-0.4315991126630206,-0.16713396463979377,3,7,13.254140491147915
credit_pullback,50,0.3,0.03,35,0.15,1.0,20,1645,245,-0.009248054174477612,0.715501519756839,0.547112462006079,0.14918214701026375,-0.4085464413146073,0.03614651527884156,3,7,15.44984802431611
credit_pullback,50,0.3,0.05,35,0.08,1.0,20,1845,274,-0.0026168169013194523,0.7967479674796748,0.753929539295393,0.09924151569953467,-0.4029690867495963,1.2422406544711266,4,7,11.742547425474255
credit_pullback,50,0.3,0.05,35,0.1,1.0,20,1778,264,0.004535176165562006,0.7784026996625422,0.6996625421822272,0.11525657469968152,-0.38538445633118457,1.9480822037133836,4,7,12.91676040494938
credit_pullback,50,0.3,0.05,35,0.15,1.0,20,1644,244,0.017104650452613022,0.7408759124087592,0.5480535279805353,0.1479897330724189,-0.35799659809073653,2.1868147645547875,4,7,15.530413625304137
credit_pullback,50,0.3,0.08,35,0.08,1.0,20,1827,272,0.012696435366326995,0.8117131910235359,0.7509578544061303,0.09450705296366474,-0.34102119115510704,2.9105918360430487,4,7,11.926655719759168
credit_pullback,50,0.3,0.08,35,0.1,1.0,20,1752,260,0.019640788231265135,0.7950913242009132,0.6906392694063926,0.10968080812595282,-0.3307104623645448,3.166186135829378,4,7,13.301940639269406
credit_pullback,50,0.3,0.08,35,0.15,1.0,20,1612,240,0.03417787655503668,0.7679900744416873,0.47084367245657566,0.13794101695958103,-0.3102156028573652,3.4057873699378165,4,7,16.241935483870968
